fid;gm_id;gm_length;UH_up;UH_dwn;UH_side;UH_within;alti_up;alti_dwn;TE_up;TE_dwn;TE_side;pente;gm_angle;gm_ordre;gm_ordre_l;up_side;type_mid;type_right;type_left;gm_out_p;dir_river;gm_angle_u;gm_angle_d;type_cen;type_amo;type_ava;gm_ent;gm_ent_l;gm_ent_p;gm_sort;sort_lo;sort_la;gm_sort_p;gm_abatt;indice_a;indice_e;sort_lo_up;sort_lo_dw;hist;hist_water;hist_mes;hist_phyto;hist_abat;hist_a_wat;hist_a_mes;hist_a_phy;hist_ab_la;h_a_la_wat;h_a_la_mes;h_a_la_phy;hist_ab_lo;h_a_lo_wat;h_a_lo_mes;h_a_lo_phy;hist_long;hist_lo_up;hist_lo_dw;hi_lo_ab_u;hi_lo_ab_d;gm_exut;type_cen_0;type_amo_0;type_ava_0;gm_ent_0;gm_ent_l_0;gm_ent_p_0;gm_sort_0;sort_lo_0;sort_la_0;gm_abatt_0;gm_exut_0;indice_a_0;indice_e_0
1;1;46.66;122;125;NULL;NULL;433.659;433.1222;64;298;NULL;1.15;0.833403848725276;453;339;right;310;0;0;125;NULL;0.0;0.0;310;0;0;686.4062238711456;61.76936563114571;624.6368582399999;686.4062238711456;686.4062238711456;0.0;NULL;0.0;0;0;0.0;0.0;NULL;NULL;;NULL;NULL;NULL;;NULL;;NULL;NULL;NULL;line_1: 0.0; line_64: 0.0;NULL;NULL;NULL;parcelle_122: 686.4062238711456; parcelle_121: 0.0;;;;;NULL;310;0;0;686.4062238711456;61.76936563114571;624.6368582399999;686.4062238711456;686.4062238711456;0.0;0.0;0.0;0;0
2;2;32.21;133;131;NULL;NULL;429.4059;427.4689;379, 214;275;NULL;NULL;0.0;574;424;left;700;0;0;130;379:different_direction, 214:dwn;0.90055;0.99904;700;0;0;0.0;0.0;0.0;0.0;0.0;0.0;NULL;0.0;0;0;0.0;0.0;NULL;NULL;parcelle_133: 0.0; parcelle_134: 0.0; parcelle_97: 0.0; parcelle_94: 0.0; parcelle_59: 0.0; parcelle_93: 0.0; parcelle_95: 0.0; parcelle_37: 0.0; parcelle_96: 0.0; parcelle_85: 0.0; parcelle_80: 0.0; parcelle_84: 0.0; parcelle_60: 0.0; parcelle_38: 0.0; parcelle_26: 0.0; parcelle_25: 0.0; parcelle_91: 0.0; parcelle_131: 0.0; parcelle_141: 0.0; parcelle_39: 0.0; parcelle_138: 0.0; parcelle_140: 0.0; parcelle_139: 0.0; parcelle_64: 0.0;NULL;NULL;NULL;parcelle_131: 1342.1702116852093; line_294: 0.0; line_107: 0.0; line_424: 0.0; parcelle_133: 255.18273764486648; line_378: 0.0; line_155: 0.0; line_261: 0.0; line_144: 0.0; line_372: 0.0; line_241: 0.0; line_324: 0.0; line_369: 0.07801623955599495; line_346: 0.0; line_310: 0.0; line_251: 0.0; line_365: 0.0; line_189: 0.0; line_385: 0.0; line_10: 0.0;NULL;;NULL;NULL;NULL;;NULL;NULL;NULL;;;;;;NULL;700;0;0;0.0;0.0;0.0;0.0;0.0;0.0;0.0;0.0;0;0
3;3;58.82;115;122;NULL;NULL;442.5027;439.5404;186, 211;25, 272;NULL;5.04;0.785856893175402;339;254;left;310;0;0;121;NULL;0.0;0.0;310;0;0;2074.0044320880515;1089.6318854880517;984.3725466;2074.0044320880515;2074.0044320880515;0.0;NULL;0.0;0;1;0.0;0.0;NULL;NULL;;NULL;NULL;NULL;;NULL;;NULL;NULL;NULL;line_3: 0.0; parcelle_23: 21.59104992750771; parcelle_6: 2.2700573; line_186: 0.0; line_348: 0.0; line_100: 63.05553824387569; line_212: 0.8870265368452527; line_211: 0.0;NULL;NULL;NULL;parcelle_112: 457.9855397688575; parcelle_36: 7.123817867798565; parcelle_35: 17.978401012993913; parcelle_13: 45.921709124850274; parcelle_12: 4.313234890917534; parcelle_113: 188.15920454755624; parcelle_23: 0.0; parcelle_114: 368.14997827507756; parcelle_115: 984.3725466; parcelle_6: 0.0;;;;;NULL;310;0;0;2074.0044320880515;1089.6318854880517;984.3725466;2074.0044320880515;2074.0044320880515;0.0;0.0;0.0;0;1
4;4;78.5;NULL;NULL;23;NULL;469.6728;465.1338;362;265, 276;NULL;5.78;0.0;252;190;right;0;0;0;6;NULL;0.0;0.0;0;0;0;0.0;0.0;0.0;0.0;0.0;0.0;NULL;0.0;999;99;0.0;0.0;NULL;NULL;NULL;NULL;NULL;NULL;NULL;NULL;NULL;NULL;NULL;NULL;NULL;NULL;NULL;NULL;NULL;NULL;NULL;NULL;NULL;NULL;0;0;0;0.0;0.0;0.0;0.0;0.0;0.0;0.0;0.0;999;99
5;5;40.29;23;115;NULL;NULL;463.8505;462.2514;49;321;NULL;3.97;0.584391303119172;259;195;left;0;0;0;116;NULL;0.0;0.0;0;0;0;0.0;0.0;0.0;0.0;0.0;0.0;NULL;0.0;999;99;0.0;0.0;NULL;NULL;NULL;NULL;NULL;NULL;NULL;NULL;NULL;NULL;NULL;NULL;NULL;NULL;NULL;NULL;NULL;NULL;NULL;NULL;NULL;NULL;0;0;0;0.0;0.0;0.0;0.0;0.0;0.0;0.0;0.0;999;99
6;6;82.03;49;31;NULL;NULL;452.1003;449.974;242;96, 359;NULL;2.59;0.890689361921507;354;266;right;0;0;0;30;NULL;0.0;0.0;0;0;0;0.0;0.0;0.0;0.0;0.0;0.0;NULL;0.0;999;99;0.0;0.0;NULL;NULL;NULL;NULL;NULL;NULL;NULL;NULL;NULL;NULL;NULL;NULL;NULL;NULL;NULL;NULL;NULL;NULL;NULL;NULL;NULL;NULL;0;0;0;0.0;0.0;0.0;0.0;0.0;0.0;0.0;0.0;999;99
7;7;83.48;10;11;NULL;NULL;452.2749;435.5854;260;266;NULL;19.99;0.479457860255907;381;286;right;0;0;0;27;NULL;0.0;0.0;0;0;0;0.0;0.0;0.0;0.0;0.0;0.0;NULL;0.0;999;99;0.0;0.0;NULL;NULL;NULL;NULL;NULL;NULL;NULL;NULL;NULL;NULL;NULL;NULL;NULL;NULL;NULL;NULL;NULL;NULL;NULL;NULL;NULL;NULL;0;0;0;0.0;0.0;0.0;0.0;0.0;0.0;0.0;0.0;999;99
8;8;12.74;137;46;NULL;NULL;437.5269;436.0075;103, 303;56, 164;NULL;11.93;0.545809508753722;466;348;left;310;0;0;129;NULL;0.0;0.0;310;0;0;11412.23350743562;11322.697961211541;89.53554622407832;11412.23350743562;11412.23350743562;0.0;NULL;0.0;0;7;0.0;0.0;NULL;NULL;;NULL;NULL;NULL;;NULL;;NULL;NULL;NULL;line_8: 0.0; line_103: 0.0; line_302: 0.0; line_375: 0.0; line_260: 0.0; line_167: 0.0; line_383: 0.0; line_155: 0.0; line_52: 0.0; line_99: 0.0; line_15: 0.0; line_204: 0.0; line_241: 0.0; line_324: 0.0; line_369: 2.7135124057671987; line_346: 0.0; line_361: 0.0; line_409: 0.0; line_108: 0.0; line_319: 0.0; line_20: 0.0; line_36: 0.0; line_393: 0.0; line_82: 0.0; line_22: 0.0;NULL;NULL;NULL;parcelle_85: 19.816238530802217; parcelle_80: 5.229966769488877; parcelle_84: 0.0; parcelle_92: 3654.0606496319997; parcelle_35: 969.2855746664823; parcelle_93: 0.0; parcelle_95: 52.321211093; parcelle_59: 25.508330355494124; parcelle_135: 853.29152; parcelle_106: 719.5128; parcelle_13: 955.9018905237725; parcelle_36: 28.590969936899988; parcelle_107: 2494.72436; parcelle_12: 365.70651587968007; parcelle_109: 734.6002740960002; parcelle_136: 321.07055999999994; parcelle_137: 212.612645952;;;;;NULL;310;0;0;11412.23350743562;11322.697961211541;89.53554622407832;11412.23350743562;11412.23350743562;0.0;0.0;0.0;0;7
9;9;8.51;103;68;NULL;NULL;468.7557;466.6813;119;388;NULL;24.38;0.212518777230129;209;159;left;0;0;0;43;NULL;0.0;0.0;0;0;0;0.0;0.0;0.0;0.0;0.0;0.0;NULL;0.0;999;99;0.0;0.0;NULL;NULL;NULL;NULL;NULL;NULL;NULL;NULL;NULL;NULL;NULL;NULL;NULL;NULL;NULL;NULL;NULL;NULL;NULL;NULL;NULL;NULL;0;0;0;0.0;0.0;0.0;0.0;0.0;0.0;0.0;0.0;999;99
10;10;67.22;25;38;NULL;NULL;470.7127;465.265;221;111, 385;NULL;8.1;0.22256954997116;234;176;right;310;0;0;53;NULL;0.0;0.0;310;0;0;141.31056481152;0.0;141.31056481152;141.31056481152;141.31056481152;0.0;NULL;0.0;0;0;0.0;0.0;NULL;NULL;;NULL;NULL;NULL;;NULL;;NULL;NULL;NULL;line_10: 0.0;NULL;NULL;NULL;parcelle_25: 134.81250432000002; parcelle_26: 6.4980604915199995;;;;;NULL;310;0;0;141.31056481152;0.0;141.31056481152;141.31056481152;141.31056481152;0.0;0.0;0.0;0;0
11;11;92.68;105;103;NULL;NULL;484.1913;483.7922;253;110;NULL;0.43;0.964188042068157;130;99;right;420;0;0;103;NULL;0.0;0.0;420;0;0;0.0;0.0;0.0;0.0;0.0;0.0;NULL;0.0;0;0;0.0;0.0;NULL;NULL;parcelle_105: 0.0; parcelle_89: 0.0; parcelle_88: 0.0; parcelle_78: 0.0; parcelle_74: 0.0;NULL;NULL;NULL;;NULL;line_11: 0.0; parcelle_105: 407.1542139519542; parcelle_88: 9.214863286927024; parcelle_78: 1.031573641147243; parcelle_74: 0.00564539747621084;NULL;NULL;NULL;line_11: 0.0; line_253: 0.0;NULL;NULL;NULL;parcelle_105: 0.0; parcelle_89: 0.0; parcelle_88: 0.0; parcelle_78: 0.0; parcelle_74: 0.0;;;;;NULL;420;0;0;0.0;0.0;0.0;0.0;0.0;0.0;0.0;0.0;0;0
12;12;58.27;57;101;NULL;NULL;481.4821;469.1432;256;259;NULL;21.18;0.380424828643258;194;147;right;310;0;0;102;NULL;0.0;0.0;310;0;0;356.51971292328545;0.0;356.51971292328545;356.51971292328545;356.51971292328545;0.0;NULL;0.0;0;0;0.0;0.0;NULL;NULL;;NULL;NULL;NULL;;NULL;;NULL;NULL;NULL;line_12: 0.0; line_292: 0.0; line_165: 0.0; line_421: 0.0; line_326: 0.0; line_419: 0.0;NULL;NULL;NULL;parcelle_57: 301.43099376000004; parcelle_33: 6.180855361375739; parcelle_32: 0.688651061458243; parcelle_21: 0.02767666756500921; parcelle_44: 0.002611769366452443; parcelle_58: 48.188924303520004;;;;;NULL;310;0;0;356.51971292328545;0.0;356.51971292328545;356.51971292328545;356.51971292328545;0.0;0.0;0.0;0;0
13;13;46.65;78;98;NULL;NULL;508.4611;508.3805;336, 200;309, 299;NULL;0.17;0.832341273840664;69;53;left;0;0;0;98;NULL;0.0;0.0;0;0;0;0.0;0.0;0.0;0.0;0.0;0.0;NULL;0.0;999;99;0.0;0.0;NULL;NULL;NULL;NULL;NULL;NULL;NULL;NULL;NULL;NULL;NULL;NULL;NULL;NULL;NULL;NULL;NULL;NULL;NULL;NULL;NULL;NULL;0;0;0;0.0;0.0;0.0;0.0;0.0;0.0;0.0;0.0;999;99
14;14;70.17;124;50;NULL;NULL;425.7049;424.0797;271;137;NULL;2.32;0.997211245285634;487;360;left;500;0;0;50;NULL;0.0;0.0;500;0;0;3107.103699305997;250.0310157587937;2857.0726835472033;3107.103699305997;3107.103699305997;0.0;50.0;0.0;0;2;0.0;0.0;NULL;NULL;;NULL;NULL;NULL;;NULL;;NULL;NULL;NULL;line_14: 0.0; line_162: 0.0; line_249: 0.0; line_193: 0.0; parcelle_6: 0.14512952098305043; parcelle_23: 0.18966818318554518; line_290: 0.0; line_272: 0.0; line_3: 0.0; line_186: 0.0; line_348: 0.0; line_100: 24.64493713929041; line_212: 0.34668982059727255; line_211: 0.0; line_381: 0.0; line_323: 0.0; line_271: 0.0; line_64: 0.0;NULL;NULL;NULL;parcelle_122: 182.26973354831006; parcelle_121: 0.0; parcelle_124: 926.9565218507462; parcelle_120: 180.5928994576836; parcelle_118: 0.0; parcelle_22: 28.71913834107858; parcelle_28: 167.098179730469; parcelle_116: 385.61747127259883; parcelle_6: 0.0; parcelle_23: 0.0; parcelle_112: 179.00132411293373; parcelle_36: 2.7843080629115313; parcelle_35: 7.026766802251889; parcelle_13: 17.948266975908886; parcelle_12: 1.685805969057463; parcelle_113: 73.54107025965793; parcelle_114: 143.8895507850437; parcelle_115: 809.9726621373457;;;;;NULL;500;0;0;3107.103699305997;250.0310157587937;2857.0726835472033;3107.103699305997;3107.103699305997;0.0;0.0;0.0;0;2
15;15;171.73;92;59;NULL;NULL;478.7623;471.2594;204, 90;264, 99;NULL;4.37;0.95538152550332;182;138;left;500;0;0;93;NULL;0.0;0.0;500;0;0;2966.459113758243;25.046205300291096;2941.4129084579517;2966.459113758243;2966.459113758243;0.0;NULL;0.0;0;2;0.0;0.0;NULL;NULL;;NULL;NULL;NULL;;NULL;;NULL;NULL;NULL;line_15: 0.0; line_204: 0.0; line_241: 0.0; line_324: 0.0; line_369: 2.7135124057671987; line_346: 0.0;NULL;NULL;NULL;parcelle_85: 19.816238530802217; parcelle_80: 5.229966769488877; parcelle_84: 0.0; parcelle_92: 2699.3961555839996; parcelle_35: 242.01675287395204;;;;;NULL;500;0;0;2966.459113758243;25.046205300291096;2941.4129084579517;2966.459113758243;2966.459113758243;0.0;0.0;0.0;0;2
16;16;39.33;109;137;NULL;NULL;457.1563;453.6235;108;53, 278;NULL;8.98;0.914041698281221;271;204;left;0;0;0;108;NULL;0.0;0.0;0;0;0;0.0;0.0;0.0;0.0;0.0;0.0;NULL;0.0;999;99;0.0;0.0;NULL;NULL;NULL;NULL;NULL;NULL;NULL;NULL;NULL;NULL;NULL;NULL;NULL;NULL;NULL;NULL;NULL;NULL;NULL;NULL;NULL;NULL;0;0;0;0.0;0.0;0.0;0.0;0.0;0.0;0.0;0.0;999;99
17;17;6.26;NULL;NULL;149;NULL;415.3;415.1;203, 71;405, 123;NULL;3.19;0.0;550;403;right;0;0;0;71;NULL;0.0;0.0;0;0;0;0.0;0.0;0.0;0.0;0.0;0.0;NULL;0.0;999;99;0.0;0.0;NULL;NULL;NULL;NULL;NULL;NULL;NULL;NULL;NULL;NULL;NULL;NULL;NULL;NULL;NULL;NULL;NULL;NULL;NULL;NULL;NULL;NULL;0;0;0;0.0;0.0;0.0;0.0;0.0;0.0;0.0;0.0;999;99
18;18;42.6;69;68;NULL;NULL;468.7557;467.3188;119;250;NULL;3.37;0.203299987400121;226;171;right;0;0;0;68;NULL;0.0;0.0;0;0;0;0.0;0.0;0.0;0.0;0.0;0.0;NULL;0.0;999;99;0.0;0.0;NULL;NULL;NULL;NULL;NULL;NULL;NULL;NULL;NULL;NULL;NULL;NULL;NULL;NULL;NULL;NULL;NULL;NULL;NULL;NULL;NULL;NULL;0;0;0;0.0;0.0;0.0;0.0;0.0;0.0;0.0;0.0;999;99
19;19;54.57;141;130;NULL;NULL;435.5708;434.0418;338;174;NULL;2.8;0.98023666197771;442;331;left;420;0;0;130;NULL;0.0;0.0;420;0;0;2015.4130975917244;987.2341061365951;1028.1789914551293;1960.4308564343464;952.5721139347619;1007.8587424995844;130.0;54.982241157378084;3;1;0.0;0.0;NULL;NULL;parcelle_141: 290.1001770648947; parcelle_39: 122.60470996166195; parcelle_138: 211.40208928180846; parcelle_140: 354.2774096437686; parcelle_139: 20.75142088471619; parcelle_64: 8.72293566273449;NULL;NULL;NULL;;NULL;line_19: 0.0; line_107: 0.0; line_424: 0.0;NULL;NULL;NULL;line_19: 54.982241157378084; line_338: 27.04056267039434; line_83: 0.0; line_410: 0.0; line_307: 0.0; line_225: 0.0; line_350: 0.0;NULL;NULL;NULL;parcelle_24: 532.6759537989624; parcelle_140: 132.23256673499648; parcelle_39: 28.15858881667483; parcelle_138: 47.63694712379721; parcelle_15: 130.24927051815732; parcelle_40: 1.1347852336941486; parcelle_47: 32.09487944208268; parcelle_141: 43.92619392671859; parcelle_139: 3.1421247213961343; parcelle_64: 1.3208036182820098;;;;;NULL;420;0;0;2015.4130975917244;987.2341061365951;1028.1789914551293;1960.4308564343464;952.5721139347619;1007.8587424995844;54.982241157378084;0.0;3;1
20;20;101.05;107;135;NULL;NULL;465.3665;463.6493;36, 22;319;NULL;1.7;0.891797529605214;223;169;left;310;0;0;135;NULL;0.0;0.0;310;0;0;6612.14538055358;3265.1094195854166;3347.035960968164;6612.14538055358;6612.14538055358;0.0;NULL;0.0;0;4;0.0;0.0;NULL;NULL;;NULL;NULL;NULL;;NULL;;NULL;NULL;NULL;line_20: 0.0; line_36: 0.0; line_393: 0.0; line_99: 0.0; line_15: 0.0; line_204: 0.0; line_241: 0.0; line_324: 0.0; line_369: 0.9561900858417747; line_346: 0.0; line_82: 0.0; line_22: 0.0;NULL;NULL;NULL;parcelle_85: 6.982865006092209; parcelle_80: 1.8429406711532232; parcelle_84: 0.0; parcelle_92: 1751.9077566198855; parcelle_35: 740.6407743069408; parcelle_106: 719.5128; parcelle_13: 764.58293445872; parcelle_36: 22.868631090789115; parcelle_107: 2494.72436; parcelle_12: 109.08231840000002;;;;;NULL;310;0;0;6612.14538055358;3265.1094195854166;3347.035960968164;6612.14538055358;6612.14538055358;0.0;0.0;0.0;0;4
21;21;41.21;117;119;NULL;NULL;434.1564;431.7071;224, 353;87;NULL;5.94;0.961836880762286;475;354;left;0;0;0;119;NULL;0.0;0.0;0;0;0;0.0;0.0;0.0;0.0;0.0;0.0;NULL;0.0;999;99;0.0;0.0;NULL;NULL;NULL;NULL;NULL;NULL;NULL;NULL;NULL;NULL;NULL;NULL;NULL;NULL;NULL;NULL;NULL;NULL;NULL;NULL;NULL;NULL;0;0;0;0.0;0.0;0.0;0.0;0.0;0.0;0.0;0.0;999;99
22;22;102.97;106;107;NULL;NULL;478.6793;465.3665;116;20;NULL;12.93;0.407533706905915;198;150;right;310;0;0;135;NULL;0.0;0.0;310;0;0;564.5216396642325;0.0;564.5216396642325;564.5216396642325;564.5216396642325;0.0;NULL;0.0;0;0;0.0;0.0;NULL;NULL;;NULL;NULL;NULL;;NULL;;NULL;NULL;NULL;line_22: 0.0;NULL;NULL;NULL;parcelle_106: 301.4758632; parcelle_35: 173.59732565883849; parcelle_13: 86.85074992752; parcelle_36: 2.5977008778739195;;;;;NULL;310;0;0;564.5216396642325;0.0;564.5216396642325;564.5216396642325;564.5216396642325;0.0;0.0;0.0;0;0
23;23;51.41;94;45;NULL;NULL;449.948;449.7055;70;89;NULL;0.47;0.989801109277526;370;278;right;420;0;0;45;NULL;0.0;0.0;420;0;0;6635.735264545207;1163.9343352352919;5471.800929309916;6573.028398501479;1157.0337689247274;5415.994629576752;NULL;62.706866043728304;1;4;0.0;0.0;NULL;NULL;parcelle_94: 395.27497190353245; parcelle_59: 1726.5895830976401; parcelle_93: 0.0; parcelle_95: 271.2193274224397; parcelle_37: 330.1861245613571; parcelle_96: 1.167454635891573; parcelle_85: 26.951244701414527; parcelle_80: 7.113061036566707; parcelle_84: 0.0; parcelle_60: 794.7006692743325; parcelle_38: 193.08233290548853; parcelle_26: 296.28295683250866; parcelle_25: 20.01871504080714; parcelle_91: 1353.4081881647728;NULL;NULL;NULL;;NULL;line_23: 0.0; line_378: 0.0; line_155: 0.0; line_261: 0.0; line_144: 0.0; line_372: 0.0; line_241: 0.0; line_324: 0.0; line_369: 2.952428604832511; line_346: 0.0; line_310: 0.0; line_251: 0.0; line_365: 0.0; line_189: 0.0; line_385: 0.0; line_10: 0.0;NULL;NULL;NULL;line_23: 62.706866043728304; line_70: 5.003052017441701; line_261: 4.8295626550500685; line_378: 68.0137544001387; line_155: 93.10930029396022;NULL;NULL;NULL;parcelle_59: 1118.283384792771; parcelle_93: 0.0; parcelle_95: 4.414071760788079; parcelle_96: 0.01801315116066091; parcelle_94: 3.9698835974073976; parcelle_37: 3.316173735147467; parcelle_85: 0.2706806954020111; parcelle_80: 0.07143893831789423; parcelle_84: 0.0; parcelle_60: 7.981454369872941; parcelle_38: 1.9391928172414687; parcelle_26: 2.9756724663250274; parcelle_25: 0.20105489628892642; parcelle_91: 13.59274770400453;;;;;NULL;420;0;0;6635.735264545207;1163.9343352352919;5471.800929309916;6573.028398501479;1157.0337689247274;5415.994629576752;62.706866043728304;0.0;1;4
24;24;60.53;74;4;NULL;NULL;513.7496;510.8466;423;200, 192;NULL;4.8;0.281839122540588;66;51;right;0;0;0;4;NULL;0.0;0.0;0;0;0;0.0;0.0;0.0;0.0;0.0;0.0;NULL;0.0;999;99;0.0;0.0;NULL;NULL;NULL;NULL;NULL;NULL;NULL;NULL;NULL;NULL;NULL;NULL;NULL;NULL;NULL;NULL;NULL;NULL;NULL;NULL;NULL;NULL;0;0;0;0.0;0.0;0.0;0.0;0.0;0.0;0.0;0.0;999;99
25;25;32.98;121;122;NULL;NULL;439.5404;434.8012;3, 381;64;NULL;14.37;0.179489052822462;447;334;left;0;0;0;124;NULL;0.0;0.0;0;0;0;0.0;0.0;0.0;0.0;0.0;0.0;NULL;0.0;999;99;0.0;0.0;NULL;NULL;NULL;NULL;NULL;NULL;NULL;NULL;NULL;NULL;NULL;NULL;NULL;NULL;NULL;NULL;NULL;NULL;NULL;NULL;NULL;NULL;0;0;0;0.0;0.0;0.0;0.0;0.0;0.0;0.0;0.0;999;99
26;26;4.25;32;100;NULL;NULL;498.1874;497.2602;165;101, 326;NULL;21.82;0.047106450709643;121;92;right;420;0;0;100;NULL;0.0;0.0;420;0;0;178.92760262628158;160.69966437447312;18.22793825180846;178.17080959238777;177.31215611759052;0.8586534747972314;NULL;0.7567930338938085;0;0;0.0;0.0;NULL;NULL;parcelle_32: 0.8224789821234708; parcelle_21: 0.03305516921622975; parcelle_44: 0.003119323457532089;NULL;NULL;NULL;;NULL;line_26: 0.0; line_165: 0.0; line_421: 0.0;NULL;NULL;NULL;line_26: 0.7567930338938085; line_165: 12.468077408364294;NULL;NULL;NULL;parcelle_21: 146.88428022307312; parcelle_44: 13.861056884790864; parcelle_32: 16.56681900972655;;;;;NULL;420;0;0;178.92760262628158;160.69966437447312;18.22793825180846;178.17080959238777;177.31215611759052;0.8586534747972314;0.7567930338938085;0.0;0;0
27;27;144.43;137;128;NULL;NULL;446.535;436.0075;53;56, 164;NULL;7.29;0.891560513110529;388;292;right;310;0;0;129;NULL;0.0;0.0;310;0;0;2015.1416127311288;19.778011165955125;1995.3636015651737;2015.1416127311288;2015.1416127311288;0.0;NULL;0.0;0;1;0.0;0.0;NULL;NULL;;NULL;NULL;NULL;;NULL;;NULL;NULL;NULL;line_27: 0.0; line_53: 1.4646838192284046;NULL;NULL;NULL;parcelle_137: 996.9145596340599; parcelle_109: 642.0129403136352; parcelle_12: 188.6500557479214; parcelle_13: 140.6427456248125; parcelle_35: 42.71469507081721; parcelle_36: 4.206616339882723;;;;;NULL;310;0;0;2015.1416127311288;19.778011165955125;1995.3636015651737;2015.1416127311288;2015.1416127311288;0.0;0.0;0.0;0;1
28;28;20.17;12;110;NULL;NULL;474.268;473.6037;313;364, 74;NULL;3.29;0.439939169855915;204;155;right;0;0;0;110;NULL;0.0;0.0;0;0;0;0.0;0.0;0.0;0.0;0.0;0.0;NULL;0.0;999;99;0.0;0.0;NULL;NULL;NULL;NULL;NULL;NULL;NULL;NULL;NULL;NULL;NULL;NULL;NULL;NULL;NULL;NULL;NULL;NULL;NULL;NULL;NULL;NULL;0;0;0;0.0;0.0;0.0;0.0;0.0;0.0;0.0;0.0;999;99
29;29;48.18;80;85;NULL;NULL;500.454;498.5594;374;344, 392;NULL;3.93;0.808401023617453;83;64;right;420;0;0;84;NULL;0.0;0.0;420;0;0;372.75932286599993;0.0;372.75932286599993;369.31829258564176;67.97927441781876;301.339018167823;84.0;3.4410302803581647;1;0;0.0;0.0;NULL;NULL;parcelle_80: 301.33901816782304;NULL;NULL;NULL;;NULL;line_29: 0.0;NULL;NULL;NULL;line_29: 3.4410302803581647;NULL;NULL;NULL;parcelle_80: 67.97927441781876;;;;;NULL;420;0;0;372.75932286599993;0.0;372.75932286599993;369.31829258564176;67.97927441781876;301.339018167823;3.4410302803581647;0.0;1;0
30;30;84.76;NULL;NULL;47;NULL;455.2818;454.7019;NULL;410, 262;NULL;0.68;0.0;340;255;left;0;0;0;47;NULL;0.0;0.0;0;0;0;0.0;0.0;0.0;0.0;0.0;0.0;NULL;0.0;999;99;0.0;0.0;NULL;NULL;NULL;NULL;NULL;NULL;NULL;NULL;NULL;NULL;NULL;NULL;NULL;NULL;NULL;NULL;NULL;NULL;NULL;NULL;NULL;NULL;0;0;0;0.0;0.0;0.0;0.0;0.0;0.0;0.0;0.0;999;99
31;31;49.2;7;8;NULL;NULL;455.9235;455.6144;141;370;NULL;0.63;0.891006524188368;276;208;left;0;0;0;8;NULL;0.0;0.0;0;0;0;0.0;0.0;0.0;0.0;0.0;0.0;NULL;0.0;999;99;0.0;0.0;NULL;NULL;NULL;NULL;NULL;NULL;NULL;NULL;NULL;NULL;NULL;NULL;NULL;NULL;NULL;NULL;NULL;NULL;NULL;NULL;NULL;NULL;0;0;0;0.0;0.0;0.0;0.0;0.0;0.0;0.0;0.0;999;99
32;32;37.57;82;42;NULL;NULL;494.8329;491.5693;300, 202;NULL;NULL;8.69;0.377194315187377;115;88;left;310;0;0;87;NULL;0.0;0.0;310;0;0;4879.702787103826;4582.375052707724;297.3277343961031;4879.702787103826;4879.702787103826;0.0;87.0;0.0;0;3;0.0;0.0;NULL;NULL;;NULL;NULL;NULL;;NULL;;NULL;NULL;NULL;line_32: 0.0; line_121: 0.0; parcelle_150: 9.685785541625394; line_247: 0.0; line_340: 0.0; line_268: 0.0; parcelle_1: 1282.6925662377337; line_243: 0.0; parcelle_51: 152.405547397076; line_190: 0.0; line_423: 0.0; line_246: 0.0; line_62: 0.0; line_406: 0.0; line_58: 0.0; line_37: 0.0; line_205: 0.0; line_398: 0.0; line_166: 0.0; line_352: 0.0; line_72: 0.0; line_300: 0.0; line_209: 0.0; parcelle_78: 2.2728451875799998; parcelle_74: 11.57282368962324; line_176: 0.0;NULL;NULL;NULL;parcelle_3: 266.4728; parcelle_4: 147.97678016; parcelle_78: 0.0; parcelle_74: 0.0; parcelle_56: 572.4478137330453; parcelle_51: 0.0; parcelle_1: 0.0; parcelle_72: 91.54849140205893; parcelle_52: 1511.9569703250972; parcelle_75: 216.35271469330888; parcelle_76: 435.38973687602595; parcelle_77: 429.5453646669547; parcelle_79: 835.2277021321814; parcelle_150: 0.0; parcelle_2: 244.09785796624396; parcelle_82: 45.526574177; parcelle_81: 83.15998097191033;;;;;NULL;310;0;0;4879.702787103826;4582.375052707724;297.3277343961031;4879.702787103826;4879.702787103826;0.0;0.0;0.0;0;3
33;33;29.11;27;129;NULL;NULL;423.5062;419.2944;77, 56;97;NULL;14.47;0.793140794135794;496;368;right;310;0;0;129;NULL;0.0;0.0;310;0;0;9892.908501524751;9892.908501524751;0.0;9892.908501524751;9892.908501524751;0.0;NULL;0.0;0;6;0.0;0.0;NULL;NULL;;NULL;NULL;NULL;;NULL;;NULL;NULL;NULL;line_33: 0.0; line_56: 0.0; line_155: 0.0; line_70: 0.0; line_378: 0.0; line_261: 0.0; line_144: 0.0; line_372: 0.0; line_241: 0.0; line_324: 0.0; line_369: 1.8931110043341122; line_346: 0.0; line_310: 0.0; line_251: 0.0; line_365: 0.0; line_189: 0.0; line_385: 0.0; line_10: 0.0; line_8: 0.0; line_103: 0.0; line_302: 0.0; line_375: 0.0; line_260: 0.0; line_167: 0.0; line_383: 0.0; line_52: 0.0; line_99: 0.0; line_15: 0.0; line_204: 0.0; line_361: 0.0; line_409: 0.0; line_108: 0.0; line_319: 0.0; line_20: 0.0; line_36: 0.0; line_393: 0.0; line_82: 0.0; line_22: 0.0; line_27: 0.0; line_53: 1.018034235082889;NULL;NULL;NULL;parcelle_85: 13.837925335467595; parcelle_80: 3.6521507121883605; parcelle_84: 0.0; parcelle_92: 2539.769190837563; parcelle_35: 703.3947579542629; parcelle_93: 0.0; parcelle_95: 48.03717975039167; parcelle_59: 27.23956435968067; parcelle_135: 593.083618772778; parcelle_106: 500.1001945704723; parcelle_13: 762.1576515290835; parcelle_36: 22.796091019452174; parcelle_107: 1733.967954198587; parcelle_12: 385.3077100676784; parcelle_109: 956.8204156681327; parcelle_136: 223.1613524135366; parcelle_137: 840.6866296914637; parcelle_46: 305.3031552; parcelle_11: 132.89249801163905; parcelle_10: 80.9101653150174; parcelle_96: 11.685263680393623; parcelle_94: 0.9470174610490384; parcelle_37: 0.7910746887157607; parcelle_60: 1.9039794158629961; parcelle_38: 0.46259529107298586; parcelle_26: 0.7098479627495907; parcelle_25: 0.047961733069292654; parcelle_91: 3.242555884442853;;;;;NULL;310;0;0;9892.908501524751;9892.908501524751;0.0;9892.908501524751;9892.908501524751;0.0;0.0;0.0;0;6
34;34;98.91;83;87;NULL;NULL;492.9677;485.7877;149;158;NULL;7.26;0.864538064096908;143;109;left;310;0;0;86;NULL;0.0;0.0;310;0;0;1457.5159995318006;0.0;1457.5159995318006;1457.5159995318006;1457.5159995318006;0.0;NULL;0.0;0;1;0.0;0.0;NULL;NULL;;NULL;NULL;NULL;;NULL;;NULL;NULL;NULL;line_34: 0.0; line_121: 0.0; parcelle_150: 17.75072774085017; line_247: 0.0; line_340: 0.0; line_268: 0.0; parcelle_1: 182.3541684385911; line_243: 0.0; parcelle_51: 21.666756004159428; line_190: 0.0; line_423: 0.0; line_246: 0.0; line_62: 0.0; line_406: 0.0; line_58: 0.0; line_37: 0.0; line_205: 0.0; line_398: 0.0; line_166: 0.0; line_352: 0.0; line_72: 0.0;NULL;NULL;NULL;parcelle_83: 357.83707835999996; parcelle_82: 168.381917271514; parcelle_2: 41.919975726716; parcelle_81: 307.57062857119183; parcelle_150: 0.0; parcelle_56: 81.38212366347472; parcelle_51: 0.0; parcelle_1: 0.0; parcelle_72: 13.01500410998395; parcelle_52: 214.94757457529727; parcelle_75: 30.757814004527354; parcelle_76: 61.89724295947128; parcelle_77: 61.066376965325276; parcelle_79: 118.74026332429892;;;;;NULL;310;0;0;1457.5159995318006;0.0;1457.5159995318006;1457.5159995318006;1457.5159995318006;0.0;0.0;0.0;0;1
35;35;38.82;133;27;NULL;NULL;430.5318;425.9985;347, 217;216;NULL;11.68;0.343659694585616;481;358;right;420;0;0;130;NULL;0.0;0.0;420;0;0;169.1138503511674;169.1138503511674;0.0;162.54885068053508;162.54885068053508;0.0;NULL;6.564999670632319;4;0;0.0;0.0;NULL;NULL;;NULL;NULL;NULL;;NULL;line_35: 0.0;NULL;NULL;NULL;line_35: 6.564999670632319; line_217: 7.556177072928586;NULL;NULL;NULL;parcelle_134: 63.55901703236073; parcelle_97: 23.5434037914871; parcelle_94: 5.506298931495507; parcelle_59: 24.05191082743796; parcelle_93: 0.0; parcelle_95: 3.7781665901973183; parcelle_37: 4.599591762947629; parcelle_96: 0.016262993285970296; parcelle_85: 0.3754389234087162; parcelle_80: 0.09908707398471024; parcelle_84: 0.0; parcelle_60: 11.070418713866754; parcelle_38: 2.6896948173779633; parcelle_26: 4.127310466358906; parcelle_25: 0.27886670564614197; parcelle_91: 18.853382050679645;;;;;NULL;420;0;0;169.1138503511674;169.1138503511674;0.0;162.54885068053508;162.54885068053508;0.0;6.564999670632319;0.0;4;0
36;36;72.59;106;135;NULL;NULL;469.4443;465.3665;393, 82;20;NULL;5.62;0.833789478190278;199;151;left;310;0;0;135;NULL;0.0;0.0;310;0;0;2700.5877799211844;1917.8024036803276;782.7853762408569;2700.5877799211844;2700.5877799211844;0.0;NULL;0.0;0;2;0.0;0.0;NULL;NULL;;NULL;NULL;NULL;;NULL;;NULL;NULL;NULL;line_36: 0.0; line_393: 0.0; line_99: 0.0; line_15: 0.0; line_204: 0.0; line_241: 0.0; line_324: 0.0; line_369: 0.9561900858417747; line_346: 0.0; line_82: 0.0;NULL;NULL;NULL;parcelle_85: 6.982865006092209; parcelle_80: 1.8429406711532232; parcelle_84: 0.0; parcelle_92: 1751.9077566198855; parcelle_35: 397.7849421177676; parcelle_106: 418.0369368; parcelle_13: 120.43027615247999; parcelle_36: 3.6020625538060793;;;;;NULL;310;0;0;2700.5877799211844;1917.8024036803276;782.7853762408569;2700.5877799211844;2700.5877799211844;0.0;0.0;0.0;0;2
37;37;15.51;56;76;NULL;NULL;527.9569;525.0968;205;58, 195;NULL;18.44;0.171241322387857;27;22;right;310;0;0;75;NULL;0.0;0.0;310;0;0;233.19212404140293;196.65565700268294;36.53646703872;233.19212404140293;233.19212404140293;0.0;NULL;0.0;0;0;0.0;0.0;NULL;NULL;;NULL;NULL;NULL;;NULL;;NULL;NULL;NULL;line_37: 0.0; parcelle_51: 13.374584356778037; parcelle_1: 97.14236018587492; line_205: 0.0;NULL;NULL;NULL;parcelle_52: 196.65565700268294; parcelle_1: 0.0; parcelle_51: 0.0; parcelle_56: 31.499001599999996; parcelle_72: 5.03746543872;;;;;NULL;310;0;0;233.19212404140293;196.65565700268294;36.53646703872;233.19212404140293;233.19212404140293;0.0;0.0;0.0;0;0
38;38;133.75;NULL;NULL;33;NULL;492.5612;482.527;73;255;NULL;7.5;0.0;147;111;left;0;0;0;41;NULL;0.0;0.0;0;0;0;0.0;0.0;0.0;0.0;0.0;0.0;NULL;0.0;999;99;0.0;0.0;NULL;NULL;NULL;NULL;NULL;NULL;NULL;NULL;NULL;NULL;NULL;NULL;NULL;NULL;NULL;NULL;NULL;NULL;NULL;NULL;NULL;NULL;0;0;0;0.0;0.0;0.0;0.0;0.0;0.0;0.0;0.0;999;99
39;39;14.99;93;95;NULL;NULL;466.8682;463.9441;52;155;NULL;19.51;0.889894557356631;241;181;right;0;0;0;95;NULL;0.0;0.0;0;0;0;0.0;0.0;0.0;0.0;0.0;0.0;NULL;0.0;999;99;0.0;0.0;NULL;NULL;NULL;NULL;NULL;NULL;NULL;NULL;NULL;NULL;NULL;NULL;NULL;NULL;NULL;NULL;NULL;NULL;NULL;NULL;NULL;NULL;0;0;0;0.0;0.0;0.0;0.0;0.0;0.0;0.0;0.0;999;99
40;40;15.35;100;99;NULL;NULL;472.67;471.07;101;245;NULL;10.42;0.886768940591219;186;141;left;0;0;0;99;NULL;0.0;0.0;0;0;0;0.0;0.0;0.0;0.0;0.0;0.0;NULL;0.0;999;99;0.0;0.0;NULL;NULL;NULL;NULL;NULL;NULL;NULL;NULL;NULL;NULL;NULL;NULL;NULL;NULL;NULL;NULL;NULL;NULL;NULL;NULL;NULL;NULL;0;0;0;0.0;0.0;0.0;0.0;0.0;0.0;0.0;0.0;999;99
41;41;59.69;18;19;NULL;NULL;419.6;415.6908;367;50;NULL;6.55;0.310842321189106;543;399;left;310;0;0;19;NULL;0.0;0.0;310;0;0;240.53671760793947;240.53671760793947;0.0;240.53671760793947;240.53671760793947;0.0;NULL;0.0;0;0;0.0;0.0;NULL;NULL;;NULL;NULL;NULL;;NULL;;NULL;NULL;NULL;line_41: 0.0; line_367: 0.0; parcelle_143: 590.9950358922013; line_148: 0.0; line_338: 0.0; line_107: 0.0; line_424: 0.0; line_402: 0.0; line_410: 0.0; line_75: 0.0; line_297: 0.0; line_355: 0.0; line_109: 0.0; line_242: 0.0; line_308: 0.0; line_376: 0.0; line_282: 0.0; parcelle_144: 129.740590393216; line_114: 0.0;NULL;NULL;NULL;parcelle_142: 49.109856799; parcelle_15: 53.605758274566995; parcelle_24: 102.51825255514031; parcelle_40: 15.32066671887416; parcelle_47: 13.209059385739998; parcelle_49: 0.0; parcelle_14: 2.8312700576160004; parcelle_16: 0.0; parcelle_17: 2.71179716684; parcelle_141: 0.3540572075873076; parcelle_39: 0.1496347974871014; parcelle_138: 0.2580089201134695; parcelle_140: 0.4323832947598579; parcelle_139: 0.025326389684581264; parcelle_64: 0.01064604052971895; parcelle_144: 0.0; parcelle_143: 0.0;;;;;NULL;310;0;0;240.53671760793947;240.53671760793947;0.0;240.53671760793947;240.53671760793947;0.0;0.0;0.0;0;0
42;42;107.6;86;60;NULL;NULL;482.5765;477.7194;324;194;NULL;4.51;0.994337944133205;164;123;right;310;0;0;60;NULL;0.0;0.0;310;0;0;3174.532459243266;66.70528775735457;3107.8271714859115;3174.532459243266;3174.532459243266;0.0;NULL;0.0;0;2;0.0;0.0;NULL;NULL;;NULL;NULL;NULL;;NULL;;NULL;NULL;NULL;line_42: 0.0; line_29: 0.7121625992712117; line_369: 7.226868249688455; line_324: 0.0; line_346: 0.0;NULL;NULL;NULL;parcelle_85: 1591.7976674633717; parcelle_80: 763.6104477798947; parcelle_84: 0.0; parcelle_86: 819.1243439999998;;;;;NULL;310;0;0;3174.532459243266;66.70528775735457;3107.8271714859115;3174.532459243266;3174.532459243266;0.0;0.0;0.0;0;2
43;43;36.21;4;5;NULL;NULL;509.2534;504.3578;192;161, 184;NULL;13.52;0.842170181815128;78;60;left;420;0;0;42;NULL;0.0;0.0;420;0;0;59.34897599999999;0.0;59.34897599999999;59.00979555070539;9.027857642243726;49.98193790846167;42.0;0.3391804492946029;1;0;0.0;0.0;NULL;NULL;parcelle_4: 49.98193790846167; parcelle_78: 0.0; parcelle_74: 0.0;NULL;NULL;NULL;;NULL;line_43: 0.0; parcelle_78: 0.6141569341802847; parcelle_74: 3.1271509189746816;NULL;NULL;NULL;line_43: 0.3391804492946029;NULL;NULL;NULL;parcelle_4: 9.027857642243726; parcelle_78: 0.0; parcelle_74: 0.0;;;;;NULL;420;0;0;59.34897599999999;0.0;59.34897599999999;59.00979555070539;9.027857642243726;49.98193790846167;0.3391804492946029;0.0;1;0
44;44;38.83;51;56;NULL;NULL;538.1606;537.3931;84;205;NULL;1.98;0.975033218117412;14;12;left;0;0;0;56;NULL;0.0;0.0;0;0;0;0.0;0.0;0.0;0.0;0.0;0.0;NULL;0.0;999;99;0.0;0.0;NULL;NULL;NULL;NULL;NULL;NULL;NULL;NULL;NULL;NULL;NULL;NULL;NULL;NULL;NULL;NULL;NULL;NULL;NULL;NULL;NULL;NULL;0;0;0;0.0;0.0;0.0;0.0;0.0;0.0;0.0;0.0;999;99
45;45;45.36;84;86;NULL;NULL;491.214;488.6707;170;369;NULL;5.61;0.567125206934225;127;96;left;0;0;0;86;NULL;0.0;0.0;0;0;0;0.0;0.0;0.0;0.0;0.0;0.0;NULL;0.0;999;99;0.0;0.0;NULL;NULL;NULL;NULL;NULL;NULL;NULL;NULL;NULL;NULL;NULL;NULL;NULL;NULL;NULL;NULL;NULL;NULL;NULL;NULL;NULL;NULL;0;0;0;0.0;0.0;0.0;0.0;0.0;0.0;0.0;0.0;999;99
46;46;26.35;19;48;NULL;NULL;416.2;415.9;180, 219;210, 183;NULL;1.14;0.84132215123448;545;400;left;0;0;0;70;NULL;0.0;0.0;0;0;0;0.0;0.0;0.0;0.0;0.0;0.0;NULL;0.0;999;99;0.0;0.0;NULL;NULL;NULL;NULL;NULL;NULL;NULL;NULL;NULL;NULL;NULL;NULL;NULL;NULL;NULL;NULL;NULL;NULL;NULL;NULL;NULL;NULL;0;0;0;0.0;0.0;0.0;0.0;0.0;0.0;0.0;0.0;999;99
47;47;74.79;41;62;NULL;NULL;461.5362;444.2055;91, 289;317;NULL;23.17;0.061222745990262;266;200;left;310;0;0;102;NULL;0.0;0.0;310;0;0;380.9282495783314;0.0;380.9282495783314;380.9282495783314;380.9282495783314;0.0;NULL;0.0;0;0;0.0;0.0;NULL;NULL;;NULL;NULL;NULL;;NULL;;NULL;NULL;NULL;line_47: 0.0; line_165: 0.0; line_421: 0.0; line_163: 0.0; line_292: 0.0; line_326: 0.0; line_419: 0.0;NULL;NULL;NULL;parcelle_41: 267.72540756; parcelle_33: 16.141081498169772; parcelle_32: 1.6267732721267738; parcelle_21: 0.06537950142842411; parcelle_44: 0.0061696798801230655; parcelle_57: 60.23607538446887; parcelle_58: 9.629771779057466; parcelle_63: 25.497590903200003;;;;;NULL;310;0;0;380.9282495783314;0.0;380.9282495783314;380.9282495783314;380.9282495783314;0.0;0.0;0.0;0;0
48;48;55.79;NULL;NULL;140;NULL;455.4013;454.3422;328;225;NULL;1.9;0.0;356;268;left;0;0;0;140;NULL;0.0;0.0;0;0;0;0.0;0.0;0.0;0.0;0.0;0.0;NULL;0.0;999;99;0.0;0.0;NULL;NULL;NULL;NULL;NULL;NULL;NULL;NULL;NULL;NULL;NULL;NULL;NULL;NULL;NULL;NULL;NULL;NULL;NULL;NULL;NULL;NULL;0;0;0;0.0;0.0;0.0;0.0;0.0;0.0;0.0;0.0;999;99
49;49;35.48;23;114;NULL;NULL;465.0032;463.8505;404;211, 5;NULL;3.25;0.231578118545709;258;194;left;0;0;0;115;NULL;0.0;0.0;0;0;0;0.0;0.0;0.0;0.0;0.0;0.0;NULL;0.0;999;99;0.0;0.0;NULL;NULL;NULL;NULL;NULL;NULL;NULL;NULL;NULL;NULL;NULL;NULL;NULL;NULL;NULL;NULL;NULL;NULL;NULL;NULL;NULL;NULL;0;0;0;0.0;0.0;0.0;0.0;0.0;0.0;0.0;0.0;999;99
50;50;82.27;127;19;NULL;NULL;415.6908;411.6332;316, 332, 41;235;NULL;NULL;0.0;580;430;left;700;0;0;20;316:same_direction, 332:up, 41:dwn;0.83456;0.9322;700;800;0;1644.4856400000003;240.53671760793947;904.4671020000002;1145.0038196079397;0.0;904.4671020000002;NULL;740.0185380000001;45;0;0.0;0.0;NULL;NULL;parcelle_127: 904.4671020000002; parcelle_126: 0.0; parcelle_108: 0.0; parcelle_112: 0.0; parcelle_36: 0.0; parcelle_35: 0.0; parcelle_13: 0.0; parcelle_12: 0.0; parcelle_109: 0.0; parcelle_111: 0.0; parcelle_110: 0.0; parcelle_113: 0.0; parcelle_23: 0.0; parcelle_137: 0.0; parcelle_123: 0.0; parcelle_128: 0.0; parcelle_19: 0.0; parcelle_146: 0.0; parcelle_31: 0.0; parcelle_49: 0.0; parcelle_30: 0.0; parcelle_145: 0.0; parcelle_144: 0.0; parcelle_14: 2.8312700576160004; parcelle_40: 15.32066671887416; parcelle_142: 49.109856799; parcelle_15: 53.605758274566995; parcelle_24: 102.51825255514031; parcelle_47: 13.209059385739998; parcelle_16: 0.0; parcelle_17: 2.71179716684; parcelle_141: 0.3540572075873076; parcelle_39: 0.1496347974871014; parcelle_138: 0.2580089201134695; parcelle_140: 0.4323832947598579; parcelle_139: 0.025326389684581264; parcelle_64: 0.01064604052971895; parcelle_143: 0.0;NULL;NULL;NULL;parcelle_19: 363.8165295994518; parcelle_146: 544.3167268803919; line_96: 0.0; parcelle_145: 375.6147059115368; parcelle_144: 306.7990047025038; line_135: 0.0; line_407: 0.0; line_109: 0.0; line_242: 0.0; line_401: 0.0; line_41: 0.0; line_367: 0.0; parcelle_143: 590.9950358922013; line_148: 0.0; line_338: 0.0; line_107: 0.0; line_424: 0.0; line_402: 0.0; line_410: 0.0; line_75: 0.0; line_297: 0.0; line_355: 0.0; line_308: 0.0; line_376: 0.0; line_282: 0.0; line_114: 0.0; line_305: 0.0; parcelle_126: 203.32322675250526; line_212: 0.0; line_278: 0.5357008322356821; line_67: 0.20176352179705723; line_371: 1.611828682317321; line_100: 0.0; parcelle_23: 0.24852187174232124; line_53: 1.3536927402022645; line_80: 0.0; line_354: 0.0; line_50: 740.0185380000001; line_35: 6.564999670632319; line_217: 7.556177072928586; line_33: 0.0; line_56: 0.0; line_155: 0.0; line_70: 0.0; line_378: 0.0; line_261: 0.0; line_144: 0.0; line_372: 0.0; line_241: 0.0; line_324: 0.0; line_369: 2.514960925651953; line_346: 0.0; line_310: 0.0; line_251: 0.0; line_365: 0.0; line_189: 0.0; line_385: 0.0; line_10: 0.0; line_8: 0.0; line_103: 0.0; line_302: 0.0; line_375: 0.0; line_260: 0.0; line_167: 0.0; line_383: 0.0; line_52: 0.0; line_99: 0.0; line_15: 0.0; line_204: 0.0; line_361: 0.0; line_409: 0.0; line_108: 0.0; line_319: 0.0; line_20: 0.0; line_36: 0.0; line_393: 0.0; line_82: 0.0; line_22: 0.0; line_27: 0.0; line_399: 0.0; line_237: 0.0; line_164: 0.0;NULL;;NULL;NULL;NULL;;NULL;NULL;NULL;;;;line_35: 6.564999670632319; line_217: 7.556177072928586; line_33: 0.0; line_56: 0.0; line_155: 0.0; line_70: 0.0; line_378: 0.0; line_261: 0.0; line_144: 0.0; line_372: 0.0; line_241: 0.0; line_324: 0.0; line_369: 2.514960925651953; line_346: 0.0; line_310: 0.0; line_251: 0.0; line_365: 0.0; line_189: 0.0; line_385: 0.0; line_10: 0.0; line_8: 0.0; line_103: 0.0; line_302: 0.0; line_375: 0.0; line_260: 0.0; line_167: 0.0; line_383: 0.0; line_52: 0.0; line_99: 0.0; line_15: 0.0; line_204: 0.0; line_361: 0.0; line_409: 0.0; line_108: 0.0; line_319: 0.0; line_20: 0.0; line_36: 0.0; line_393: 0.0; line_82: 0.0; line_22: 0.0; line_27: 0.0; line_53: 1.3536927402022645; line_399: 0.0; line_237: 0.0; line_164: 0.0; line_354: 0.0; line_212: 0.0; line_278: 0.5350016187621879; line_67: 0.20150017374080842; line_371: 1.6097248731316283; line_100: 0.0; parcelle_23: 0.24819749322594856;;NULL;700;800;0;1644.4856400000003;240.53671760793947;904.4671020000002;1145.0038196079397;0.0;904.4671020000002;740.0185380000001;0.0;45;0
51;51;51.91;33;41;NULL;NULL;484.945;482.527;292;255;NULL;4.66;0.448071179262458;152;115;right;0;0;0;41;NULL;0.0;0.0;0;0;0;0.0;0.0;0.0;0.0;0.0;0.0;NULL;0.0;999;99;0.0;0.0;NULL;NULL;NULL;NULL;NULL;NULL;NULL;NULL;NULL;NULL;NULL;NULL;NULL;NULL;NULL;NULL;NULL;NULL;NULL;NULL;NULL;NULL;0;0;0;0.0;0.0;0.0;0.0;0.0;0.0;0.0;0.0;999;99
52;52;29.17;93;135;NULL;NULL;470.0413;466.8682;99;39, 383;NULL;10.88;0.05024431817977;240;180;right;310;0;0;95;NULL;0.0;0.0;310;0;0;2088.912494776459;2088.912494776459;0.0;2088.912494776459;2088.912494776459;0.0;NULL;0.0;0;1;0.0;0.0;NULL;NULL;;NULL;NULL;NULL;;NULL;;NULL;NULL;NULL;line_52: 0.0; line_99: 0.0; line_15: 0.0; line_204: 0.0; line_241: 0.0; line_324: 0.0; line_369: 1.757322319925424; line_346: 0.0;NULL;NULL;NULL;parcelle_85: 12.833373524710007; parcelle_80: 3.387026098335654; parcelle_84: 0.0; parcelle_92: 1902.1528930121142; parcelle_35: 170.53920214129926; parcelle_93: 0.0;;;;;NULL;310;0;0;2088.912494776459;2088.912494776459;0.0;2088.912494776459;2088.912494776459;0.0;0.0;0.0;0;1
53;53;68.95;137;108;NULL;NULL;453.6235;446.535;16;27, 354;NULL;10.28;0.547271104292362;386;290;right;420;0;0;128;NULL;0.0;0.0;420;0;0;130.4660816407998;0.0;130.4660816407998;126.39349713932386;54.993180567065885;71.40031657225798;NULL;4.072584501475961;3;0;0.0;0.0;NULL;NULL;parcelle_137: 35.32258710934686; parcelle_109: 22.747744819656965; parcelle_12: 6.684231826030433; parcelle_13: 4.983241126956477; parcelle_35: 1.513463238055192; parcelle_36: 0.1490484522120453;NULL;NULL;NULL;;NULL;line_53: 0.0;NULL;NULL;NULL;line_53: 4.072584501475961;NULL;NULL;NULL;parcelle_137: 27.205781490259795; parcelle_109: 17.520522294812732; parcelle_12: 5.148256834253914; parcelle_13: 3.8381381520432103; parcelle_35: 1.1656833068485832; parcelle_36: 0.11479848884764524;;;;;NULL;420;0;0;130.4660816407998;0.0;130.4660816407998;126.39349713932386;54.993180567065885;71.40031657225798;4.072584501475961;0.0;3;0
54;54;11.14;53;133;NULL;NULL;444.5656;442.276;222;122;NULL;20.55;0.5;332;249;right;310;0;0;133;NULL;0.0;0.0;310;0;0;2534.763895767274;2340.0141828742717;194.7497128930024;2534.763895767274;2534.763895767274;0.0;NULL;0.0;0;2;0.0;0.0;NULL;NULL;;NULL;NULL;NULL;;NULL;;NULL;NULL;NULL;line_54: 0.0; line_222: 0.0; line_88: 0.0; line_139: 0.0; line_385: 0.0; line_10: 0.0; line_234: 0.0;NULL;NULL;NULL;parcelle_25: 476.0983305366776; parcelle_26: 95.61576243617286; parcelle_38: 127.97489341742369; parcelle_37: 562.2649279199999; parcelle_53: 795.4345705320001; parcelle_7: 477.375410925;;;;;NULL;310;0;0;2534.763895767274;2340.0141828742717;194.7497128930024;2534.763895767274;2534.763895767274;0.0;0.0;0.0;0;2
55;55;52.92;95;96;NULL;NULL;461.259;451.8243;383;261;NULL;17.83;0.462212987704507;297;222;right;0;0;0;94;NULL;0.0;0.0;0;0;0;0.0;0.0;0.0;0.0;0.0;0.0;NULL;0.0;999;99;0.0;0.0;NULL;NULL;NULL;NULL;NULL;NULL;NULL;NULL;NULL;NULL;NULL;NULL;NULL;NULL;NULL;NULL;NULL;NULL;NULL;NULL;NULL;NULL;0;0;0;0.0;0.0;0.0;0.0;0.0;0.0;0.0;0.0;999;99
56;56;66.9;46;129;NULL;NULL;436.0075;423.5062;8, 27;33;NULL;18.69;0.036294875065576;470;351;right;310;0;0;129;NULL;0.0;0.0;310;0;0;9892.908501524751;9332.749758122594;560.1587434021575;9892.908501524751;9892.908501524751;0.0;NULL;0.0;0;6;0.0;0.0;NULL;NULL;;NULL;NULL;NULL;;NULL;;NULL;NULL;NULL;line_56: 0.0; line_155: 0.0; line_70: 0.0; line_378: 0.0; line_261: 0.0; line_144: 0.0; line_372: 0.0; line_241: 0.0; line_324: 0.0; line_369: 1.8931110043341122; line_346: 0.0; line_310: 0.0; line_251: 0.0; line_365: 0.0; line_189: 0.0; line_385: 0.0; line_10: 0.0; line_8: 0.0; line_103: 0.0; line_302: 0.0; line_375: 0.0; line_260: 0.0; line_167: 0.0; line_383: 0.0; line_52: 0.0; line_99: 0.0; line_15: 0.0; line_204: 0.0; line_361: 0.0; line_409: 0.0; line_108: 0.0; line_319: 0.0; line_20: 0.0; line_36: 0.0; line_393: 0.0; line_82: 0.0; line_22: 0.0; line_27: 0.0; line_53: 1.018034235082889;NULL;NULL;NULL;parcelle_85: 13.837925335467595; parcelle_80: 3.6521507121883605; parcelle_84: 0.0; parcelle_92: 2539.769190837563; parcelle_35: 703.3947579542629; parcelle_93: 0.0; parcelle_95: 48.03717975039167; parcelle_59: 27.23956435968067; parcelle_135: 593.083618772778; parcelle_106: 500.1001945704723; parcelle_13: 762.1576515290835; parcelle_36: 22.796091019452174; parcelle_107: 1733.967954198587; parcelle_12: 385.3077100676784; parcelle_109: 956.8204156681327; parcelle_136: 223.1613524135366; parcelle_137: 840.6866296914637; parcelle_46: 305.3031552; parcelle_11: 132.89249801163905; parcelle_10: 80.9101653150174; parcelle_96: 11.685263680393623; parcelle_94: 0.9470174610490384; parcelle_37: 0.7910746887157607; parcelle_60: 1.9039794158629961; parcelle_38: 0.46259529107298586; parcelle_26: 0.7098479627495907; parcelle_25: 0.047961733069292654; parcelle_91: 3.242555884442853;;;;;NULL;310;0;0;9892.908501524751;9332.749758122594;560.1587434021575;9892.908501524751;9892.908501524751;0.0;0.0;0.0;0;6
57;57;90.77;22;117;NULL;NULL;437.9846;436.7956;420;353;NULL;1.31;0.998745710682166;428;320;right;500;0;0;117;NULL;0.0;0.0;500;0;0;1642.5937346800001;0.0;1642.5937346800001;1642.5937346800001;1642.5937346800001;0.0;117.0;0.0;0;1;0.0;0.0;NULL;NULL;;NULL;NULL;NULL;;NULL;;NULL;NULL;NULL;line_57: 0.0;NULL;NULL;NULL;parcelle_22: 1642.5937346800001;;;;;NULL;500;0;0;1642.5937346800001;0.0;1642.5937346800001;1642.5937346800001;1642.5937346800001;0.0;0.0;0.0;0;1
58;58;48.28;56;75;NULL;NULL;525.0968;516.1356;37;246;NULL;18.56;0.205350196810763;28;23;right;310;0;0;74;NULL;0.0;0.0;310;0;0;415.8744592350029;233.19212404140293;182.68233519359998;415.8744592350029;415.8744592350029;0.0;NULL;0.0;0;0;0.0;0.0;NULL;NULL;;NULL;NULL;NULL;;NULL;;NULL;NULL;NULL;line_58: 0.0; parcelle_51: 37.016105768831636; parcelle_1: 139.66042306117316; line_37: 0.0; line_205: 0.0;NULL;NULL;NULL;parcelle_52: 196.65565700268294; parcelle_1: 0.0; parcelle_51: 0.0; parcelle_56: 188.99400959999997; parcelle_72: 30.224792632319996;;;;;NULL;310;0;0;415.8744592350029;233.19212404140293;182.68233519359998;415.8744592350029;415.8744592350029;0.0;0.0;0.0;0;0
59;59;103.02;147;148;NULL;NULL;438.7157;416.8;NULL;153;NULL;21.27;0.122562241583007;508;376;left;310;0;0;48;NULL;0.0;0.0;310;0;0;0.0;0.0;0.0;0.0;0.0;0.0;48.0;0.0;0;0;0.0;0.0;NULL;NULL;;NULL;NULL;NULL;;NULL;;NULL;NULL;NULL;line_59: 0.0; parcelle_147: 350.3622892536;NULL;NULL;NULL;parcelle_147: 0.0; parcelle_30: 0.0;;;;;NULL;310;0;0;0.0;0.0;0.0;0.0;0.0;0.0;0.0;0.0;0;0
60;60;93.28;39;140;NULL;NULL;455.4013;446.6553;328;81, 168;NULL;9.38;0.201761744624007;347;260;left;0;0;0;141;NULL;0.0;0.0;0;0;0;0.0;0.0;0.0;0.0;0.0;0.0;NULL;0.0;999;99;0.0;0.0;NULL;NULL;NULL;NULL;NULL;NULL;NULL;NULL;NULL;NULL;NULL;NULL;NULL;NULL;NULL;NULL;NULL;NULL;NULL;NULL;NULL;NULL;0;0;0;0.0;0.0;0.0;0.0;0.0;0.0;0.0;0.0;999;99
61;61;17.75;147;48;NULL;NULL;417.2;416.8;258;153;NULL;2.25;0.980477623372944;507;375;right;0;0;0;48;NULL;0.0;0.0;0;0;0;0.0;0.0;0.0;0.0;0.0;0.0;NULL;0.0;999;99;0.0;0.0;NULL;NULL;NULL;NULL;NULL;NULL;NULL;NULL;NULL;NULL;NULL;NULL;NULL;NULL;NULL;NULL;NULL;NULL;NULL;NULL;NULL;NULL;0;0;0;0.0;0.0;0.0;0.0;0.0;0.0;0.0;0.0;999;99
62;62;28.23;56;74;NULL;NULL;517.9541;516.1356;406;246;NULL;6.44;0.988255067460359;26;21;left;310;0;0;74;NULL;0.0;0.0;310;0;0;611.1554486476799;498.22455052799995;112.93089811968001;611.1554486476799;611.1554486476799;0.0;NULL;0.0;0;0;0.0;0.0;NULL;NULL;;NULL;NULL;NULL;;NULL;;NULL;NULL;NULL;line_62: 0.0; parcelle_51: 79.09163526941569; parcelle_1: 142.24224671008866; line_406: 0.0;NULL;NULL;NULL;parcelle_56: 526.8923904; parcelle_51: 0.0; parcelle_1: 0.0; parcelle_72: 84.26305824768;;;;;NULL;310;0;0;611.1554486476799;498.22455052799995;112.93089811968001;611.1554486476799;611.1554486476799;0.0;0.0;0.0;0;0
63;63;92.05;148;29;NULL;NULL;438.0359;417.8;NULL;157, 71;NULL;21.98;0.099667083604403;526;388;left;310;0;0;149;NULL;0.0;0.0;310;0;0;0.0;0.0;0.0;0.0;0.0;0.0;149.0;0.0;0;0;0.0;0.0;NULL;NULL;;NULL;NULL;NULL;;NULL;;NULL;NULL;NULL;line_63: 0.0; parcelle_148: 97.42605698368001; line_140: 0.0; line_359: 0.0; line_143: 0.0;NULL;NULL;NULL;parcelle_148: 0.0; parcelle_30: 0.0; parcelle_34: 0.0; parcelle_49: 0.0;;;;;NULL;310;0;0;0.0;0.0;0.0;0.0;0.0;0.0;0.0;0.0;0;0
64;64;30.36;122;124;NULL;NULL;434.8012;433.659;232, 25;1, 271;NULL;3.76;0.568274660389331;452;338;right;500;0;0;124;NULL;0.0;0.0;500;0;0;482.87530176;0.0;482.87530176;482.87530176;482.87530176;0.0;NULL;0.0;0;0;0.0;0.0;NULL;NULL;;NULL;NULL;NULL;;NULL;;NULL;NULL;NULL;line_64: 0.0;NULL;NULL;NULL;parcelle_122: 482.87530176; parcelle_121: 0.0;;;;;NULL;500;0;0;482.87530176;0.0;482.87530176;482.87530176;482.87530176;0.0;0.0;0.0;0;0
65;65;68.32;104;103;NULL;NULL;484.1913;469.2288;253;69, 141;NULL;21.9;0.281001727065251;188;142;left;310;0;0;43;NULL;0.0;0.0;310;0;0;102.96417465677818;0.0;102.96417465677818;102.96417465677818;102.96417465677818;0.0;NULL;0.0;0;0;0.0;0.0;NULL;NULL;;NULL;NULL;NULL;;NULL;;NULL;NULL;NULL;line_65: 0.0; line_395: 0.0; parcelle_88: 0.02482490377315785; parcelle_78: 0.0027790663386983764; parcelle_74: 1.5208738832510487e-05; line_253: 0.0; parcelle_105: 1.0968761952803383;NULL;NULL;NULL;parcelle_105: 0.0; parcelle_89: 5.441077856778172; parcelle_88: 0.0; parcelle_78: 0.0; parcelle_74: 0.0; parcelle_104: 97.5230968;;;;;NULL;310;0;0;102.96417465677818;0.0;102.96417465677818;102.96417465677818;102.96417465677818;0.0;0.0;0.0;0;0
66;66;23.94;1;79;NULL;NULL;555.4807;551.7134;NULL;396, 352;NULL;15.74;0.70636591311755;4;3;right;0;0;0;77;NULL;0.0;0.0;0;0;0;0.0;0.0;0.0;0.0;0.0;0.0;NULL;0.0;999;99;0.0;0.0;NULL;NULL;NULL;NULL;NULL;NULL;NULL;NULL;NULL;NULL;NULL;NULL;NULL;NULL;NULL;NULL;NULL;NULL;NULL;NULL;NULL;NULL;0;0;0;0.0;0.0;0.0;0.0;0.0;0.0;0.0;0.0;999;99
67;67;18.17;111;108;NULL;NULL;453.1778;452.7739;380;NULL;NULL;2.22;0.930928393116936;285;214;right;420;0;0;108;NULL;0.0;0.0;420;0;0;1832.882452292098;0.0;1832.882452292098;1830.5821278172061;124.2998117326943;1706.2823160845119;108.0;2.3003244748918403;0;1;0.0;0.0;NULL;NULL;parcelle_111: 746.3892473227556; parcelle_12: 54.033564076856756; parcelle_13: 109.63709320430276; parcelle_35: 39.8450127218735; parcelle_36: 12.61762017271572; parcelle_112: 743.7597785860073;NULL;NULL;NULL;;NULL;line_67: 0.0;NULL;NULL;NULL;line_67: 2.3003244748918403;NULL;NULL;NULL;parcelle_111: 54.373207790386985; parcelle_12: 3.936254732694017; parcelle_13: 7.986878792418842; parcelle_35: 2.902642507120948; parcelle_36: 0.9191725174660538; parcelle_112: 54.181655392607446;;;;;NULL;420;0;0;1832.882452292098;0.0;1832.882452292098;1830.5821278172061;124.2998117326943;1706.2823160845119;2.3003244748918403;0.0;0;1
68;68;158.11;NULL;NULL;44;NULL;524.9116;508.9941;422;421, 312;NULL;10.07;0.0;50;39;left;0;0;0;66;NULL;0.0;0.0;0;0;0;0.0;0.0;0.0;0.0;0.0;0.0;NULL;0.0;999;99;0.0;0.0;NULL;NULL;NULL;NULL;NULL;NULL;NULL;NULL;NULL;NULL;NULL;NULL;NULL;NULL;NULL;NULL;NULL;NULL;NULL;NULL;NULL;NULL;0;0;0;0.0;0.0;0.0;0.0;0.0;0.0;0.0;0.0;999;99
69;69;92.66;103;43;NULL;NULL;469.2288;466.6813;65, 280;388;NULL;2.75;0.910395037603327;210;160;right;310;0;0;43;NULL;0.0;0.0;310;0;0;16309.265982765186;15557.925547725186;751.34043504;16309.265982765186;16309.265982765186;0.0;NULL;0.0;0;10;0.0;0.0;NULL;NULL;;NULL;NULL;NULL;;NULL;;NULL;NULL;NULL;line_69: 0.0; line_11: 0.0; parcelle_105: 298.5306207690696; parcelle_88: 8.092573068639117; parcelle_78: 6.07149418645219; parcelle_74: 26.306829859025516; line_65: 0.0; line_395: 0.008672321899455685; line_253: 0.0; line_280: 0.0; line_413: 0.0; line_330: 0.0; line_220: 0.0; line_356: 0.0; line_125: 16.382003451263937; line_333: 1.1058817524963738; line_133: 0.019940209050705687; line_179: 0.0; line_301: 0.0; line_322: 0.0; line_360: 0.0; line_43: 0.3391804492946029; parcelle_42: 490.46421263854836; line_32: 0.0; line_121: 0.0; parcelle_150: 50.41227297093458; line_247: 0.0; line_340: 0.0; line_268: 0.0; parcelle_1: 321.40503274255343; line_243: 0.0; parcelle_51: 38.18834788680403; line_190: 0.0; line_423: 0.0; line_246: 0.0; line_62: 0.0; line_406: 0.0; line_58: 0.0; line_37: 0.0; line_205: 0.0; line_398: 0.0; line_166: 0.0; line_352: 0.0; line_72: 0.0; line_300: 0.0; line_209: 0.0; line_176: 0.0; line_197: 0.0; line_194: 0.0; line_158: 0.0; line_34: 0.0; line_267: 0.0; line_170: 0.0; line_29: 0.7775421745980169; line_432: 0.0; line_118: 0.0; line_42: 0.0; line_369: 7.226868249688455; line_324: 0.0; line_346: 0.0;NULL;NULL;NULL;parcelle_105: 0.0; parcelle_89: 337.3496072410296; parcelle_88: 0.0; parcelle_78: 0.0; parcelle_74: 0.0; parcelle_104: 767.8983999999999; parcelle_90: 646.8096; parcelle_83: 427.01321999999993; parcelle_82: 342.305069; parcelle_2: 317.98315099999996; parcelle_81: 808.384; parcelle_150: 0.0; parcelle_56: 715.8864; parcelle_51: 0.0; parcelle_1: 0.0; parcelle_72: 114.48785088000002; parcelle_52: 1890.8089200000002; parcelle_75: 270.564342; parcelle_76: 544.4856000000001; parcelle_77: 537.1768000000002; parcelle_79: 1044.5112; parcelle_80: 2120.4241932363702; parcelle_84: 0.0; parcelle_87: 1595.0904610000002; parcelle_5: 212.2892663; parcelle_4: 187.06265560441705; parcelle_42: 0.0; parcelle_3: 266.4728; parcelle_85: 1591.7976674633717; parcelle_86: 819.1243439999998; parcelle_103: 751.34043504;;;;;NULL;310;0;0;16309.265982765186;15557.925547725186;751.34043504;16309.265982765186;16309.265982765186;0.0;0.0;0.0;0;10
70;70;4.28;94;10;NULL;NULL;450.9336;449.948;261, 92;23, 159;NULL;23.03;0.986799245910024;369;277;right;420;0;0;45;NULL;0.0;0.0;420;0;0;1284.2819860417917;1167.3943827454518;116.88760329633999;1279.27893402435;1163.9343352352919;115.34459878905834;NULL;5.003052017441701;0;1;0.0;0.0;NULL;NULL;parcelle_94: 8.418182838769217; parcelle_59: 36.77122972910484; parcelle_93: 0.0; parcelle_95: 5.776166086749665; parcelle_37: 7.031983720083573; parcelle_96: 0.024863316120360152; parcelle_85: 0.5739814603902827; parcelle_80: 0.15148707255808097; parcelle_84: 0.0; parcelle_60: 16.924763801327366; parcelle_38: 4.1120801894110075; parcelle_26: 6.30994694811067; parcelle_25: 0.4263391699180534; parcelle_91: 28.823574456515225;NULL;NULL;NULL;;NULL;line_70: 0.0; line_378: 0.0; line_155: 0.0; line_261: 0.0; line_144: 0.0; line_372: 0.0; line_241: 0.0; line_324: 0.0; line_369: 0.06287795985210536; line_346: 0.0; line_310: 0.0; line_251: 0.0; line_365: 0.0; line_189: 0.0; line_385: 0.0; line_10: 0.0;NULL;NULL;NULL;line_70: 5.003052017441701; line_261: 4.8295626550500685; line_378: 68.0137544001387; line_155: 93.10930029396022;NULL;NULL;NULL;parcelle_59: 1161.0993818417185; parcelle_93: 0.0; parcelle_95: 1.8586593059013845; parcelle_96: 0.006959966921887525; parcelle_94: 0.11213095385943429; parcelle_37: 0.09366665670714601; parcelle_85: 0.007645484765997723; parcelle_80: 0.0020178214548966073; parcelle_84: 0.0; parcelle_60: 0.22543937869208003; parcelle_38: 0.05477327860611703; parcelle_26: 0.08404906185163376; parcelle_25: 0.005678876154885254; parcelle_91: 0.383932608657858;;;;;NULL;420;0;0;1284.2819860417917;1167.3943827454518;116.88760329633999;1279.27893402435;1163.9343352352919;115.34459878905834;5.003052017441701;0.0;0;1
71;71;30.99;29;149;NULL;NULL;417.8;415.3;63;17;NULL;8.07;0.894544639838025;531;392;right;0;0;0;149;NULL;0.0;0.0;0;0;0;0.0;0.0;0.0;0.0;0.0;0.0;NULL;0.0;999;99;0.0;0.0;NULL;NULL;NULL;NULL;NULL;NULL;NULL;NULL;NULL;NULL;NULL;NULL;NULL;NULL;NULL;NULL;NULL;NULL;NULL;NULL;NULL;NULL;0;0;0;0.0;0.0;0.0;0.0;0.0;0.0;0.0;0.0;999;99
72;72;75.77;79;81;NULL;NULL;518.9185;503.5339;430, 287;176, 340;NULL;20.3;0.491815817249889;45;35;right;310;0;0;2;NULL;0.0;0.0;310;0;0;430.3386143999999;0.0;430.3386143999999;430.3386143999999;430.3386143999999;0.0;NULL;0.0;0;0;0.0;0.0;NULL;NULL;;NULL;NULL;NULL;;NULL;;NULL;NULL;NULL;line_72: 0.0; parcelle_1: 75.147184854528; parcelle_150: 2.61828658224;NULL;NULL;NULL;parcelle_79: 430.3386143999999; parcelle_1: 0.0; parcelle_150: 0.0;;;;;NULL;310;0;0;430.3386143999999;0.0;430.3386143999999;430.3386143999999;430.3386143999999;0.0;0.0;0.0;0;0
73;73;215.14;NULL;NULL;32;NULL;505.5878;492.5612;312;273, 38;NULL;6.05;0.0;116;89;left;0;0;0;58;NULL;0.0;0.0;0;0;0;0.0;0.0;0.0;0.0;0.0;0.0;NULL;0.0;999;99;0.0;0.0;NULL;NULL;NULL;NULL;NULL;NULL;NULL;NULL;NULL;NULL;NULL;NULL;NULL;NULL;NULL;NULL;NULL;NULL;NULL;NULL;NULL;NULL;0;0;0;0.0;0.0;0.0;0.0;0.0;0.0;0.0;0.0;999;99
74;74;85.36;109;110;NULL;NULL;473.6037;453.409;28;371;NULL;23.66;0.551500288078258;269;202;right;0;0;0;108;NULL;0.0;0.0;0;0;0;0.0;0.0;0.0;0.0;0.0;0.0;NULL;0.0;999;99;0.0;0.0;NULL;NULL;NULL;NULL;NULL;NULL;NULL;NULL;NULL;NULL;NULL;NULL;NULL;NULL;NULL;NULL;NULL;NULL;NULL;NULL;NULL;NULL;0;0;0;0.0;0.0;0.0;0.0;0.0;0.0;0.0;0.0;999;99
75;75;98.71;15;142;NULL;NULL;432.4734;429.7834;297, 308;148;NULL;2.73;0.955536052301472;437;327;left;310;0;0;142;NULL;0.0;0.0;310;0;0;3384.626519327741;477.9703068969294;2906.6562124308116;3384.626519327741;3384.626519327741;0.0;NULL;0.0;0;2;0.0;0.0;NULL;NULL;;NULL;NULL;NULL;;NULL;;NULL;NULL;NULL;line_75: 0.0; line_410: 0.0; line_297: 0.0; line_355: 0.0; line_109: 0.0; line_242: 0.0; line_308: 0.0;NULL;NULL;NULL;parcelle_49: 0.0; parcelle_40: 409.4442563912214; parcelle_14: 76.52081236800001; parcelle_15: 917.629054037; parcelle_24: 1754.9183173915198; parcelle_47: 226.11407913999997;;;;;NULL;310;0;0;3384.626519327741;477.9703068969294;2906.6562124308116;3384.626519327741;3384.626519327741;0.0;0.0;0.0;0;2
76;76;14.88;30;147;NULL;NULL;438.7157;437.9671;NULL;274, 258;NULL;5.03;0.999970513178678;396;297;left;0;0;0;147;NULL;0.0;0.0;0;0;0;0.0;0.0;0.0;0.0;0.0;0.0;NULL;0.0;999;99;0.0;0.0;NULL;NULL;NULL;NULL;NULL;NULL;NULL;NULL;NULL;NULL;NULL;NULL;NULL;NULL;NULL;NULL;NULL;NULL;NULL;NULL;NULL;NULL;0;0;0;0.0;0.0;0.0;0.0;0.0;0.0;0.0;0.0;999;99
77;77;127.46;46;27;NULL;NULL;432.423;423.5062;266, 341;33;NULL;7.0;0.999975630705395;469;350;left;0;0;0;129;NULL;0.0;0.0;0;0;0;0.0;0.0;0.0;0.0;0.0;0.0;NULL;0.0;999;99;0.0;0.0;NULL;NULL;NULL;NULL;NULL;NULL;NULL;NULL;NULL;NULL;NULL;NULL;NULL;NULL;NULL;NULL;NULL;NULL;NULL;NULL;NULL;NULL;0;0;0;0.0;0.0;0.0;0.0;0.0;0.0;0.0;0.0;999;99
78;78;107.63;138;39;NULL;NULL;459.2641;449.4014;223;279;NULL;9.16;0.314158157190057;308;231;left;0;0;0;139;NULL;0.0;0.0;0;0;0;0.0;0.0;0.0;0.0;0.0;0.0;NULL;0.0;999;99;0.0;0.0;NULL;NULL;NULL;NULL;NULL;NULL;NULL;NULL;NULL;NULL;NULL;NULL;NULL;NULL;NULL;NULL;NULL;NULL;NULL;NULL;NULL;NULL;0;0;0;0.0;0.0;0.0;0.0;0.0;0.0;0.0;0.0;999;99
79;79;71.83;35;106;NULL;NULL;488.1964;484.3713;182;116;NULL;5.33;0.201419845156184;139;106;left;0;0;0;12;NULL;0.0;0.0;0;0;0;0.0;0.0;0.0;0.0;0.0;0.0;NULL;0.0;999;99;0.0;0.0;NULL;NULL;NULL;NULL;NULL;NULL;NULL;NULL;NULL;NULL;NULL;NULL;NULL;NULL;NULL;NULL;NULL;NULL;NULL;NULL;NULL;NULL;0;0;0;0.0;0.0;0.0;0.0;0.0;0.0;0.0;0.0;999;99
80;80;98.92;128;126;NULL;NULL;433.7074;424.2286;354, 130;305;NULL;9.58;0.60195440217691;477;355;right;420;0;0;127;NULL;0.0;0.0;420;0;0;1659.697535354899;1315.454583750947;344.242951603952;1516.0183151262822;1308.7997549899103;207.21856013637188;NULL;143.6792202286167;9;1;0.0;0.0;NULL;NULL;parcelle_128: 91.1569764704474; parcelle_108: 49.41583725320279; parcelle_112: 21.961429050055898; parcelle_36: 0.4394338076192447; parcelle_35: 1.8554953638393208; parcelle_13: 5.472895268051736; parcelle_12: 4.594154220531138; parcelle_109: 8.439693422211638; parcelle_111: 13.36894192386028; parcelle_110: 7.6769699474432835; parcelle_113: 2.5259465688920386; parcelle_23: 0.0; parcelle_137: 0.3107868402170596;NULL;NULL;NULL;;NULL;line_80: 0.0; line_354: 0.0; line_212: 0.0; line_278: 0.03439211319723064; line_67: 0.012953263208042676; line_371: 0.10347976176451426; line_100: 0.0; parcelle_23: 0.015955159728385866; line_53: 0.0;NULL;NULL;NULL;line_80: 143.6792202286167; line_354: 144.2639862757372; line_53: 2.607900682247557;NULL;NULL;NULL;parcelle_137: 17.42925959396142; parcelle_109: 98.25382377633088; parcelle_12: 51.20230826608228; parcelle_13: 59.80267958501267; parcelle_35: 20.204620790924363; parcelle_36: 4.701168800611683; parcelle_108: 521.9497978795667; parcelle_112: 231.96537974432852; parcelle_111: 141.20810094278585; parcelle_110: 81.08722092198943; parcelle_113: 26.68005591673617; parcelle_23: 0.0; parcelle_128: 54.31533877157978;;;;;NULL;420;0;0;1659.697535354899;1315.454583750947;344.242951603952;1516.0183151262822;1308.7997549899103;207.21856013637188;143.6792202286167;0.0;9;1
81;81;33.91;39;141;NULL;NULL;446.6553;441.1271;60;112;NULL;16.3;0.186524036008735;348;261;left;0;0;0;141;NULL;0.0;0.0;0;0;0;0.0;0.0;0.0;0.0;0.0;0.0;NULL;0.0;999;99;0.0;0.0;NULL;NULL;NULL;NULL;NULL;NULL;NULL;NULL;NULL;NULL;NULL;NULL;NULL;NULL;NULL;NULL;NULL;NULL;NULL;NULL;NULL;NULL;0;0;0;0.0;0.0;0.0;0.0;0.0;0.0;0.0;0.0;999;99
82;82;119.56;92;106;NULL;NULL;488.1964;469.4443;182;36;NULL;15.68;0.490143289314712;181;137;right;310;0;0;135;NULL;0.0;0.0;310;0;0;629.733386905632;0.0;629.733386905632;629.733386905632;629.733386905632;0.0;NULL;0.0;0;0;0.0;0.0;NULL;NULL;;NULL;NULL;NULL;;NULL;;NULL;NULL;NULL;line_82: 0.0;NULL;NULL;NULL;parcelle_92: 577.919502144; parcelle_35: 51.81388476163201;;;;;NULL;310;0;0;629.733386905632;0.0;629.733386905632;629.733386905632;629.733386905632;0.0;0.0;0.0;0;0
83;83;33.12;15;141;NULL;NULL;443.3868;439.2572;168, 307;338;NULL;12.47;0.40354529635239;435;325;right;500;0;0;17;NULL;0.0;0.0;500;0;0;431.049224031336;420.97415917022397;10.075064861112;431.049224031336;431.049224031336;0.0;NULL;0.0;0;0;0.0;0.0;NULL;NULL;;NULL;NULL;NULL;;NULL;;NULL;NULL;NULL;line_83: 0.0; line_410: 0.0; line_307: 0.0; line_225: 0.0;NULL;NULL;NULL;parcelle_24: 314.24773601951995; parcelle_140: 85.40176767999999; parcelle_39: 10.425833715200001; parcelle_138: 16.981727535024; parcelle_15: 3.180689962; parcelle_40: 0.027711479592; parcelle_47: 0.7837576399999999;;;;;NULL;500;0;0;431.049224031336;420.97415917022397;10.075064861112;431.049224031336;431.049224031336;0.0;0.0;0.0;0;0
84;84;67.16;51;72;NULL;NULL;538.6996;538.1606;106;327, 44;NULL;0.8;0.735032945146904;13;11;left;0;0;0;56;NULL;0.0;0.0;0;0;0;0.0;0.0;0.0;0.0;0.0;0.0;NULL;0.0;999;99;0.0;0.0;NULL;NULL;NULL;NULL;NULL;NULL;NULL;NULL;NULL;NULL;NULL;NULL;NULL;NULL;NULL;NULL;NULL;NULL;NULL;NULL;NULL;NULL;0;0;0;0.0;0.0;0.0;0.0;0.0;0.0;0.0;0.0;999;99
85;85;107.61;NULL;NULL;24;NULL;455.2818;454.3422;NULL;225;NULL;0.87;0.0;350;263;right;0;0;0;140;NULL;0.0;0.0;0;0;0;0.0;0.0;0.0;0.0;0.0;0.0;NULL;0.0;999;99;0.0;0.0;NULL;NULL;NULL;NULL;NULL;NULL;NULL;NULL;NULL;NULL;NULL;NULL;NULL;NULL;NULL;NULL;NULL;NULL;NULL;NULL;NULL;NULL;0;0;0;0.0;0.0;0.0;0.0;0.0;0.0;0.0;0.0;999;99
86;86;202.0;NULL;NULL;34;NULL;450.09;437.6316;227;203;NULL;6.17;0.0;402;303;left;0;0;0;29;NULL;0.0;0.0;0;0;0;0.0;0.0;0.0;0.0;0.0;0.0;NULL;0.0;999;99;0.0;0.0;NULL;NULL;NULL;NULL;NULL;NULL;NULL;NULL;NULL;NULL;NULL;NULL;NULL;NULL;NULL;NULL;NULL;NULL;NULL;NULL;NULL;NULL;0;0;0;0.0;0.0;0.0;0.0;0.0;0.0;0.0;0.0;999;99
87;87;201.1501031954704;NULL;NULL;119;NULL;431.7071;423.04532;21, 358;304;NULL;3.45;0.0;497;370;right;0;0;0;50;NULL;0.0;0.0;0;0;0;0.0;0.0;0.0;0.0;0.0;0.0;NULL;0.0;999;99;0.0;0.0;NULL;NULL;NULL;NULL;NULL;NULL;NULL;NULL;NULL;NULL;NULL;NULL;NULL;NULL;NULL;NULL;NULL;NULL;NULL;NULL;NULL;NULL;0;0;0;0.0;0.0;0.0;0.0;0.0;0.0;0.0;0.0;999;99
88;88;35.32;53;97;NULL;NULL;451.9086;449.3446;139, 234;222, 207;NULL;7.26;0.060351695169856;330;247;right;310;0;0;134;NULL;0.0;0.0;310;0;0;1314.100516741491;875.9136627322357;438.1868540092554;1314.100516741491;1314.100516741491;0.0;NULL;0.0;0;1;0.0;0.0;NULL;NULL;;NULL;NULL;NULL;;NULL;;NULL;NULL;NULL;line_88: 0.0; line_139: 0.0; line_385: 0.0; line_10: 0.0; line_234: 0.0;NULL;NULL;NULL;parcelle_25: 205.09360017277757; parcelle_26: 82.55313786528997; parcelle_38: 127.97489341742369; parcelle_37: 562.2649279199999; parcelle_53: 210.114792216; parcelle_7: 126.09916515;;;;;NULL;310;0;0;1314.100516741491;875.9136627322357;438.1868540092554;1314.100516741491;1314.100516741491;0.0;0.0;0.0;0;1
89;89;142.82;97;45;NULL;NULL;449.7055;434.6717;198, 23;NULL;NULL;10.53;0.289031796944471;410;309;right;420;0;0;27;NULL;0.0;0.0;420;0;0;1760.7085429199458;1157.0337689247274;603.6747739952184;1534.1635544750711;1359.6823497771857;174.4812046978854;27.0;226.54498844487466;13;1;0.0;0.0;NULL;NULL;parcelle_97: 41.498013531647075; parcelle_94: 9.705498388942228; parcelle_59: 42.39431688887262; parcelle_93: 0.0; parcelle_95: 6.659462228716329; parcelle_37: 8.107320543339188; parcelle_96: 0.028665435186152083; parcelle_85: 0.6617551846753513; parcelle_80: 0.1746526022085057; parcelle_84: 0.0; parcelle_60: 19.51291281658912; parcelle_38: 4.740902926190756; parcelle_26: 7.274869305185206; parcelle_25: 0.4915353118402459; parcelle_91: 33.23129953449258;NULL;NULL;NULL;;NULL;line_89: 0.0; line_378: 0.0; line_155: 0.0; line_261: 0.0; line_144: 0.0; line_372: 0.0; line_241: 0.0; line_324: 0.0; line_369: 0.07249330998538944; line_346: 0.0; line_310: 0.0; line_251: 0.0; line_365: 0.0; line_189: 0.0; line_385: 0.0; line_10: 0.0;NULL;NULL;NULL;line_89: 226.54498844487466; line_23: 62.706866043728304; line_70: 5.003052017441701; line_261: 4.8295626550500685; line_378: 68.0137544001387; line_155: 93.10930029396022;NULL;NULL;NULL;parcelle_59: 1047.959182110919; parcelle_93: 0.0; parcelle_95: 17.825226460899223; parcelle_96: 0.07588199760702977; parcelle_94: 23.86708855147032; parcelle_37: 19.93696042889351; parcelle_85: 1.6273424567290629; parcelle_80: 0.42949356700778685; parcelle_84: 0.0; parcelle_60: 47.98480195733769; parcelle_38: 11.658499689437544; parcelle_26: 17.889854075402305; parcelle_25: 1.2087495503818544; parcelle_91: 81.72010718932385; parcelle_97: 87.49916174177636;;;;;NULL;420;0;0;1760.7085429199458;1157.0337689247274;603.6747739952184;1534.1635544750711;1359.6823497771857;174.4812046978854;226.54498844487466;0.0;13;1
90;90;178.27;NULL;NULL;92;NULL;500.1423;478.7623;NULL;15;NULL;11.99;0.0;177;134;left;0;0;0;59;NULL;0.0;0.0;0;0;0;0.0;0.0;0.0;0.0;0.0;0.0;NULL;0.0;999;99;0.0;0.0;NULL;NULL;NULL;NULL;NULL;NULL;NULL;NULL;NULL;NULL;NULL;NULL;NULL;NULL;NULL;NULL;NULL;NULL;NULL;NULL;NULL;NULL;0;0;0;0.0;0.0;0.0;0.0;0.0;0.0;0.0;0.0;999;99
91;91;115.19;63;41;NULL;NULL;474.8644;461.5362;255;47;NULL;11.57;0.224951054343865;231;174;right;0;0;0;102;NULL;0.0;0.0;0;0;0;0.0;0.0;0.0;0.0;0.0;0.0;NULL;0.0;999;99;0.0;0.0;NULL;NULL;NULL;NULL;NULL;NULL;NULL;NULL;NULL;NULL;NULL;NULL;NULL;NULL;NULL;NULL;NULL;NULL;NULL;NULL;NULL;NULL;0;0;0;0.0;0.0;0.0;0.0;0.0;0.0;0.0;0.0;999;99
92;92;81.95;96;10;NULL;NULL;454.9034;450.9336;167;70;NULL;4.84;0.657901172045733;323;242;right;0;0;0;10;NULL;0.0;0.0;0;0;0;0.0;0.0;0.0;0.0;0.0;0.0;NULL;0.0;999;99;0.0;0.0;NULL;NULL;NULL;NULL;NULL;NULL;NULL;NULL;NULL;NULL;NULL;NULL;NULL;NULL;NULL;NULL;NULL;NULL;NULL;NULL;NULL;NULL;0;0;0;0.0;0.0;0.0;0.0;0.0;0.0;0.0;0.0;999;99
93;93;93.85;52;77;NULL;NULL;546.9973;526.5953;102, 396;398;NULL;21.74;0.757906664730213;17;14;right;0;0;0;76;NULL;0.0;0.0;0;0;0;0.0;0.0;0.0;0.0;0.0;0.0;NULL;0.0;999;99;0.0;0.0;NULL;NULL;NULL;NULL;NULL;NULL;NULL;NULL;NULL;NULL;NULL;NULL;NULL;NULL;NULL;NULL;NULL;NULL;NULL;NULL;NULL;NULL;0;0;0;0.0;0.0;0.0;0.0;0.0;0.0;0.0;0.0;999;99
94;94;45.32;13;112;NULL;NULL;481.1362;477.5233;218, 201;172;NULL;7.97;0.453057191131729;173;130;right;0;0;0;112;NULL;0.0;0.0;0;0;0;0.0;0.0;0.0;0.0;0.0;0.0;NULL;0.0;999;99;0.0;0.0;NULL;NULL;NULL;NULL;NULL;NULL;NULL;NULL;NULL;NULL;NULL;NULL;NULL;NULL;NULL;NULL;NULL;NULL;NULL;NULL;NULL;NULL;0;0;0;0.0;0.0;0.0;0.0;0.0;0.0;0.0;0.0;999;99
95;95;65.62;122;123;NULL;NULL;442.5027;433.1222;186, 211;298;NULL;14.3;0.241075060833039;451;337;left;310;0;0;125;NULL;0.0;0.0;310;0;0;3091.61427826967;3091.61427826967;0.0;3091.61427826967;3091.61427826967;0.0;NULL;0.0;0;2;0.0;0.0;NULL;NULL;;NULL;NULL;NULL;;NULL;;NULL;NULL;NULL;line_95: 0.0; line_186: 0.0; parcelle_23: 19.794032540158657; line_348: 0.0; line_100: 178.90757874750443; line_212: 2.5167618009696655; line_211: 0.0;NULL;NULL;NULL;parcelle_112: 1299.4430989473537; parcelle_36: 20.21241974395228; parcelle_35: 51.01014573131209; parcelle_13: 130.2937381915395; parcelle_12: 12.237948202404908; parcelle_113: 533.8644097281854; parcelle_23: 0.0; parcelle_114: 1044.5525177249226; parcelle_122: 0.0; parcelle_121: 0.0;;;;;NULL;310;0;0;3091.61427826967;3091.61427826967;0.0;3091.61427826967;3091.61427826967;0.0;0.0;0.0;0;2
96;96;81.78;31;30;NULL;NULL;449.974;436.6823;6;208;NULL;16.25;0.318793887647871;392;294;left;310;0;0;146;NULL;0.0;0.0;310;0;0;62.20450311840001;0.0;62.20450311840001;62.20450311840001;62.20450311840001;0.0;146.0;0.0;0;0;0.0;0.0;NULL;NULL;;NULL;NULL;NULL;;NULL;;NULL;NULL;NULL;line_96: 0.0;NULL;NULL;NULL;parcelle_31: 56.55910500000002; parcelle_49: 5.645398118400001;;;;;NULL;310;0;0;62.20450311840001;0.0;62.20450311840001;62.20450311840001;62.20450311840001;0.0;0.0;0.0;0;0
97;97;13.71;130;129;NULL;NULL;419.2944;418.3761;216, 33;263;NULL;NULL;0.0;577;427;right;700;0;0;18;216:different_direction, 33:dwn;0.89757;0.46855;700;0;800;665.7773288000001;9892.908501524751;366.17753084000003;10259.08603236475;0.0;366.17753084000003;NULL;299.59979796000005;45;0;0.0;0.0;NULL;NULL;parcelle_130: 0.0; parcelle_141: 0.0; parcelle_39: 0.0; parcelle_138: 0.0; parcelle_140: 0.0; parcelle_139: 0.0; parcelle_64: 0.0; parcelle_17: 0.0; parcelle_24: 0.0; parcelle_15: 0.0; parcelle_40: 0.0; parcelle_47: 0.0; parcelle_62: 0.0; parcelle_63: 0.0; parcelle_21: 0.0; parcelle_44: 0.0; parcelle_32: 0.0; parcelle_33: 0.0; parcelle_57: 0.0; parcelle_58: 0.0; parcelle_41: 0.0; parcelle_129: 366.17753084000003; parcelle_85: 13.837925335467595; parcelle_80: 3.6521507121883605; parcelle_84: 0.0; parcelle_92: 2539.769190837563; parcelle_35: 703.3947579542629; parcelle_93: 0.0; parcelle_95: 48.03717975039167; parcelle_59: 27.23956435968067; parcelle_135: 593.083618772778; parcelle_106: 500.1001945704723; parcelle_13: 762.1576515290835; parcelle_36: 22.796091019452174; parcelle_107: 1733.967954198587; parcelle_12: 385.3077100676784; parcelle_109: 956.8204156681327; parcelle_136: 223.1613524135366; parcelle_137: 840.6866296914637; parcelle_46: 305.3031552; parcelle_11: 132.89249801163905; parcelle_10: 80.9101653150174; parcelle_96: 11.685263680393623; parcelle_94: 0.9470174610490384; parcelle_37: 0.7910746887157607; parcelle_60: 1.9039794158629961; parcelle_38: 0.46259529107298586; parcelle_26: 0.7098479627495907; parcelle_25: 0.047961733069292654; parcelle_91: 3.242555884442853;NULL;NULL;NULL;line_97: 299.59979796000005; line_35: 6.564999670632319; line_217: 7.556177072928586; line_33: 0.0; line_56: 0.0; line_155: 0.0; line_70: 0.0; line_378: 0.0; line_261: 0.0; line_144: 0.0; line_372: 0.0; line_241: 0.0; line_324: 0.0; line_369: 1.8931110043341122; line_346: 0.0; line_310: 0.0; line_251: 0.0; line_365: 0.0; line_189: 0.0; line_385: 0.0; line_10: 0.0; line_8: 0.0; line_103: 0.0; line_302: 0.0; line_375: 0.0; line_260: 0.0; line_167: 0.0; line_383: 0.0; line_52: 0.0; line_99: 0.0; line_15: 0.0; line_204: 0.0; line_361: 0.0; line_409: 0.0; line_108: 0.0; line_319: 0.0; line_20: 0.0; line_36: 0.0; line_393: 0.0; line_82: 0.0; line_22: 0.0; line_27: 0.0; line_53: 1.018034235082889; parcelle_130: 331.54065134999206; line_19: 4.89341946300665; line_107: 0.08592777980134927; line_424: 0.10832617906775267; line_338: 2.4066100776650963; line_83: 0.0; line_410: 0.0; line_307: 0.0; line_225: 0.0; line_350: 0.0; line_294: 9.079456510467516; line_386: 23.270242008648847; line_429: 0.0; line_363: 0.0; line_113: 0.0; line_317: 0.0; line_206: 17.04031679497117; line_163: 2.545562111268674; line_292: 0.7900876658358034; line_419: 0.8425873914308764; line_326: 2.055114996731425; line_26: 0.015917824734420466; line_165: 0.2622443152527462; line_47: 0.0; line_421: 0.0;NULL;;NULL;NULL;NULL;;NULL;NULL;NULL;;;;;line_35: 6.564999670632319; line_217: 7.556177072928586; line_33: 0.0; line_56: 0.0; line_155: 0.0; line_70: 0.0; line_378: 0.0; line_261: 0.0; line_144: 0.0; line_372: 0.0; line_241: 0.0; line_324: 0.0; line_369: 1.8931110043341122; line_346: 0.0; line_310: 0.0; line_251: 0.0; line_365: 0.0; line_189: 0.0; line_385: 0.0; line_10: 0.0; line_8: 0.0; line_103: 0.0; line_302: 0.0; line_375: 0.0; line_260: 0.0; line_167: 0.0; line_383: 0.0; line_52: 0.0; line_99: 0.0; line_15: 0.0; line_204: 0.0; line_361: 0.0; line_409: 0.0; line_108: 0.0; line_319: 0.0; line_20: 0.0; line_36: 0.0; line_393: 0.0; line_82: 0.0; line_22: 0.0; line_27: 0.0; line_53: 1.018034235082889;NULL;700;0;800;665.7773288000001;9892.908501524751;366.17753084000003;10259.08603236475;0.0;366.17753084000003;299.59979796000005;0.0;45;0
98;98;79.1;89;98;NULL;NULL;506.3373;495.1375;299;187, 417;NULL;14.16;0.370719539713316;99;76;left;0;0;0;105;NULL;0.0;0.0;0;0;0;0.0;0.0;0.0;0.0;0.0;0.0;NULL;0.0;999;99;0.0;0.0;NULL;NULL;NULL;NULL;NULL;NULL;NULL;NULL;NULL;NULL;NULL;NULL;NULL;NULL;NULL;NULL;NULL;NULL;NULL;NULL;NULL;NULL;0;0;0;0.0;0.0;0.0;0.0;0.0;0.0;0.0;0.0;999;99
99;99;17.79;92;93;NULL;NULL;471.2594;470.0413;15;52, 393;NULL;6.85;0.956304755963035;183;139;left;310;0;0;93;NULL;0.0;0.0;310;0;0;3225.526646346003;2966.459113758243;259.06753258776;3225.526646346003;3225.526646346003;0.0;NULL;0.0;0;2;0.0;0.0;NULL;NULL;;NULL;NULL;NULL;;NULL;;NULL;NULL;NULL;line_99: 0.0; line_15: 0.0; line_204: 0.0; line_241: 0.0; line_324: 0.0; line_369: 2.7135124057671987; line_346: 0.0;NULL;NULL;NULL;parcelle_85: 19.816238530802217; parcelle_80: 5.229966769488877; parcelle_84: 0.0; parcelle_92: 2937.1478495039996; parcelle_35: 263.3325915417121;;;;;NULL;310;0;0;3225.526646346003;2966.459113758243;259.06753258776;3225.526646346003;3225.526646346003;0.0;0.0;0.0;0;2
100;100;125.14;113;108;NULL;NULL;453.0562;446.6922;212, 314;130, 348;NULL;5.09;0.375092014374474;314;235;left;420;0;0;126;NULL;0.0;0.0;420;0;0;2951.9784684868837;236.80710353338606;2715.1713649534977;2710.0153514955036;1691.576254843206;1018.4390966522975;NULL;241.9631169913801;8;2;0.0;0.0;NULL;NULL;parcelle_113: 287.0873414425456; parcelle_112: 628.0410091238341; parcelle_36: 9.768976035279714; parcelle_35: 24.65399479715505; parcelle_13: 62.97298502921707; parcelle_12: 5.9147902242658965; parcelle_23: 0.0;NULL;NULL;NULL;;NULL;line_100: 0.0; parcelle_23: 2.833420724534213;NULL;NULL;NULL;line_100: 241.9631169913801; line_212: 3.403788337814918;NULL;NULL;NULL;parcelle_112: 1093.294962953331; parcelle_36: 17.00585174761606; parcelle_35: 42.91772023933641; parcelle_13: 109.6234900816857; parcelle_12: 10.296477881495239; parcelle_113: 418.4377519397416; parcelle_23: 0.0;;;;;NULL;420;0;0;2951.9784684868837;236.80710353338606;2715.1713649534977;2710.0153514955036;1691.576254843206;1018.4390966522975;241.9631169913801;0.0;8;2
101;101;117.15;58;100;NULL;NULL;497.2602;472.67;26;131, 40;NULL;20.99;0.561361399958249;168;126;right;0;0;0;99;NULL;0.0;0.0;0;0;0;0.0;0.0;0.0;0.0;0.0;0.0;NULL;0.0;999;99;0.0;0.0;NULL;NULL;NULL;NULL;NULL;NULL;NULL;NULL;NULL;NULL;NULL;NULL;NULL;NULL;NULL;NULL;NULL;NULL;NULL;NULL;NULL;NULL;0;0;0;0.0;0.0;0.0;0.0;0.0;0.0;0.0;0.0;999;99
102;102;133.93;1;52;NULL;NULL;550.9446;546.9973;NULL;93;NULL;2.95;0.92919709036536;6;5;left;0;0;0;77;NULL;0.0;0.0;0;0;0;0.0;0.0;0.0;0.0;0.0;0.0;NULL;0.0;999;99;0.0;0.0;NULL;NULL;NULL;NULL;NULL;NULL;NULL;NULL;NULL;NULL;NULL;NULL;NULL;NULL;NULL;NULL;NULL;NULL;NULL;NULL;NULL;NULL;0;0;0;0.0;0.0;0.0;0.0;0.0;0.0;0.0;0.0;999;99
103;103;35.39;136;46;NULL;NULL;442.4632;437.5269;302, 361;8;NULL;13.95;0.82698245962176;420;315;left;310;0;0;46;NULL;0.0;0.0;310;0;0;11322.697961211541;10661.392325560044;661.3056356514976;11322.697961211541;11322.697961211541;0.0;NULL;0.0;0;7;0.0;0.0;NULL;NULL;;NULL;NULL;NULL;;NULL;;NULL;NULL;NULL;line_103: 0.0; line_302: 0.0; line_375: 0.0; line_260: 0.0; line_167: 0.0; line_383: 0.0; line_155: 0.0; line_52: 0.0; line_99: 0.0; line_15: 0.0; line_204: 0.0; line_241: 0.0; line_324: 0.0; line_369: 2.7135124057671987; line_346: 0.0; line_361: 0.0; line_409: 0.0; line_108: 0.0; line_319: 0.0; line_20: 0.0; line_36: 0.0; line_393: 0.0; line_82: 0.0; line_22: 0.0;NULL;NULL;NULL;parcelle_85: 19.816238530802217; parcelle_80: 5.229966769488877; parcelle_84: 0.0; parcelle_92: 3654.0606496319997; parcelle_35: 967.38770132061; parcelle_93: 0.0; parcelle_95: 52.321211093; parcelle_59: 25.508330355494124; parcelle_135: 853.29152; parcelle_106: 719.5128; parcelle_13: 949.6529376102823; parcelle_36: 28.404064118784273; parcelle_107: 2494.72436; parcelle_12: 357.32453136808005; parcelle_109: 706.0747457010002; parcelle_136: 321.07055999999994; parcelle_137: 168.318344712;;;;;NULL;310;0;0;11322.697961211541;10661.392325560044;661.3056356514976;11322.697961211541;11322.697961211541;0.0;0.0;0.0;0;7
104;104;133.5;58;101;NULL;NULL;481.4821;469.039;256;391;NULL;9.32;0.982580376640236;171;129;left;0;0;0;99;NULL;0.0;0.0;0;0;0;0.0;0.0;0.0;0.0;0.0;0.0;NULL;0.0;999;99;0.0;0.0;NULL;NULL;NULL;NULL;NULL;NULL;NULL;NULL;NULL;NULL;NULL;NULL;NULL;NULL;NULL;NULL;NULL;NULL;NULL;NULL;NULL;NULL;0;0;0;0.0;0.0;0.0;0.0;0.0;0.0;0.0;0.0;999;99
105;105;104.0;1;65;NULL;NULL;532.5331;498.0039;150;126;NULL;33.2;0.894934361602025;10;9;left;0;0;0;55;NULL;0.0;0.0;0;0;0;0.0;0.0;0.0;0.0;0.0;0.0;NULL;0.0;999;99;0.0;0.0;NULL;NULL;NULL;NULL;NULL;NULL;NULL;NULL;NULL;NULL;NULL;NULL;NULL;NULL;NULL;NULL;NULL;NULL;NULL;NULL;NULL;NULL;0;0;0;0.0;0.0;0.0;0.0;0.0;0.0;0.0;0.0;999;99
106;106;385.95;1;51;NULL;NULL;550.9446;538.6996;NULL;295, 84;NULL;3.17;0.905346564589518;7;6;right;0;0;0;72;NULL;0.0;0.0;0;0;0;0.0;0.0;0.0;0.0;0.0;0.0;NULL;0.0;999;99;0.0;0.0;NULL;NULL;NULL;NULL;NULL;NULL;NULL;NULL;NULL;NULL;NULL;NULL;NULL;NULL;NULL;NULL;NULL;NULL;NULL;NULL;NULL;NULL;0;0;0;0.0;0.0;0.0;0.0;0.0;0.0;0.0;0.0;999;99
107;107;65.38;64;139;NULL;NULL;454.5796;442.8262;424;120, 386;NULL;17.98;0.996087473818486;311;233;left;420;0;0;132;NULL;0.0;0.0;420;0;0;1060.9980439962662;36.35031174434398;1024.6477322519222;1058.3593547390587;37.7205835664011;1020.6387711726576;NULL;2.638689257207533;0;1;0.0;0.0;NULL;NULL;parcelle_64: 1007.5640590064313; parcelle_138: 13.07471216622606;NULL;NULL;NULL;;NULL;line_107: 0.0; line_424: 0.0;NULL;NULL;NULL;line_107: 2.638689257207533; line_424: 3.326504253237207; line_429: 0.0;NULL;NULL;NULL;parcelle_138: 34.021726787311955; parcelle_64: 3.698856779089142;;;;;NULL;420;0;0;1060.9980439962662;36.35031174434398;1024.6477322519222;1058.3593547390587;37.7205835664011;1020.6387711726576;2.638689257207533;0.0;0;1
108;108;88.63;109;135;NULL;NULL;463.2116;457.1563;319, 364;409, 16;NULL;6.83;0.943800951583229;270;203;left;310;0;0;137;NULL;0.0;0.0;310;0;0;7641.35876933509;6693.446969668687;947.9117996664029;7641.35876933509;7641.35876933509;0.0;NULL;0.0;0;5;0.0;0.0;NULL;NULL;;NULL;NULL;NULL;;NULL;;NULL;NULL;NULL;line_108: 0.0; line_319: 0.0; line_20: 0.0; line_36: 0.0; line_393: 0.0; line_99: 0.0; line_15: 0.0; line_204: 0.0; line_241: 0.0; line_324: 0.0; line_369: 0.9561900858417747; line_346: 0.0; line_82: 0.0; line_22: 0.0;NULL;NULL;NULL;parcelle_85: 6.982865006092209; parcelle_80: 1.8429406711532232; parcelle_84: 0.0; parcelle_92: 1751.9077566198855; parcelle_35: 789.6365804649959; parcelle_106: 719.5128; parcelle_13: 925.9069165390192; parcelle_36: 27.693822009944558; parcelle_107: 2494.72436; parcelle_12: 325.47299022400006; parcelle_109: 597.6777378000002;;;;;NULL;310;0;0;7641.35876933509;6693.446969668687;947.9117996664029;7641.35876933509;7641.35876933509;0.0;0.0;0.0;0;5
109;109;49.12;40;31;NULL;NULL;452.1003;446.8936;242;355, 407;NULL;10.6;0.703146544139477;363;273;left;310;0;0;14;NULL;0.0;0.0;310;0;0;108.79321617599999;0.0;108.79321617599999;108.79321617599999;108.79321617599999;0.0;NULL;0.0;0;0;0.0;0.0;NULL;NULL;;NULL;NULL;NULL;;NULL;;NULL;NULL;NULL;line_109: 0.0; line_242: 0.0;NULL;NULL;NULL;parcelle_49: 0.0; parcelle_40: 108.79321617599999;;;;;NULL;310;0;0;108.79321617599999;0.0;108.79321617599999;108.79321617599999;108.79321617599999;0.0;0.0;0.0;0;0
110;110;50.17;98;103;NULL;NULL;483.7922;475.3169;187, 11;124, 119;NULL;16.89;0.54654051463023;133;101;right;420;0;0;69;NULL;0.0;0.0;420;0;0;0.0;0.0;0.0;0.0;0.0;0.0;NULL;0.0;0;0;0.0;0.0;NULL;NULL;;NULL;NULL;NULL;;NULL;line_110: 0.0;NULL;NULL;NULL;line_110: 0.0; line_11: 0.0; line_253: 0.0;NULL;NULL;NULL;parcelle_105: 0.0; parcelle_89: 0.0; parcelle_88: 0.0; parcelle_78: 0.0; parcelle_74: 0.0;;;;;NULL;420;0;0;0.0;0.0;0.0;0.0;0.0;0.0;0.0;0.0;0;0
111;111;64.2;25;53;NULL;NULL;465.265;461.2128;10;173;NULL;6.31;0.580845036828476;235;177;right;0;0;0;53;NULL;0.0;0.0;0;0;0;0.0;0.0;0.0;0.0;0.0;0.0;NULL;0.0;999;99;0.0;0.0;NULL;NULL;NULL;NULL;NULL;NULL;NULL;NULL;NULL;NULL;NULL;NULL;NULL;NULL;NULL;NULL;NULL;NULL;NULL;NULL;NULL;NULL;0;0;0;0.0;0.0;0.0;0.0;0.0;0.0;0.0;0.0;999;99
112;112;26.58;139;141;NULL;NULL;441.1271;435.7884;279, 81;214, 294;NULL;20.09;0.133986185418292;418;314;left;0;0;0;131;NULL;0.0;0.0;0;0;0;0.0;0.0;0.0;0.0;0.0;0.0;NULL;0.0;999;99;0.0;0.0;NULL;NULL;NULL;NULL;NULL;NULL;NULL;NULL;NULL;NULL;NULL;NULL;NULL;NULL;NULL;NULL;NULL;NULL;NULL;NULL;NULL;NULL;0;0;0;0.0;0.0;0.0;0.0;0.0;0.0;0.0;0.0;999;99
113;113;141.69;62;64;NULL;NULL;467.3043;443.6023;154;363;NULL;16.73;0.967001487762435;292;219;left;310;0;0;139;NULL;0.0;0.0;310;0;0;2128.82972950736;0.0;2128.82972950736;2128.82972950736;2128.82972950736;0.0;NULL;0.0;0;1;0.0;0.0;NULL;NULL;;NULL;NULL;NULL;;NULL;;NULL;NULL;NULL;line_113: 0.0;NULL;NULL;NULL;parcelle_62: 1346.3897422799998; parcelle_63: 782.4399872273601;;;;;NULL;310;0;0;2128.82972950736;0.0;2128.82972950736;2128.82972950736;2128.82972950736;0.0;0.0;0.0;0;1
114;114;38.81;142;144;NULL;NULL;433.112;421.2376;160;394, 282;NULL;30.6;0.492727341548292;515;380;left;310;0;0;143;NULL;0.0;0.0;310;0;0;240.53671760793947;0.0;240.53671760793947;240.53671760793947;240.53671760793947;0.0;NULL;0.0;0;0;0.0;0.0;NULL;NULL;;NULL;NULL;NULL;;NULL;;NULL;NULL;NULL;line_114: 0.0; line_148: 0.0; line_338: 0.0; line_107: 0.0; line_424: 0.0; line_402: 0.0; line_410: 0.0; line_75: 0.0; line_297: 0.0; line_355: 0.0; line_109: 0.0; line_242: 0.0; line_308: 0.0; line_376: 0.0;NULL;NULL;NULL;parcelle_142: 49.109856799; parcelle_15: 53.605758274566995; parcelle_24: 102.51825255514031; parcelle_40: 15.32066671887416; parcelle_47: 13.209059385739998; parcelle_49: 0.0; parcelle_14: 2.8312700576160004; parcelle_16: 0.0; parcelle_17: 2.71179716684; parcelle_141: 0.3540572075873076; parcelle_39: 0.1496347974871014; parcelle_138: 0.2580089201134695; parcelle_140: 0.4323832947598579; parcelle_139: 0.025326389684581264; parcelle_64: 0.01064604052971895;;;;;NULL;310;0;0;240.53671760793947;0.0;240.53671760793947;240.53671760793947;240.53671760793947;0.0;0.0;0.0;0;0
115;115;21.19;121;120;NULL;NULL;437.5059;436.3435;272, 193;232, 128;NULL;5.49;0.503321604797103;448;335;right;0;0;0;120;NULL;0.0;0.0;0;0;0;0.0;0.0;0.0;0.0;0.0;0.0;NULL;0.0;999;99;0.0;0.0;NULL;NULL;NULL;NULL;NULL;NULL;NULL;NULL;NULL;NULL;NULL;NULL;NULL;NULL;NULL;NULL;NULL;NULL;NULL;NULL;NULL;NULL;0;0;0;0.0;0.0;0.0;0.0;0.0;0.0;0.0;0.0;999;99
116;116;68.71;13;106;NULL;NULL;484.3713;478.6793;79, 228;22, 231;NULL;8.28;0.909090744247433;174;131;right;0;0;0;107;NULL;0.0;0.0;0;0;0;0.0;0.0;0.0;0.0;0.0;0.0;NULL;0.0;999;99;0.0;0.0;NULL;NULL;NULL;NULL;NULL;NULL;NULL;NULL;NULL;NULL;NULL;NULL;NULL;NULL;NULL;NULL;NULL;NULL;NULL;NULL;NULL;NULL;0;0;0;0.0;0.0;0.0;0.0;0.0;0.0;0.0;0.0;999;99
117;117;51.73;74;73;NULL;NULL;517.9541;510.2523;406;345, 336;NULL;14.89;0.672237604759516;64;49;left;0;0;0;98;NULL;0.0;0.0;0;0;0;0.0;0.0;0.0;0.0;0.0;0.0;NULL;0.0;999;99;0.0;0.0;NULL;NULL;NULL;NULL;NULL;NULL;NULL;NULL;NULL;NULL;NULL;NULL;NULL;NULL;NULL;NULL;NULL;NULL;NULL;NULL;NULL;NULL;0;0;0;0.0;0.0;0.0;0.0;0.0;0.0;0.0;0.0;999;99
118;118;53.56;80;82;NULL;NULL;502.1648;498.4019;247;149, 432;NULL;7.03;0.436801788367702;85;66;left;310;0;0;83;NULL;0.0;0.0;310;0;0;635.1452215226067;183.12098517360667;452.024236349;635.1452215226067;635.1452215226067;0.0;NULL;0.0;0;0;0.0;0.0;NULL;NULL;;NULL;NULL;NULL;;NULL;;NULL;NULL;NULL;line_118: 0.0; line_247: 0.0; parcelle_150: 19.126049685759977;NULL;NULL;NULL;parcelle_81: 183.12098517360667; parcelle_150: 0.0; parcelle_80: 452.024236349;;;;;NULL;310;0;0;635.1452215226067;183.12098517360667;452.024236349;635.1452215226067;635.1452215226067;0.0;0.0;0.0;0;0
119;119;76.96;103;69;NULL;NULL;475.3169;468.7557;110;18, 9;NULL;8.53;0.513691004813736;208;158;left;0;0;0;68;NULL;0.0;0.0;0;0;0;0.0;0.0;0.0;0.0;0.0;0.0;NULL;0.0;999;99;0.0;0.0;NULL;NULL;NULL;NULL;NULL;NULL;NULL;NULL;NULL;NULL;NULL;NULL;NULL;NULL;NULL;NULL;NULL;NULL;NULL;NULL;NULL;NULL;0;0;0;0.0;0.0;0.0;0.0;0.0;0.0;0.0;0.0;999;99
120;120;50.61;102;132;NULL;NULL;442.8262;438.9483;107, 363;379;NULL;7.66;0.980546200698069;336;252;left;310;0;0;133;NULL;0.0;0.0;310;0;0;2802.786781986043;2802.786781986043;0.0;2802.786781986043;2802.786781986043;0.0;NULL;0.0;0;2;0.0;0.0;NULL;NULL;;NULL;NULL;NULL;;NULL;;NULL;NULL;NULL;line_120: 0.0; line_107: 1.67320858528226; line_424: 2.1093561738242554; line_429: 0.0; line_363: 0.0; line_113: 0.0; line_317: 0.0; line_206: 331.81358139579834; line_163: 49.56786255609855; line_292: 15.38479719432166; line_419: 16.40708581615871; line_326: 40.017745881749754; line_26: 0.30995611740724177; line_165: 5.106491064202644; line_47: 0.0; line_421: 0.0;NULL;NULL;NULL;parcelle_138: 21.92018465572969; parcelle_64: 29.070963633097918; parcelle_62: 935.1081713245031; parcelle_63: 609.007170367291; parcelle_21: 37.25980221985023; parcelle_44: 3.5161028620697388; parcelle_32: 137.8979810008287; parcelle_33: 85.96931549170881; parcelle_57: 219.38295557279866; parcelle_58: 35.07213544204217; parcelle_41: 688.5819994161234;;;;;NULL;310;0;0;2802.786781986043;2802.786781986043;0.0;2802.786781986043;2802.786781986043;0.0;0.0;0.0;0;2
121;121;10.26;81;82;NULL;NULL;502.1648;501.2849;247;202;NULL;8.58;0.903484964433035;59;46;right;310;0;0;82;NULL;0.0;0.0;310;0;0;293.82557482639334;223.49616682639336;70.329408;293.82557482639334;293.82557482639334;0.0;82.0;0.0;0;0;0.0;0.0;NULL;NULL;;NULL;NULL;NULL;;NULL;;NULL;NULL;NULL;line_121: 0.0; parcelle_150: 30.68857748744003; line_247: 0.0;NULL;NULL;NULL;parcelle_81: 293.82557482639334; parcelle_150: 0.0;;;;;NULL;310;0;0;293.82557482639334;223.49616682639336;70.329408;293.82557482639334;293.82557482639334;0.0;0.0;0.0;0;0
122;122;39.25;9;133;NULL;NULL;442.276;438.9483;431, 54;379;NULL;8.48;0.100535365033161;412;310;right;310;0;0;133;NULL;0.0;0.0;310;0;0;4280.55596491526;4280.55596491526;0.0;4280.55596491526;4280.55596491526;0.0;NULL;0.0;0;3;0.0;0.0;NULL;NULL;;NULL;NULL;NULL;;NULL;;NULL;NULL;NULL;line_122: 0.0; line_431: 0.0; line_54: 0.0; line_222: 0.0; line_88: 0.0; line_139: 0.0; line_385: 0.0; line_10: 0.0; line_234: 0.0;NULL;NULL;NULL;parcelle_53: 1632.558583964; parcelle_25: 863.6891414844777; parcelle_26: 114.29792065435865; parcelle_7: 979.770497475; parcelle_38: 127.97489341742369; parcelle_37: 562.2649279199999;;;;;NULL;310;0;0;4280.55596491526;4280.55596491526;0.0;4280.55596491526;4280.55596491526;0.0;0.0;0.0;0;3
123;123;147.58;NULL;NULL;71;NULL;415.1;412.1;17;136;NULL;2.03;0.0;554;406;left;0;0;0;70;NULL;0.0;0.0;0;0;0;0.0;0.0;0.0;0.0;0.0;0.0;NULL;0.0;999;99;0.0;0.0;NULL;NULL;NULL;NULL;NULL;NULL;NULL;NULL;NULL;NULL;NULL;NULL;NULL;NULL;NULL;NULL;NULL;NULL;NULL;NULL;NULL;NULL;0;0;0;0.0;0.0;0.0;0.0;0.0;0.0;0.0;0.0;999;99
124;124;50.96;98;69;NULL;NULL;475.3169;472.4718;110;416;NULL;5.58;0.888296818336795;134;102;right;420;0;0;69;NULL;0.0;0.0;420;0;0;0.0;0.0;0.0;0.0;0.0;0.0;NULL;0.0;0;0;0.0;0.0;NULL;NULL;;NULL;NULL;NULL;;NULL;line_124: 0.0;NULL;NULL;NULL;line_124: 0.0; line_110: 0.0; line_11: 0.0; line_253: 0.0;NULL;NULL;NULL;parcelle_105: 0.0; parcelle_89: 0.0; parcelle_88: 0.0; parcelle_78: 0.0; parcelle_74: 0.0;;;;;NULL;420;0;0;0.0;0.0;0.0;0.0;0.0;0.0;0.0;0.0;0;0
125;125;61.07;89;90;NULL;NULL;499.9325;492.3543;333;356;NULL;12.41;0.021640393312098;104;81;right;420;0;0;104;NULL;0.0;0.0;420;0;0;273.406544348011;35.10504662001095;238.30149772800002;257.02454089674706;251.86760275905107;5.156938137695948;NULL;16.382003451263937;6;0;0.0;0.0;NULL;NULL;parcelle_89: 5.15693813769596; parcelle_88: 0.0; parcelle_78: 0.0; parcelle_74: 0.0;NULL;NULL;NULL;;NULL;line_125: 0.0; parcelle_88: 0.16141761742710728; parcelle_78: 0.018070171436056427; parcelle_74: 9.889095276451442e-05;NULL;NULL;NULL;line_125: 16.382003451263937; line_333: 1.1058817524963738; line_133: 0.019940209050705687; line_179: 0.0; line_301: 0.0;NULL;NULL;NULL;parcelle_78: 0.0; parcelle_74: 0.0; parcelle_88: 0.0; parcelle_89: 251.86760275905107;;;;;NULL;420;0;0;273.406544348011;35.10504662001095;238.30149772800002;257.02454089674706;251.86760275905107;5.156938137695948;16.382003451263937;0.0;6;0
126;126;37.08;65;55;NULL;NULL;498.0039;495.5986;105, 428;233;NULL;NULL;0.0;561;411;right;700;0;0;66;105:up, 428:different_direction;0.82982;0.87815;700;0;0;1536.7062423200002;0.0;1536.7062423200002;1536.7062423200002;0.0;1536.7062423200002;NULL;0.0;0;0;0.0;0.0;NULL;NULL;parcelle_65: 1508.9034800000002; parcelle_1: 0.0; parcelle_44: 27.802762319999996; parcelle_55: 0.0; parcelle_54: 0.0; parcelle_72: 0.0; parcelle_51: 0.0;NULL;NULL;NULL;parcelle_55: 174.45831215988846; parcelle_1: 2637.1711751952093; parcelle_51: 12.003105100631915;NULL;;NULL;NULL;NULL;;NULL;NULL;NULL;;;;;;NULL;700;0;0;1536.7062423200002;0.0;1536.7062423200002;1536.7062423200002;0.0;1536.7062423200002;0.0;0.0;0;0
127;127;19.0;10;27;NULL;NULL;437.7998;435.5854;159;266;NULL;11.65;0.950840549986123;383;288;left;0;0;0;27;NULL;0.0;0.0;0;0;0;0.0;0.0;0.0;0.0;0.0;0.0;NULL;0.0;999;99;0.0;0.0;NULL;NULL;NULL;NULL;NULL;NULL;NULL;NULL;NULL;NULL;NULL;NULL;NULL;NULL;NULL;NULL;NULL;NULL;NULL;NULL;NULL;NULL;0;0;0;0.0;0.0;0.0;0.0;0.0;0.0;0.0;0.0;999;99
128;128;103.16;120;124;NULL;NULL;436.3435;428.6259;115;178;NULL;7.48;0.630811243474373;483;363;left;0;0;0;119;NULL;0.0;0.0;0;0;0;0.0;0.0;0.0;0.0;0.0;0.0;NULL;0.0;999;99;0.0;0.0;NULL;NULL;NULL;NULL;NULL;NULL;NULL;NULL;NULL;NULL;NULL;NULL;NULL;NULL;NULL;NULL;NULL;NULL;NULL;NULL;NULL;NULL;0;0;0;0.0;0.0;0.0;0.0;0.0;0.0;0.0;0.0;999;99
129;129;89.03;1;54;NULL;NULL;525.7811;504.2005;295;373;NULL;24.24;0.564390827902799;9;8;right;0;0;0;55;NULL;0.0;0.0;0;0;0;0.0;0.0;0.0;0.0;0.0;0.0;NULL;0.0;999;99;0.0;0.0;NULL;NULL;NULL;NULL;NULL;NULL;NULL;NULL;NULL;NULL;NULL;NULL;NULL;NULL;NULL;NULL;NULL;NULL;NULL;NULL;NULL;NULL;0;0;0;0.0;0.0;0.0;0.0;0.0;0.0;0.0;0.0;999;99
130;130;129.18;108;126;NULL;NULL;446.6922;433.7074;100, 384;80;NULL;10.05;0.799160388564892;414;311;right;0;0;0;126;NULL;0.0;0.0;0;0;0;0.0;0.0;0.0;0.0;0.0;0.0;NULL;0.0;999;99;0.0;0.0;NULL;NULL;NULL;NULL;NULL;NULL;NULL;NULL;NULL;NULL;NULL;NULL;NULL;NULL;NULL;NULL;NULL;NULL;NULL;NULL;NULL;NULL;0;0;0;0.0;0.0;0.0;0.0;0.0;0.0;0.0;0.0;999;99
131;131;56.83;58;99;NULL;NULL;472.67;469.039;101, 40;391;NULL;6.39;0.729326955506096;206;157;right;0;0;0;99;NULL;0.0;0.0;0;0;0;0.0;0.0;0.0;0.0;0.0;0.0;NULL;0.0;999;99;0.0;0.0;NULL;NULL;NULL;NULL;NULL;NULL;NULL;NULL;NULL;NULL;NULL;NULL;NULL;NULL;NULL;NULL;NULL;NULL;NULL;NULL;NULL;NULL;0;0;0;0.0;0.0;0.0;0.0;0.0;0.0;0.0;0.0;999;99
132;132;23.23;31;145;NULL;NULL;436.6184;435.8054;208;160, 135;NULL;3.5;0.928356138487628;400;301;left;0;0;0;145;NULL;0.0;0.0;0;0;0;0.0;0.0;0.0;0.0;0.0;0.0;NULL;0.0;999;99;0.0;0.0;NULL;NULL;NULL;NULL;NULL;NULL;NULL;NULL;NULL;NULL;NULL;NULL;NULL;NULL;NULL;NULL;NULL;NULL;NULL;NULL;NULL;NULL;0;0;0;0.0;0.0;0.0;0.0;0.0;0.0;0.0;0.0;999;99
133;133;15.99;89;5;NULL;NULL;505.278;503.578;288, 179;397, 333;NULL;10.63;0.780212108936684;102;79;right;420;0;0;87;NULL;0.0;0.0;420;0;0;5.673845184000001;0.0;5.673845184000001;5.653904974949295;1.2271022581604065;4.426802716788889;NULL;0.019940209050705687;0;0;0.0;0.0;NULL;NULL;parcelle_89: 4.426802716788889; parcelle_88: 0.0; parcelle_78: 0.0; parcelle_74: 0.0;NULL;NULL;NULL;;NULL;line_133: 0.0; parcelle_88: 0.13856360659838474; parcelle_78: 0.015511740081046506; parcelle_74: 8.488966256232507e-05;NULL;NULL;NULL;line_133: 0.019940209050705687; line_179: 0.0; line_301: 0.0;NULL;NULL;NULL;parcelle_78: 0.0; parcelle_74: 0.0; parcelle_88: 0.0; parcelle_89: 1.2271022581604065;;;;;NULL;420;0;0;5.673845184000001;0.0;5.673845184000001;5.653904974949295;1.2271022581604065;4.426802716788889;0.019940209050705687;0.0;0;0
134;134;10.74;72;73;NULL;NULL;524.5454;522.6912;327;390;NULL;17.26;0.879731571552886;23;19;right;0;0;0;73;NULL;0.0;0.0;0;0;0;0.0;0.0;0.0;0.0;0.0;0.0;NULL;0.0;999;99;0.0;0.0;NULL;NULL;NULL;NULL;NULL;NULL;NULL;NULL;NULL;NULL;NULL;NULL;NULL;NULL;NULL;NULL;NULL;NULL;NULL;NULL;NULL;NULL;0;0;0;0.0;0.0;0.0;0.0;0.0;0.0;0.0;0.0;999;99
135;135;91.59;145;144;NULL;NULL;435.8054;417.9;407, 132;387;NULL;19.55;0.142110668555306;517;381;right;310;0;0;19;NULL;0.0;0.0;310;0;0;572.5995419516465;572.5995419516465;0.0;572.5995419516465;572.5995419516465;0.0;19.0;0.0;0;0;0.0;0.0;NULL;NULL;;NULL;NULL;NULL;;NULL;;NULL;NULL;NULL;line_135: 0.0; parcelle_145: 340.90698154599437; line_407: 0.0; line_109: 0.0; line_242: 0.0;NULL;NULL;NULL;parcelle_49: 43.13084162457601; parcelle_40: 97.35713812707051; parcelle_31: 432.1115622000001; parcelle_145: 0.0;;;;;NULL;310;0;0;572.5995419516465;572.5995419516465;0.0;572.5995419516465;572.5995419516465;0.0;0.0;0.0;0;0
136;136;8.18;NULL;NULL;70;NULL;412.1;411.63318;123, 329;NULL;NULL;5.71;0.0;557;408;left;0;0;0;70;NULL;0.0;0.0;0;0;0;0.0;0.0;0.0;0.0;0.0;0.0;NULL;0.0;999;99;0.0;0.0;NULL;NULL;NULL;NULL;NULL;NULL;NULL;NULL;NULL;NULL;NULL;NULL;NULL;NULL;NULL;NULL;NULL;NULL;NULL;NULL;NULL;NULL;0;0;0;0.0;0.0;0.0;0.0;0.0;0.0;0.0;0.0;999;99
137;137;26.75764728090828;119;50;NULL;NULL;424.0797;423.04532;14, 178;304;NULL;1.21;0.0;500;362;left;0;0;0;50;NULL;0.0;0.0;0;0;0;0.0;0.0;0.0;0.0;0.0;0.0;NULL;0.0;999;99;0.0;0.0;NULL;NULL;NULL;NULL;NULL;NULL;NULL;NULL;NULL;NULL;NULL;NULL;NULL;NULL;NULL;NULL;NULL;NULL;NULL;NULL;NULL;NULL;0;0;0;0.0;0.0;0.0;0.0;0.0;0.0;0.0;0.0;999;99
138;138;71.09;NULL;NULL;63;NULL;474.8644;471.0376;255;289, 154;NULL;5.38;0.0;227;172;left;0;0;0;62;NULL;0.0;0.0;0;0;0;0.0;0.0;0.0;0.0;0.0;0.0;NULL;0.0;999;99;0.0;0.0;NULL;NULL;NULL;NULL;NULL;NULL;NULL;NULL;NULL;NULL;NULL;NULL;NULL;NULL;NULL;NULL;NULL;NULL;NULL;NULL;NULL;NULL;0;0;0;0.0;0.0;0.0;0.0;0.0;0.0;0.0;0.0;999;99
139;139;97.95;37;53;NULL;NULL;462.4319;451.9086;385;88;NULL;10.74;0.336273542130134;302;226;left;310;0;0;97;NULL;0.0;0.0;310;0;0;693.5302362922357;313.6487348122357;379.88150147999994;693.5302362922357;693.5302362922357;0.0;NULL;0.0;0;0;0.0;0.0;NULL;NULL;;NULL;NULL;NULL;;NULL;;NULL;NULL;NULL;line_139: 0.0; line_385: 0.0; line_10: 0.0;NULL;NULL;NULL;parcelle_25: 107.80985081137754; parcelle_26: 77.86399058343457; parcelle_38: 127.97489341742369; parcelle_37: 379.88150147999994;;;;;NULL;310;0;0;693.5302362922357;313.6487348122357;379.88150147999994;693.5302362922357;693.5302362922357;0.0;0.0;0.0;0;0
140;140;78.03;30;34;NULL;NULL;449.2145;437.9524;359, 143;NULL;NULL;14.43;0.175023058975276;401;302;left;310;0;0;148;NULL;0.0;0.0;310;0;0;391.5198312;361.65831696;29.861514240000005;391.5198312;391.5198312;0.0;148.0;0.0;0;0;0.0;0.0;NULL;NULL;;NULL;NULL;NULL;;NULL;;NULL;NULL;NULL;line_140: 0.0; line_359: 0.0; line_143: 0.0;NULL;NULL;NULL;parcelle_49: 361.65831696; parcelle_30: 29.861514240000005;;;;;NULL;310;0;0;391.5198312;361.65831696;29.861514240000005;391.5198312;391.5198312;0.0;0.0;0.0;0;0
141;141;92.26;7;43;NULL;NULL;469.2288;455.9235;65, 280;215, 31;NULL;14.42;0.414534418138482;275;207;left;0;0;0;8;NULL;0.0;0.0;0;0;0;0.0;0.0;0.0;0.0;0.0;0.0;NULL;0.0;999;99;0.0;0.0;NULL;NULL;NULL;NULL;NULL;NULL;NULL;NULL;NULL;NULL;NULL;NULL;NULL;NULL;NULL;NULL;NULL;NULL;NULL;NULL;NULL;NULL;0;0;0;0.0;0.0;0.0;0.0;0.0;0.0;0.0;0.0;999;99
142;142;60.36;126;125;NULL;NULL;429.9742;422.5238;311, 298;199;NULL;12.34;0.047106450709643;490;364;right;310;0;0;20;NULL;0.0;0.0;310;0;0;4340.590677500815;4340.590677500815;0.0;4340.590677500815;4340.590677500815;0.0;NULL;0.0;0;3;0.0;0.0;NULL;NULL;;NULL;NULL;NULL;;NULL;;NULL;NULL;NULL;line_142: 0.0; parcelle_126: 2350.1951669511136; line_212: 2.5167618009696655; line_278: 0.0080821466013492; line_67: 0.0030440168538900286; line_371: 0.02431774401466085; line_100: 178.90757874750443; parcelle_23: 19.797782002694827; line_53: 0.0; line_80: 0.0; line_354: 0.0; line_298: 0.0; line_95: 0.0; line_186: 0.0; line_348: 0.0; line_211: 0.0; line_1: 0.0; line_64: 0.0;NULL;NULL;NULL;parcelle_112: 1299.4430989473537; parcelle_36: 20.21241974395228; parcelle_35: 51.01014573131209; parcelle_13: 130.2937381915395; parcelle_12: 12.237948202404908; parcelle_113: 533.8644097281854; parcelle_23: 0.0; parcelle_114: 1044.5525177249226; parcelle_122: 686.4062238711456; parcelle_121: 0.0; parcelle_123: 562.57017536; parcelle_126: 0.0; parcelle_108: 0.0; parcelle_109: 0.0; parcelle_111: 0.0; parcelle_110: 0.0; parcelle_137: 0.0; parcelle_128: 0.0;;;;;NULL;310;0;0;4340.590677500815;4340.590677500815;0.0;4340.590677500815;4340.590677500815;0.0;0.0;0.0;0;3
143;143;27.79;49;34;NULL;NULL;450.09;449.2145;227;140;NULL;3.15;0.136925897678073;352;264;left;310;0;0;34;NULL;0.0;0.0;310;0;0;78.21228643200001;0.0;78.21228643200001;78.21228643200001;78.21228643200001;0.0;NULL;0.0;0;0;0.0;0.0;NULL;NULL;;NULL;NULL;NULL;;NULL;;NULL;NULL;NULL;line_143: 0.0;NULL;NULL;NULL;parcelle_49: 78.21228643200001;;;;;NULL;310;0;0;78.21228643200001;0.0;78.21228643200001;78.21228643200001;78.21228643200001;0.0;0.0;0.0;0;0
144;144;135.19;59;91;NULL;NULL;460.4955;452.1281;257, 372;NULL;NULL;6.19;0.99985963557678;243;182;left;310;0;0;94;NULL;0.0;0.0;310;0;0;2128.9650939965672;411.48269367656746;1717.48240032;2128.9650939965672;2128.9650939965672;0.0;94.0;0.0;0;1;0.0;0.0;NULL;NULL;;NULL;NULL;NULL;;NULL;;NULL;NULL;NULL;line_144: 0.0; line_372: 0.0; line_241: 0.0; line_324: 0.0; line_369: 4.978054689244905; line_346: 0.0;NULL;NULL;NULL;parcelle_85: 36.35373803038317; parcelle_80: 9.59459796318424; parcelle_84: 0.0; parcelle_60: 365.53435768300005; parcelle_59: 1717.48240032; parcelle_93: 0.0;;;;;NULL;310;0;0;2128.9650939965672;411.48269367656746;1717.48240032;2128.9650939965672;2128.9650939965672;0.0;0.0;0.0;0;1
145;145;111.8;43;102;NULL;NULL;461.8205;451.5972;343, 259;248;NULL;NULL;0.0;570;420;left;700;0;0;8;343:different_direction, 259:dwn;0.41596;0.38075;700;800;0;1826.6775248797846;643.2322189432524;1004.6726386838816;1647.9048576271339;0.0;1004.6726386838816;NULL;822.004886195903;45;0;0.0;0.0;NULL;NULL;parcelle_43: 768.7812052800001; parcelle_7: 189.64246932400005; parcelle_25: 44.122240103779205; parcelle_26: 2.1267239761022116; parcelle_102: 0.0; parcelle_57: 352.1970209130361; parcelle_33: 52.21770396209953; parcelle_32: 140.1393056414837; parcelle_21: 38.719583931002504; parcelle_44: 3.6538583612077637; parcelle_58: 56.304746134422686; parcelle_41: 0.0; parcelle_63: 0.0;NULL;NULL;NULL;parcelle_102: 1759.6129039385976; line_281: 11.264966441666616; line_292: 13.301541490028493; line_165: 4.415021004243151; line_421: 0.0; line_326: 34.59894208940081; line_419: 14.18540198857107; line_206: 0.0; line_163: 42.85587726858855; line_259: 37.688988851436; line_12: 0.0; line_26: 0.2679849531784715; line_145: 822.004886195903; line_388: 0.0; line_69: 0.0; line_11: 0.0; parcelle_105: 298.5306207690696; parcelle_88: 8.092573068639117; parcelle_78: 6.07149418645219; parcelle_74: 26.306829859025516; line_65: 0.0; line_395: 0.008672321899455685; line_253: 0.0; line_280: 0.0; line_413: 0.0; line_330: 0.0; line_220: 0.0; line_356: 0.0; line_125: 16.382003451263937; line_333: 1.1058817524963738; line_133: 0.019940209050705687; line_179: 0.0; line_301: 0.0; line_322: 0.0; line_360: 0.0; line_43: 0.3391804492946029; parcelle_42: 490.46421263854836; line_32: 0.0; line_121: 0.0; parcelle_150: 50.41227297093458; line_247: 0.0; line_340: 0.0; line_268: 0.0; parcelle_1: 321.40503274255343; line_243: 0.0; parcelle_51: 38.18834788680403; line_190: 0.0; line_423: 0.0; line_246: 0.0; line_62: 0.0; line_406: 0.0; line_58: 0.0; line_37: 0.0; line_205: 0.0; line_398: 0.0; line_166: 0.0; line_352: 0.0; line_72: 0.0; line_300: 0.0; line_209: 0.0; line_176: 0.0; line_197: 0.0; line_194: 0.0; line_158: 0.0; line_34: 0.0; line_267: 0.0; line_170: 0.0; line_29: 0.7775421745980169; line_432: 0.0; line_118: 0.0; line_42: 0.0; line_369: 7.226868249688455; line_324: 0.0; line_346: 0.0;NULL;;NULL;NULL;NULL;;NULL;NULL;NULL;;;;line_388: 0.0; line_69: 0.0; line_11: 0.0; parcelle_105: 298.5306207690696; parcelle_88: 8.092573068639117; parcelle_78: 6.07149418645219; parcelle_74: 26.306829859025516; line_65: 0.0; line_395: 0.008672321899455685; line_253: 0.0; line_280: 0.0; line_413: 0.0; line_330: 0.0; line_220: 0.0; line_356: 0.0; line_125: 16.382003451263937; line_333: 1.1058817524963738; line_133: 0.019940209050705687; line_179: 0.0; line_301: 0.0; line_322: 0.0; line_360: 0.0; line_43: 0.3391804492946029; parcelle_42: 490.46421263854836; line_32: 0.0; line_121: 0.0; parcelle_150: 50.41227297093458; line_247: 0.0; line_340: 0.0; line_268: 0.0; parcelle_1: 321.40503274255343; line_243: 0.0; parcelle_51: 38.18834788680403; line_190: 0.0; line_423: 0.0; line_246: 0.0; line_62: 0.0; line_406: 0.0; line_58: 0.0; line_37: 0.0; line_205: 0.0; line_398: 0.0; line_166: 0.0; line_352: 0.0; line_72: 0.0; line_300: 0.0; line_209: 0.0; line_176: 0.0; line_197: 0.0; line_194: 0.0; line_158: 0.0; line_34: 0.0; line_267: 0.0; line_170: 0.0; line_29: 0.7775421745980169; line_432: 0.0; line_118: 0.0; line_42: 0.0; line_369: 7.226868249688455; line_324: 0.0; line_346: 0.0;;NULL;700;800;0;1826.6775248797846;643.2322189432524;1004.6726386838816;1647.9048576271339;0.0;1004.6726386838816;822.004886195903;0.0;45;0
146;146;36.09;30;148;NULL;NULL;438.7157;437.9524;NULL;NULL;NULL;2.11;0.999970513178678;403;304;right;0;0;0;148;NULL;0.0;0.0;0;0;0;0.0;0.0;0.0;0.0;0.0;0.0;NULL;0.0;999;99;0.0;0.0;NULL;NULL;NULL;NULL;NULL;NULL;NULL;NULL;NULL;NULL;NULL;NULL;NULL;NULL;NULL;NULL;NULL;NULL;NULL;NULL;NULL;NULL;0;0;0;0.0;0.0;0.0;0.0;0.0;0.0;0.0;0.0;999;99
147;147;14.83;6;116;NULL;NULL;461.3722;460.1164;276;381;NULL;8.47;0.44947491449328;282;212;right;0;0;0;116;NULL;0.0;0.0;0;0;0;0.0;0.0;0.0;0.0;0.0;0.0;NULL;0.0;999;99;0.0;0.0;NULL;NULL;NULL;NULL;NULL;NULL;NULL;NULL;NULL;NULL;NULL;NULL;NULL;NULL;NULL;NULL;NULL;NULL;NULL;NULL;NULL;NULL;0;0;0;0.0;0.0;0.0;0.0;0.0;0.0;0.0;0.0;999;99
148;148;44.75;16;142;NULL;NULL;429.7834;429.1273;402, 75;NULL;NULL;1.47;0.948876011644497;473;353;left;310;0;0;142;NULL;0.0;0.0;310;0;0;5084.786433807672;5067.162351133445;17.624082674227935;5084.786433807672;5084.786433807672;0.0;142.0;0.0;0;3;0.0;0.0;NULL;NULL;;NULL;NULL;NULL;;NULL;;NULL;NULL;NULL;line_148: 0.0; line_338: 0.0; line_107: 0.0; line_424: 0.0; line_402: 0.0; line_410: 0.0; line_75: 0.0; line_297: 0.0; line_355: 0.0; line_109: 0.0; line_242: 0.0; line_308: 0.0;NULL;NULL;NULL;parcelle_15: 1448.804277691; parcelle_24: 2770.7635825713596; parcelle_40: 414.07207348308543; parcelle_47: 357.00160501999994; parcelle_49: 0.0; parcelle_14: 76.52081236800001; parcelle_16: 0.0; parcelle_17: 12.12448246; parcelle_141: 1.582994648611995; parcelle_39: 0.6690192392420387; parcelle_138: 1.1535614332411728; parcelle_140: 1.9331916624950944; parcelle_139: 0.11323463688976854; parcelle_64: 0.04759859374786429;;;;;NULL;310;0;0;5084.786433807672;5067.162351133445;17.624082674227935;5084.786433807672;5084.786433807672;0.0;0.0;0.0;0;3
149;149;38.91;82;83;NULL;NULL;498.4019;492.9677;118;197, 34;NULL;13.97;0.930800856940542;113;86;right;0;0;0;87;NULL;0.0;0.0;0;0;0;0.0;0.0;0.0;0.0;0.0;0.0;NULL;0.0;999;99;0.0;0.0;NULL;NULL;NULL;NULL;NULL;NULL;NULL;NULL;NULL;NULL;NULL;NULL;NULL;NULL;NULL;NULL;NULL;NULL;NULL;NULL;NULL;NULL;0;0;0;0.0;0.0;0.0;0.0;0.0;0.0;0.0;0.0;999;99
150;150;2257.3;NULL;NULL;1;NULL;555.4807;532.5331;NULL;105, 422;NULL;1.02;0.0;2;2;left;0;0;0;65;NULL;0.0;0.0;0;0;0;0.0;0.0;0.0;0.0;0.0;0.0;NULL;0.0;999;99;0.0;0.0;NULL;NULL;NULL;NULL;NULL;NULL;NULL;NULL;NULL;NULL;NULL;NULL;NULL;NULL;NULL;NULL;NULL;NULL;NULL;NULL;NULL;NULL;0;0;0;0.0;0.0;0.0;0.0;0.0;0.0;0.0;0.0;999;99
151;151;12.12;99;67;NULL;NULL;468.5849;467.3188;391;250;NULL;10.45;0.17416379797373;229;173;left;0;0;0;68;NULL;0.0;0.0;0;0;0;0.0;0.0;0.0;0.0;0.0;0.0;NULL;0.0;999;99;0.0;0.0;NULL;NULL;NULL;NULL;NULL;NULL;NULL;NULL;NULL;NULL;NULL;NULL;NULL;NULL;NULL;NULL;NULL;NULL;NULL;NULL;NULL;NULL;0;0;0;0.0;0.0;0.0;0.0;0.0;0.0;0.0;0.0;999;99
152;152;155.13;143;18;NULL;NULL;419.6;418.3761;367;316;NULL;0.79;0.985615113141945;537;396;left;0;0;0;18;NULL;0.0;0.0;0;0;0;0.0;0.0;0.0;0.0;0.0;0.0;NULL;0.0;999;99;0.0;0.0;NULL;NULL;NULL;NULL;NULL;NULL;NULL;NULL;NULL;NULL;NULL;NULL;NULL;NULL;NULL;NULL;NULL;NULL;NULL;NULL;NULL;NULL;0;0;0;0.0;0.0;0.0;0.0;0.0;0.0;0.0;0.0;999;99
153;153;20.05;148;48;NULL;NULL;416.8;416.6;59, 61;339;NULL;1.0;0.998004749599355;529;391;right;0;0;0;149;NULL;0.0;0.0;0;0;0;0.0;0.0;0.0;0.0;0.0;0.0;NULL;0.0;999;99;0.0;0.0;NULL;NULL;NULL;NULL;NULL;NULL;NULL;NULL;NULL;NULL;NULL;NULL;NULL;NULL;NULL;NULL;NULL;NULL;NULL;NULL;NULL;NULL;0;0;0;0.0;0.0;0.0;0.0;0.0;0.0;0.0;0.0;999;99
154;154;59.0;NULL;NULL;62;NULL;471.0376;467.3043;138;113, 429;NULL;6.33;0.0;288;216;left;0;0;0;64;NULL;0.0;0.0;0;0;0;0.0;0.0;0.0;0.0;0.0;0.0;NULL;0.0;999;99;0.0;0.0;NULL;NULL;NULL;NULL;NULL;NULL;NULL;NULL;NULL;NULL;NULL;NULL;NULL;NULL;NULL;NULL;NULL;NULL;NULL;NULL;NULL;NULL;0;0;0;0.0;0.0;0.0;0.0;0.0;0.0;0.0;0.0;999;99
155;155;69.98;59;95;NULL;NULL;463.9441;452.5389;39, 264;400, 378;NULL;16.3;0.159536602398486;244;183;right;420;0;0;94;NULL;0.0;0.0;420;0;0;1583.0707342079997;0.0;1583.0707342079997;1489.9614339140396;1237.4037076220186;252.55772629202096;NULL;93.10930029396022;6;1;0.0;0.0;NULL;NULL;parcelle_59: 252.55772629202102; parcelle_93: 0.0;NULL;NULL;NULL;;NULL;line_155: 0.0;NULL;NULL;NULL;line_155: 93.10930029396022;NULL;NULL;NULL;parcelle_59: 1237.4037076220186; parcelle_93: 0.0;;;;;NULL;420;0;0;1583.0707342079997;0.0;1583.0707342079997;1489.9614339140396;1237.4037076220186;252.55772629202096;93.10930029396022;0.0;6;1
156;156;90.87;50;70;NULL;NULL;411.63319;411.63318;199, 235, 183;NULL;NULL;NULL;0.0;582;432;left;700;0;0;NULL;199:up, 235:different_direction, 183:dwn;0.97764;0.67327;700;0;800;16891.701340039348;9209.329287149472;16332.302920039347;25541.63220718882;0.0;16332.302920039348;NULL;559.39842;3;0;0.0;0.0;NULL;NULL;parcelle_50: 1591.2001389999998; parcelle_119: 3843.7034400000002; parcelle_118: 0.0; parcelle_22: 1995.7700089996283; parcelle_117: 806.1531040000001; parcelle_120: 461.4845004271976; parcelle_121: 0.0; parcelle_28: 427.0002875349963; parcelle_116: 985.4013453498661; parcelle_6: 0.0; parcelle_23: 0.0; parcelle_112: 2227.6734703188463; parcelle_36: 39.141170167890714; parcelle_35: 181.4243604887346; parcelle_13: 373.49791274702795; parcelle_12: 157.05381372212415; parcelle_113: 775.9418886362253; parcelle_114: 1412.245808325693; parcelle_115: 2069.7925027430356; parcelle_124: 1237.4431544112956; parcelle_125: 1043.2161449899131; parcelle_122: 1082.541835020204; parcelle_85: 1.4119991677522543; parcelle_80: 0.3726594587772802; parcelle_84: 0.0; parcelle_92: 260.36881763290785; parcelle_93: 0.0; parcelle_95: 3.7281296550942984; parcelle_59: 1.8175871862221253; parcelle_135: 60.800989764896634; parcelle_106: 51.26863371208953; parcelle_107: 177.76071450774327; parcelle_109: 287.58829193297015; parcelle_136: 22.87777081432806; parcelle_137: 106.14927407911718; parcelle_128: 1099.9517869358974; parcelle_108: 1059.3853679004872; parcelle_111: 286.6057168247418; parcelle_110: 164.58022537311297; parcelle_126: 0.0; parcelle_123: 562.57017536; parcelle_70: 315.47436799999997; parcelle_48: 0.0; parcelle_146: 0.0; parcelle_31: 0.0; parcelle_49: 0.0; parcelle_30: 0.0; parcelle_147: 0.0; parcelle_148: 0.0; parcelle_34: 0.0; parcelle_71: 368.234812; parcelle_149: 0.0; parcelle_29: 0.0;NULL;NULL;NULL;parcelle_48: 34.12316499999999; parcelle_146: 914.476487198717; line_96: 0.0; parcelle_147: 452.6644564; parcelle_148: 2072.89482944; line_140: 0.0; line_359: 0.0; line_143: 0.0; line_59: 0.0; line_258: 0.0; parcelle_149: 67.96109000000001; parcelle_29: 2071.7430968; line_63: 0.0; line_156: 559.39842; line_57: 0.0; line_162: 0.0; line_249: 0.0; line_193: 0.0; parcelle_6: 0.371322515814929; parcelle_23: 20.527108611415308; line_290: 0.0; line_272: 0.0; line_3: 0.0; line_186: 0.0; line_348: 0.0; line_100: 241.9631169913801; line_212: 3.403788337814918; line_211: 0.0; line_381: 0.0; line_323: 0.0; line_315: 34.67525799312548; line_14: 0.0; line_271: 0.0; line_64: 0.0; line_199: 0.0; line_239: 262.90885207428437; line_305: 27.32435634824311; line_411: 0.0; line_354: 144.2639862757372; line_278: 0.534142082257601; line_67: 0.2011764424679731; line_371: 1.6071386804131849; line_53: 2.718891761273697; line_164: 0.0; line_8: 0.0; line_103: 0.0; line_302: 0.0; line_375: 0.0; line_260: 0.0; line_167: 0.0; line_383: 0.0; line_155: 0.0; line_52: 0.0; line_99: 0.0; line_15: 0.0; line_204: 0.0; line_241: 0.0; line_324: 0.0; line_369: 0.20562504064909942; line_346: 0.0; line_361: 0.0; line_409: 0.0; line_108: 0.0; line_319: 0.0; line_20: 0.0; line_36: 0.0; line_393: 0.0; line_82: 0.0; line_22: 0.0; line_27: 0.0; line_80: 143.6792202286167; line_142: 0.0; parcelle_126: 2350.1951669511136; line_298: 0.0; line_95: 0.0; line_1: 0.0;NULL;;NULL;NULL;NULL;;NULL;NULL;NULL;;;;;;NULL;700;0;800;16891.701340039348;9209.329287149472;16332.302920039347;25541.63220718882;0.0;16332.302920039348;559.39842;81527.62;3;0
157;157;56.98;148;149;NULL;NULL;417.8;416.6;63;339;NULL;2.11;0.999025245577716;527;389;left;0;0;0;149;NULL;0.0;0.0;0;0;0;0.0;0.0;0.0;0.0;0.0;0.0;NULL;0.0;999;99;0.0;0.0;NULL;NULL;NULL;NULL;NULL;NULL;NULL;NULL;NULL;NULL;NULL;NULL;NULL;NULL;NULL;NULL;NULL;NULL;NULL;NULL;NULL;NULL;0;0;0;0.0;0.0;0.0;0.0;0.0;0.0;0.0;0.0;999;99
158;158;66.53;87;86;NULL;NULL;485.7877;477.7194;34, 267;194;NULL;12.13;0.741975840975616;160;120;right;310;0;0;60;NULL;0.0;0.0;310;0;0;4377.4674951080015;3279.213966348221;1098.2535287597807;4377.4674951080015;4377.4674951080015;0.0;NULL;0.0;0;3;0.0;0.0;NULL;NULL;;NULL;NULL;NULL;;NULL;;NULL;NULL;NULL;line_158: 0.0; line_333: 0.0; parcelle_88: 0.1750263644962616; parcelle_78: 0.7840960981029813; parcelle_74: 3.8927842874578404; line_301: 0.0; line_179: 0.0; line_43: 0.05019870649560122; line_133: 0.0; parcelle_42: 72.58870347050515; line_125: 0.0; line_32: 0.0; line_121: 0.0; parcelle_150: 41.80369001025262; line_247: 0.0; line_340: 0.0; line_268: 0.0; parcelle_1: 232.96860297200723; line_243: 0.0; parcelle_51: 27.680605935389995; line_190: 0.0; line_423: 0.0; line_246: 0.0; line_62: 0.0; line_406: 0.0; line_58: 0.0; line_37: 0.0; line_205: 0.0; line_398: 0.0; line_166: 0.0; line_352: 0.0; line_72: 0.0; line_300: 0.0; line_209: 0.0; line_176: 0.0; line_197: 0.0; line_34: 0.0; line_267: 0.0; line_170: 0.0; line_29: 0.06537957532680513; line_432: 0.0; line_118: 0.0;NULL;NULL;NULL;parcelle_83: 427.01321999999993; parcelle_82: 221.856130540556; parcelle_2: 89.68181579807401; parcelle_81: 588.368951394948; parcelle_150: 0.0; parcelle_56: 188.69291674806738; parcelle_51: 0.0; parcelle_1: 0.0; parcelle_72: 30.176640476428933; parcelle_52: 498.3783043344073; parcelle_75: 71.31519031511374; parcelle_76: 143.51519457740994; parcelle_77: 141.58874536713262; parcelle_79: 275.3116484738695; parcelle_80: 1356.8137454564755; parcelle_84: 0.0; parcelle_87: 236.073388228; parcelle_89: 5.448881336465507; parcelle_88: 0.0; parcelle_78: 0.0; parcelle_74: 0.0; parcelle_5: 31.4188114124; parcelle_4: 27.68527302945372; parcelle_42: 0.0; parcelle_90: 4.6906632192; parcelle_3: 39.4379744;;;;;NULL;310;0;0;4377.4674951080015;3279.213966348221;1098.2535287597807;4377.4674951080015;4377.4674951080015;0.0;0.0;0.0;0;3
159;159;124.92;10;45;NULL;NULL;449.948;437.7998;70;169, 127;NULL;9.72;0.999996573055985;382;287;left;0;0;0;27;NULL;0.0;0.0;0;0;0;0.0;0.0;0.0;0.0;0.0;0.0;NULL;0.0;999;99;0.0;0.0;NULL;NULL;NULL;NULL;NULL;NULL;NULL;NULL;NULL;NULL;NULL;NULL;NULL;NULL;NULL;NULL;NULL;NULL;NULL;NULL;NULL;NULL;0;0;0;0.0;0.0;0.0;0.0;0.0;0.0;0.0;0.0;999;99
160;160;49.02;14;144;NULL;NULL;435.8054;433.112;407, 132;308, 114;NULL;5.49;0.999194395114446;432;323;left;0;0;0;144;NULL;0.0;0.0;0;0;0;0.0;0.0;0.0;0.0;0.0;0.0;NULL;0.0;999;99;0.0;0.0;NULL;NULL;NULL;NULL;NULL;NULL;NULL;NULL;NULL;NULL;NULL;NULL;NULL;NULL;NULL;NULL;NULL;NULL;NULL;NULL;NULL;NULL;0;0;0;0.0;0.0;0.0;0.0;0.0;0.0;0.0;0.0;999;99
161;161;51.45;4;42;NULL;NULL;504.3578;501.006;43;209;NULL;6.51;0.671203246498009;79;61;left;0;0;0;42;NULL;0.0;0.0;0;0;0;0.0;0.0;0.0;0.0;0.0;0.0;NULL;0.0;999;99;0.0;0.0;NULL;NULL;NULL;NULL;NULL;NULL;NULL;NULL;NULL;NULL;NULL;NULL;NULL;NULL;NULL;NULL;NULL;NULL;NULL;NULL;NULL;NULL;0;0;0;0.0;0.0;0.0;0.0;0.0;0.0;0.0;0.0;999;99
162;162;30.68;28;118;NULL;NULL;438.7203;438.0587;249;188;NULL;2.16;0.423092745435027;395;296;right;310;0;0;120;NULL;0.0;0.0;310;0;0;363.03800305;278.471503516;84.566499534;363.03800305;363.03800305;0.0;120.0;0.0;0;0;0.0;0.0;NULL;NULL;;NULL;NULL;NULL;;NULL;;NULL;NULL;NULL;line_162: 0.0; line_249: 0.0;NULL;NULL;NULL;parcelle_28: 363.03800305;;;;;NULL;310;0;0;363.03800305;278.471503516;84.566499534;363.03800305;363.03800305;0.0;0.0;0.0;0;0
163;163;113.3;57;41;NULL;NULL;484.945;471.1823;292;281, 206;NULL;12.15;0.798004853043081;195;148;left;420;0;0;102;NULL;0.0;0.0;420;0;0;2164.258446206315;790.743398341606;1373.5150478647088;2043.232884906699;947.1612109829615;1096.0716739237373;NULL;121.02556129961603;6;1;0.0;0.0;NULL;NULL;parcelle_57: 926.7088520687518; parcelle_33: 19.002204469073376; parcelle_32: 2.1171646176106735; parcelle_21: 0.08508817394099594; parcelle_44: 0.008029531937848972; parcelle_58: 148.15033506242253;NULL;NULL;NULL;;NULL;line_163: 0.0; line_292: 0.0; line_165: 0.0; line_421: 0.0; line_326: 0.0; line_419: 0.0;NULL;NULL;NULL;line_163: 121.02556129961603; line_292: 37.56372818812323; line_419: 40.059761865750865; line_326: 97.70786770970591; line_26: 0.7567930338938085; line_165: 12.468077408364294;NULL;NULL;NULL;parcelle_21: 119.69003868026535; parcelle_44: 11.294812706781201; parcelle_32: 431.4779945838603; parcelle_33: 143.45038579574856; parcelle_57: 207.9962106293698; parcelle_58: 33.25176858693611;;;;;NULL;420;0;0;2164.258446206315;790.743398341606;1373.5150478647088;2043.232884906699;947.1612109829615;1096.0716739237373;121.02556129961603;0.0;6;1
164;164;129.51;128;129;NULL;NULL;436.0075;425.3813;8, 27;411, 237;NULL;8.2;0.999970513178678;478;356;left;310;0;0;127;NULL;0.0;0.0;310;0;0;7526.126530413709;4094.625362044155;3431.5011683695534;7526.126530413709;7526.126530413709;0.0;NULL;0.0;0;4;0.0;0.0;NULL;NULL;;NULL;NULL;NULL;;NULL;;NULL;NULL;NULL;line_164: 0.0; line_354: 0.0; line_212: 0.0; line_278: 0.7119088206995514; line_67: 0.26812956452443576; line_371: 2.1420072311804867; line_100: 0.0; parcelle_23: 0.33026813098599556; line_53: 0.44664958414551564; line_8: 0.0; line_103: 0.0; line_302: 0.0; line_375: 0.0; line_260: 0.0; line_167: 0.0; line_383: 0.0; line_155: 0.0; line_52: 0.0; line_99: 0.0; line_15: 0.0; line_204: 0.0; line_241: 0.0; line_324: 0.0; line_369: 0.8274749619669404; line_346: 0.0; line_361: 0.0; line_409: 0.0; line_108: 0.0; line_319: 0.0; line_20: 0.0; line_36: 0.0; line_393: 0.0; line_82: 0.0; line_22: 0.0; line_27: 0.0;NULL;NULL;NULL;parcelle_85: 6.042884193104431; parcelle_80: 1.5948578471479653; parcelle_84: 0.0; parcelle_92: 1114.2914587944363; parcelle_35: 339.33217306631485; parcelle_93: 0.0; parcelle_95: 15.955148046210486; parcelle_59: 7.778665262739002; parcelle_135: 260.20790122722195; parcelle_106: 219.41260542952767; parcelle_13: 425.0171216802181; parcelle_36: 17.27843812998707; parcelle_107: 760.756405801413; parcelle_12: 245.12720881341022; parcelle_109: 559.552566495611; parcelle_136: 97.90920758646334; parcelle_137: 373.9871486949132; parcelle_128: 1509.542731392; parcelle_108: 818.3171582638622; parcelle_112: 363.6772178840376; parcelle_111: 221.3872145497018; parcelle_110: 127.1292075712365; parcelle_113: 41.82920968415072; parcelle_23: 0.0;;;;;NULL;310;0;0;7526.126530413709;4094.625362044155;3431.5011683695534;7526.126530413709;7526.126530413709;0.0;0.0;0.0;0;4
165;165;72.0;21;32;NULL;NULL;505.5878;498.1874;312;291, 26;NULL;10.28;0.141074021515655;92;71;left;420;0;0;100;NULL;0.0;0.0;420;0;0;201.60962192389152;0.0;201.60962192389152;189.14154451552724;160.69966437447312;28.441880141054146;NULL;12.468077408364294;6;0;0.0;0.0;NULL;NULL;parcelle_21: 25.989339211166907; parcelle_44: 2.452540929887217;NULL;NULL;NULL;;NULL;line_165: 0.0; line_421: 0.0;NULL;NULL;NULL;line_165: 12.468077408364294;NULL;NULL;NULL;parcelle_21: 146.84254584563712; parcelle_44: 13.857118528836004;;;;;NULL;420;0;0;201.60962192389152;0.0;201.60962192389152;189.14154451552724;160.69966437447312;28.441880141054146;12.468077408364294;0.0;6;0
166;166;110.07;52;76;NULL;NULL;527.9569;526.5953;205;398;NULL;1.24;0.987878724176852;19;16;left;310;0;0;76;NULL;0.0;0.0;310;0;0;1202.542943797317;13.224133117317072;1189.31881068;1202.542943797317;1202.542943797317;0.0;NULL;0.0;0;1;0.0;0.0;NULL;NULL;;NULL;NULL;NULL;;NULL;;NULL;NULL;NULL;line_166: 0.0; parcelle_1: 542.0230575160265; parcelle_51: 52.871721322432684; line_205: 0.0;NULL;NULL;NULL;parcelle_52: 1202.542943797317; parcelle_1: 0.0; parcelle_51: 0.0;;;;;NULL;310;0;0;1202.542943797317;13.224133117317072;1189.31881068;1202.542943797317;1202.542943797317;0.0;0.0;0.0;0;1
167;167;55.71;135;96;NULL;NULL;461.259;454.9034;383;92, 260;NULL;11.41;0.47424187411364;316;236;left;310;0;0;10;NULL;0.0;0.0;310;0;0;2181.247992064953;2166.742036224953;14.50595584;2181.247992064953;2181.247992064953;0.0;NULL;0.0;0;1;0.0;0.0;NULL;NULL;;NULL;NULL;NULL;;NULL;;NULL;NULL;NULL;line_167: 0.0; line_383: 0.0; line_155: 0.0; line_52: 0.0; line_99: 0.0; line_15: 0.0; line_204: 0.0; line_241: 0.0; line_324: 0.0; line_369: 1.757322319925424; line_346: 0.0;NULL;NULL;NULL;parcelle_85: 12.833373524710007; parcelle_80: 3.387026098335654; parcelle_84: 0.0; parcelle_92: 1902.1528930121142; parcelle_35: 170.53920214129926; parcelle_93: 0.0; parcelle_95: 52.321211093; parcelle_59: 25.508330355494124; parcelle_135: 14.50595584;;;;;NULL;310;0;0;2181.247992064953;2166.742036224953;14.50595584;2181.247992064953;2181.247992064953;0.0;0.0;0.0;0;1
168;168;86.08;140;141;NULL;NULL;446.6553;443.3868;60;83;NULL;3.8;0.527252431902295;372;279;right;0;0;0;141;NULL;0.0;0.0;0;0;0;0.0;0.0;0.0;0.0;0.0;0.0;NULL;0.0;999;99;0.0;0.0;NULL;NULL;NULL;NULL;NULL;NULL;NULL;NULL;NULL;NULL;NULL;NULL;NULL;NULL;NULL;NULL;NULL;NULL;NULL;NULL;NULL;NULL;0;0;0;0.0;0.0;0.0;0.0;0.0;0.0;0.0;0.0;999;99
169;169;37.79;45;27;NULL;NULL;437.7998;434.6717;159;NULL;NULL;8.28;0.969359662403629;426;319;right;0;0;0;27;NULL;0.0;0.0;0;0;0;0.0;0.0;0.0;0.0;0.0;0.0;NULL;0.0;999;99;0.0;0.0;NULL;NULL;NULL;NULL;NULL;NULL;NULL;NULL;NULL;NULL;NULL;NULL;NULL;NULL;NULL;NULL;NULL;NULL;NULL;NULL;NULL;NULL;0;0;0;0.0;0.0;0.0;0.0;0.0;0.0;0.0;0.0;999;99
170;170;10.92;84;83;NULL;NULL;492.1466;491.214;432, 344;267, 45;NULL;8.54;0.956151539415232;125;95;left;310;0;0;86;NULL;0.0;0.0;310;0;0;1539.9347306300822;1530.6245143846065;9.310216245475555;1539.9347306300822;1539.9347306300822;0.0;NULL;0.0;0;1;0.0;0.0;NULL;NULL;;NULL;NULL;NULL;;NULL;;NULL;NULL;NULL;line_170: 0.0; line_29: 0.06537957532680513; line_432: 0.0; line_118: 0.0; line_247: 0.0; parcelle_150: 19.126049685759977;NULL;NULL;NULL;parcelle_81: 183.12098517360667; parcelle_150: 0.0; parcelle_80: 1356.8137454564755; parcelle_84: 0.0;;;;;NULL;310;0;0;1539.9347306300822;1530.6245143846065;9.310216245475555;1539.9347306300822;1539.9347306300822;0.0;0.0;0.0;0;1
171;171;18.11;130;143;NULL;NULL;420.4846;418.3761;433, 394;263;NULL;11.64;0.238363959039735;523;386;left;310;0;0;18;NULL;0.0;0.0;310;0;0;0.0;0.0;0.0;0.0;0.0;0.0;NULL;0.0;0;0;0.0;0.0;NULL;NULL;;NULL;NULL;NULL;;NULL;;NULL;NULL;NULL;line_171: 0.0; line_433: 0.0;NULL;NULL;NULL;;;;;;NULL;310;0;0;0.0;0.0;0.0;0.0;0.0;0.0;0.0;0.0;0;0
172;172;27.29;12;112;NULL;NULL;477.5233;476.8714;403, 94;313, 380;NULL;2.39;0.491663844071006;202;153;right;0;0;0;111;NULL;0.0;0.0;0;0;0;0.0;0.0;0.0;0.0;0.0;0.0;NULL;0.0;999;99;0.0;0.0;NULL;NULL;NULL;NULL;NULL;NULL;NULL;NULL;NULL;NULL;NULL;NULL;NULL;NULL;NULL;NULL;NULL;NULL;NULL;NULL;NULL;NULL;0;0;0;0.0;0.0;0.0;0.0;0.0;0.0;0.0;0.0;999;99
173;173;93.45;7;53;NULL;NULL;461.2128;455.6144;252, 111;370;NULL;5.99;0.665100031576965;274;206;right;0;0;0;8;NULL;0.0;0.0;0;0;0;0.0;0.0;0.0;0.0;0.0;0.0;NULL;0.0;999;99;0.0;0.0;NULL;NULL;NULL;NULL;NULL;NULL;NULL;NULL;NULL;NULL;NULL;NULL;NULL;NULL;NULL;NULL;NULL;NULL;NULL;NULL;NULL;NULL;0;0;0;0.0;0.0;0.0;0.0;0.0;0.0;0.0;0.0;999;99
174;174;76.17;131;130;NULL;NULL;434.0418;427.4689;294, 19;275;NULL;8.63;0.108866874851965;494;367;left;0;0;0;130;NULL;0.0;0.0;0;0;0;0.0;0.0;0.0;0.0;0.0;0.0;NULL;0.0;999;99;0.0;0.0;NULL;NULL;NULL;NULL;NULL;NULL;NULL;NULL;NULL;NULL;NULL;NULL;NULL;NULL;NULL;NULL;NULL;NULL;NULL;NULL;NULL;NULL;0;0;0;0.0;0.0;0.0;0.0;0.0;0.0;0.0;0.0;999;99
175;175;25.65;NULL;NULL;116;NULL;461.3722;457.7771;276;290, 177;NULL;14.02;0.0;374;281;right;0;0;0;28;NULL;0.0;0.0;0;0;0;0.0;0.0;0.0;0.0;0.0;0.0;NULL;0.0;999;99;0.0;0.0;NULL;NULL;NULL;NULL;NULL;NULL;NULL;NULL;NULL;NULL;NULL;NULL;NULL;NULL;NULL;NULL;NULL;NULL;NULL;NULL;NULL;NULL;0;0;0;0.0;0.0;0.0;0.0;0.0;0.0;0.0;0.0;999;99
176;176;36.71;3;2;NULL;NULL;503.5339;498.3068;268, 72;300;NULL;14.24;0.386550001314486;97;75;right;310;0;0;42;NULL;0.0;0.0;310;0;0;4044.990944758124;3935.161806015724;109.8291387424;4044.990944758124;4044.990944758124;0.0;NULL;0.0;0;2;0.0;0.0;NULL;NULL;;NULL;NULL;NULL;;NULL;;NULL;NULL;NULL;line_176: 0.0; parcelle_78: 0.6023039747087; parcelle_74: 3.066798277750159; line_268: 0.0; parcelle_1: 1233.3882186543892; parcelle_150: 4.886399501339094; line_243: 0.0; parcelle_51: 146.54735792885808; line_190: 0.0; line_423: 0.0; line_246: 0.0; line_62: 0.0; line_406: 0.0; line_58: 0.0; line_37: 0.0; line_205: 0.0; line_398: 0.0; line_166: 0.0; line_352: 0.0; line_72: 0.0;NULL;NULL;NULL;parcelle_56: 550.4439706263498; parcelle_51: 0.0; parcelle_1: 0.0; parcelle_72: 88.02953544984882; parcelle_52: 1453.840119913607; parcelle_75: 208.03651350323977; parcelle_76: 418.65415464362854; parcelle_77: 413.03442937365014; parcelle_79: 803.1230825053996; parcelle_150: 0.0; parcelle_3: 70.61529200000001; parcelle_4: 39.2138467424; parcelle_78: 0.0; parcelle_74: 0.0;;;;;NULL;310;0;0;4044.990944758124;3935.161806015724;109.8291387424;4044.990944758124;4044.990944758124;0.0;0.0;0.0;0;2
177;177;43.0;NULL;NULL;28;NULL;457.7771;450.4421;175;249, 420;NULL;17.06;0.0;387;291;right;0;0;0;22;NULL;0.0;0.0;0;0;0;0.0;0.0;0.0;0.0;0.0;0.0;NULL;0.0;999;99;0.0;0.0;NULL;NULL;NULL;NULL;NULL;NULL;NULL;NULL;NULL;NULL;NULL;NULL;NULL;NULL;NULL;NULL;NULL;NULL;NULL;NULL;NULL;NULL;0;0;0;0.0;0.0;0.0;0.0;0.0;0.0;0.0;0.0;999;99
178;178;134.0434457880952;124;119;NULL;NULL;428.6259;424.0797;128, 418;137;NULL;3.67;0.058086749597738;488;369;right;0;0;0;50;NULL;0.0;0.0;0;0;0;0.0;0.0;0.0;0.0;0.0;0.0;NULL;0.0;999;99;0.0;0.0;NULL;NULL;NULL;NULL;NULL;NULL;NULL;NULL;NULL;NULL;NULL;NULL;NULL;NULL;NULL;NULL;NULL;NULL;NULL;NULL;NULL;NULL;0;0;0;0.0;0.0;0.0;0.0;0.0;0.0;0.0;0.0;999;99
179;179;68.71;88;5;NULL;NULL;508.2545;505.278;309, 301;133;NULL;4.33;0.109734311091045;76;59;right;420;0;0;5;NULL;0.0;0.0;420;0;0;0.0;0.0;0.0;0.0;0.0;0.0;NULL;0.0;0;0;0.0;0.0;NULL;NULL;parcelle_88: 0.0; parcelle_78: 0.0; parcelle_74: 0.0;NULL;NULL;NULL;;NULL;line_179: 0.0; parcelle_88: 2.399573391673275; parcelle_78: 0.2686243500063814; parcelle_74: 0.001470075588484666;NULL;NULL;NULL;line_179: 0.0; line_301: 0.0;NULL;NULL;NULL;parcelle_78: 0.0; parcelle_74: 0.0; parcelle_88: 0.0;;;;;NULL;420;0;0;0.0;0.0;0.0;0.0;0.0;0.0;0.0;0.0;0;0
180;180;15.92;146;19;NULL;NULL;416.7;416.2;401, 387;46;NULL;3.14;0.999838420041209;524;387;right;0;0;0;48;NULL;0.0;0.0;0;0;0;0.0;0.0;0.0;0.0;0.0;0.0;NULL;0.0;999;99;0.0;0.0;NULL;NULL;NULL;NULL;NULL;NULL;NULL;NULL;NULL;NULL;NULL;NULL;NULL;NULL;NULL;NULL;NULL;NULL;NULL;NULL;NULL;NULL;0;0;0;0.0;0.0;0.0;0.0;0.0;0.0;0.0;0.0;999;99
181;181;13.11;98;100;NULL;NULL;473.3879;472.4718;389, 277;416;NULL;NULL;0.0;565;415;left;700;0;0;69;389:dwn, 277:same_direction;0.99993;0.84962;700;0;0;616.70792886192;251.97600229736042;616.70792886192;868.6839311592804;0.0;616.70792886192;NULL;0.0;0;0;0.0;0.0;NULL;NULL;parcelle_98: 607.66219854; parcelle_78: 0.0; parcelle_74: 0.0; parcelle_88: 0.0; parcelle_89: 9.04573032192; parcelle_100: 0.0; parcelle_21: 221.527020033322; parcelle_44: 30.448982264038406; parcelle_32: 0.0; parcelle_58: 0.0; parcelle_33: 0.0;NULL;NULL;NULL;parcelle_100: 373.65498193705054; line_421: 0.44962211381624495; line_26: 0.0; line_165: 0.0; line_326: 0.0; line_419: 0.0; line_389: 31.302246491127967; line_285: 24.726631814834786; parcelle_78: 4.019706677244935; parcelle_74: 29.39052601761063; parcelle_88: 2.33948664328932;NULL;;NULL;NULL;NULL;;NULL;NULL;NULL;;;;;;NULL;700;0;0;616.70792886192;251.97600229736042;616.70792886192;868.6839311592804;0.0;616.70792886192;0.0;0.0;0;0
182;182;115.45;35;92;NULL;NULL;500.1423;488.1964;NULL;82, 79;NULL;10.35;0.774171741084407;138;105;left;0;0;0;106;NULL;0.0;0.0;0;0;0;0.0;0.0;0.0;0.0;0.0;0.0;NULL;0.0;999;99;0.0;0.0;NULL;NULL;NULL;NULL;NULL;NULL;NULL;NULL;NULL;NULL;NULL;NULL;NULL;NULL;NULL;NULL;NULL;NULL;NULL;NULL;NULL;NULL;0;0;0;0.0;0.0;0.0;0.0;0.0;0.0;0.0;0.0;999;99
183;183;69.19;19;70;NULL;NULL;415.9;411.63319;46;156;NULL;6.17;0.043445019893332;546;401;left;0;0;0;70;NULL;0.0;0.0;0;0;0;0.0;0.0;0.0;0.0;0.0;0.0;NULL;0.0;999;99;0.0;0.0;NULL;NULL;NULL;NULL;NULL;NULL;NULL;NULL;NULL;NULL;NULL;NULL;NULL;NULL;NULL;NULL;NULL;NULL;NULL;NULL;NULL;NULL;0;0;0;0.0;0.0;0.0;0.0;0.0;0.0;0.0;0.0;999;99
184;184;100.33;5;42;NULL;NULL;504.3578;492.8355;43;269;NULL;11.48;0.231408326542989;107;82;right;0;0;0;87;NULL;0.0;0.0;0;0;0;0.0;0.0;0.0;0.0;0.0;0.0;NULL;0.0;999;99;0.0;0.0;NULL;NULL;NULL;NULL;NULL;NULL;NULL;NULL;NULL;NULL;NULL;NULL;NULL;NULL;NULL;NULL;NULL;NULL;NULL;NULL;NULL;NULL;0;0;0;0.0;0.0;0.0;0.0;0.0;0.0;0.0;0.0;999;99
185;185;98.46;127;20;NULL;NULL;423.6621;411.6332;305;235;NULL;12.22;0.113203213767907;541;398;right;0;0;0;20;NULL;0.0;0.0;0;0;0;0.0;0.0;0.0;0.0;0.0;0.0;NULL;0.0;999;99;0.0;0.0;NULL;NULL;NULL;NULL;NULL;NULL;NULL;NULL;NULL;NULL;NULL;NULL;NULL;NULL;NULL;NULL;NULL;NULL;NULL;NULL;NULL;NULL;0;0;0;0.0;0.0;0.0;0.0;0.0;0.0;0.0;0.0;999;99
186;186;39.92;114;123;NULL;NULL;444.2913;442.5027;348;95, 3;NULL;4.48;0.912976655836507;328;246;left;310;0;0;122;NULL;0.0;0.0;310;0;0;3533.9319874399475;2483.291285878022;1050.6407015619257;3533.9319874399475;3533.9319874399475;0.0;NULL;0.0;0;2;0.0;0.0;NULL;NULL;;NULL;NULL;NULL;;NULL;;NULL;NULL;NULL;line_186: 0.0; parcelle_23: 19.81008923788354; line_348: 0.0; line_100: 241.9631169913801; line_212: 3.403788337814918;NULL;NULL;NULL;parcelle_112: 1584.7538830178623; parcelle_36: 24.6503372870758; parcelle_35: 62.210131853013905; parcelle_13: 158.9015384353667; parcelle_12: 14.924959738247367; parcelle_113: 643.0912900683816; parcelle_23: 0.0; parcelle_114: 1045.39984704;;;;;NULL;310;0;0;3533.9319874399475;2483.291285878022;1050.6407015619257;3533.9319874399475;3533.9319874399475;0.0;0.0;0.0;0;2
187;187;77.67;98;105;NULL;NULL;495.1375;483.7922;98;110;NULL;14.61;0.120310105846879;131;100;right;0;0;0;103;NULL;0.0;0.0;0;0;0;0.0;0.0;0.0;0.0;0.0;0.0;NULL;0.0;999;99;0.0;0.0;NULL;NULL;NULL;NULL;NULL;NULL;NULL;NULL;NULL;NULL;NULL;NULL;NULL;NULL;NULL;NULL;NULL;NULL;NULL;NULL;NULL;NULL;0;0;0;0.0;0.0;0.0;0.0;0.0;0.0;0.0;0.0;999;99
188;188;24.03;118;120;NULL;NULL;438.0587;436.7927;323, 162;418, 224;NULL;5.27;0.9339551965751;459;343;left;0;0;0;119;NULL;0.0;0.0;0;0;0;0.0;0.0;0.0;0.0;0.0;0.0;NULL;0.0;999;99;0.0;0.0;NULL;NULL;NULL;NULL;NULL;NULL;NULL;NULL;NULL;NULL;NULL;NULL;NULL;NULL;NULL;NULL;NULL;NULL;NULL;NULL;NULL;NULL;0;0;0;0.0;0.0;0.0;0.0;0.0;0.0;0.0;0.0;999;99
189;189;65.25;38;37;NULL;NULL;462.4319;460.6775;385;251;NULL;2.69;0.826294951862478;262;197;left;310;0;0;37;NULL;0.0;0.0;310;0;0;337.37120845312415;78.5582026671242;258.81300578599996;337.37120845312415;337.37120845312415;0.0;NULL;0.0;0;0;0.0;0.0;NULL;NULL;;NULL;NULL;NULL;;NULL;;NULL;NULL;NULL;line_189: 0.0; line_385: 0.0; line_10: 0.0;NULL;NULL;NULL;parcelle_25: 27.00265350862249; parcelle_26: 113.23762421192541; parcelle_38: 197.1309307325763;;;;;NULL;310;0;0;337.37120845312415;78.5582026671242;258.81300578599996;337.37120845312415;337.37120845312415;0.0;0.0;0.0;0;0
190;190;82.33;76;4;NULL;NULL;513.7496;509.539;423;243;NULL;5.11;0.923612143953654;42;33;left;310;0;0;4;NULL;0.0;0.0;310;0;0;1842.079849882683;1384.167460282683;457.9123896;1842.079849882683;1842.079849882683;0.0;NULL;0.0;0;1;0.0;0.0;NULL;NULL;;NULL;NULL;NULL;;NULL;;NULL;NULL;NULL;line_190: 0.0; line_423: 0.0; line_246: 0.0; line_62: 0.0; parcelle_51: 116.10774103824733; parcelle_1: 281.9026697712618; line_406: 0.0; line_58: 0.0; line_37: 0.0; line_205: 0.0;NULL;NULL;NULL;parcelle_56: 715.8863999999999; parcelle_51: 0.0; parcelle_1: 0.0; parcelle_72: 114.48785088; parcelle_52: 196.65565700268294; parcelle_75: 270.564342; parcelle_76: 544.4856;;;;;NULL;310;0;0;1842.079849882683;1384.167460282683;457.9123896;1842.079849882683;1842.079849882683;0.0;0.0;0.0;0;1
191;191;81.6;138;139;NULL;NULL;454.5796;449.4014;424;279;NULL;6.35;0.99904059334625;307;230;right;0;0;0;139;NULL;0.0;0.0;0;0;0;0.0;0.0;0.0;0.0;0.0;0.0;NULL;0.0;999;99;0.0;0.0;NULL;NULL;NULL;NULL;NULL;NULL;NULL;NULL;NULL;NULL;NULL;NULL;NULL;NULL;NULL;NULL;NULL;NULL;NULL;NULL;NULL;NULL;0;0;0;0.0;0.0;0.0;0.0;0.0;0.0;0.0;0.0;999;99
192;192;40.78;78;4;NULL;NULL;510.8466;509.2534;24;43, 301;NULL;3.91;0.851269345922868;71;55;right;0;0;0;5;NULL;0.0;0.0;0;0;0;0.0;0.0;0.0;0.0;0.0;0.0;NULL;0.0;999;99;0.0;0.0;NULL;NULL;NULL;NULL;NULL;NULL;NULL;NULL;NULL;NULL;NULL;NULL;NULL;NULL;NULL;NULL;NULL;NULL;NULL;NULL;NULL;NULL;0;0;0;0.0;0.0;0.0;0.0;0.0;0.0;0.0;0.0;999;99
193;193;9.41;116;120;NULL;NULL;438.7358;437.5059;290;115;NULL;13.07;0.024606658604982;378;284;left;310;0;0;120;NULL;0.0;0.0;310;0;0;554.1878784704601;462.5233949264601;91.66448354399999;554.1878784704601;554.1878784704601;0.0;120.0;0.0;0;0;0.0;0.0;NULL;NULL;;NULL;NULL;NULL;;NULL;;NULL;NULL;NULL;line_193: 0.0; parcelle_6: 1.8519128341850708; parcelle_23: 2.420244622173722; line_290: 0.0;NULL;NULL;NULL;parcelle_116: 554.1878784704601; parcelle_6: 0.0; parcelle_23: 0.0; parcelle_112: 0.0; parcelle_36: 0.0; parcelle_35: 0.0; parcelle_13: 0.0; parcelle_12: 0.0;;;;;NULL;310;0;0;554.1878784704601;462.5233949264601;91.66448354399999;554.1878784704601;554.1878784704601;0.0;0.0;0.0;0;0
194;194;44.95;87;60;NULL;NULL;477.7194;476.8652;158, 42;360, 257;NULL;1.9;0.114070225565106;165;124;right;310;0;0;91;NULL;0.0;0.0;310;0;0;10483.14957502771;7551.999954351268;2931.1496206764423;10483.14957502771;10483.14957502771;0.0;NULL;0.0;0;6;0.0;0.0;NULL;NULL;;NULL;NULL;NULL;;NULL;;NULL;NULL;NULL;line_194: 0.0; line_333: 0.0; parcelle_88: 0.6421575400099329; parcelle_78: 2.8767850085805327; parcelle_74: 14.282309919524376; line_301: 0.0; line_179: 0.0; line_43: 0.18417498396696935; line_133: 0.0; parcelle_42: 266.32206746273175; line_125: 0.0; line_32: 0.0; line_121: 0.0; parcelle_150: 45.7947584016486; line_247: 0.0; line_340: 0.0; line_268: 0.0; parcelle_1: 273.96906043605156; line_243: 0.0; parcelle_51: 32.552152966855424; line_190: 0.0; line_423: 0.0; line_246: 0.0; line_62: 0.0; line_406: 0.0; line_58: 0.0; line_37: 0.0; line_205: 0.0; line_398: 0.0; line_166: 0.0; line_352: 0.0; line_72: 0.0; line_300: 0.0; line_209: 0.0; line_176: 0.0; line_197: 0.0; line_158: 0.0; line_34: 0.0; line_267: 0.0; line_170: 0.0; line_29: 0.7775421745980169; line_432: 0.0; line_118: 0.0; line_42: 0.0; line_369: 7.226868249688455; line_324: 0.0; line_346: 0.0;NULL;NULL;NULL;parcelle_83: 427.01321999999993; parcelle_82: 277.698067971871; parcelle_2: 195.52574467690118; parcelle_81: 690.3712333186517; parcelle_150: 0.0; parcelle_56: 433.107735861346; parcelle_51: 0.0; parcelle_1: 0.0; parcelle_72: 69.26458426681694; parcelle_52: 1143.9300569023758; parcelle_75: 163.69009045071243; parcelle_76: 329.4110984998549; parcelle_77: 324.9893106018541; parcelle_79: 631.924116610984; parcelle_80: 2120.4241932363702; parcelle_84: 0.0; parcelle_87: 866.134120323; parcelle_89: 19.991503822302505; parcelle_88: 0.0; parcelle_78: 0.0; parcelle_74: 0.0; parcelle_5: 115.27307160090001; parcelle_4: 101.57502199319846; parcelle_42: 0.0; parcelle_90: 17.2096630272; parcelle_3: 144.69473040000003; parcelle_85: 1591.7976674633717; parcelle_86: 819.1243439999998;;;;;NULL;310;0;0;10483.14957502771;7551.999954351268;2931.1496206764423;10483.14957502771;10483.14957502771;0.0;0.0;0.0;0;6
195;195;85.08;76;75;NULL;NULL;525.0968;514.7998;37;423;NULL;12.1;0.560783509815931;34;27;left;0;0;0;4;NULL;0.0;0.0;0;0;0;0.0;0.0;0.0;0.0;0.0;0.0;NULL;0.0;999;99;0.0;0.0;NULL;NULL;NULL;NULL;NULL;NULL;NULL;NULL;NULL;NULL;NULL;NULL;NULL;NULL;NULL;NULL;NULL;NULL;NULL;NULL;NULL;NULL;0;0;0;0.0;0.0;0.0;0.0;0.0;0.0;0.0;0.0;999;99
196;196;49.82;26;91;NULL;NULL;474.8022;468.0299;220;365;NULL;13.59;0.683018857342539;216;164;right;0;0;0;91;NULL;0.0;0.0;0;0;0;0.0;0.0;0.0;0.0;0.0;0.0;NULL;0.0;999;99;0.0;0.0;NULL;NULL;NULL;NULL;NULL;NULL;NULL;NULL;NULL;NULL;NULL;NULL;NULL;NULL;NULL;NULL;NULL;NULL;NULL;NULL;NULL;NULL;0;0;0;0.0;0.0;0.0;0.0;0.0;0.0;0.0;0.0;999;99
197;197;13.22;82;87;NULL;NULL;492.9677;491.5693;149;NULL;NULL;10.58;0.927118459260754;114;87;right;310;0;0;87;NULL;0.0;0.0;310;0;0;625.9531250444277;0.0;625.9531250444277;625.9531250444277;625.9531250444277;0.0;87.0;0.0;0;0;0.0;0.0;NULL;NULL;;NULL;NULL;NULL;;NULL;;NULL;NULL;NULL;line_197: 0.0; line_121: 0.0; parcelle_150: 10.103970611129055; line_247: 0.0; line_340: 0.0; line_268: 0.0; parcelle_1: 103.79862649125141; line_243: 0.0; parcelle_51: 12.333030459406148; line_190: 0.0; line_423: 0.0; line_246: 0.0; line_62: 0.0; line_406: 0.0; line_58: 0.0; line_37: 0.0; line_205: 0.0; line_398: 0.0; line_166: 0.0; line_352: 0.0; line_72: 0.0;NULL;NULL;NULL;parcelle_82: 95.84541932; parcelle_2: 23.86145565104; parcelle_81: 175.07364415139017; parcelle_150: 0.0; parcelle_56: 46.32388022462203; parcelle_51: 0.0; parcelle_1: 0.0; parcelle_72: 7.408328320442334; parcelle_52: 122.35126402419009; parcelle_75: 17.50779197909288; parcelle_76: 35.232804699784026; parcelle_77: 34.75986377537797; parcelle_79: 67.58867289848813;;;;;NULL;310;0;0;625.9531250444277;0.0;625.9531250444277;625.9531250444277;625.9531250444277;0.0;0.0;0.0;0;0
198;198;23.67;94;97;NULL;NULL;452.8453;449.7055;213;89;NULL;13.26;0.995529053952226;368;276;left;0;0;0;45;NULL;0.0;0.0;0;0;0;0.0;0.0;0.0;0.0;0.0;0.0;NULL;0.0;999;99;0.0;0.0;NULL;NULL;NULL;NULL;NULL;NULL;NULL;NULL;NULL;NULL;NULL;NULL;NULL;NULL;NULL;NULL;NULL;NULL;NULL;NULL;NULL;NULL;0;0;0;0.0;0.0;0.0;0.0;0.0;0.0;0.0;0.0;999;99
199;199;139.11;50;20;NULL;NULL;422.5238;411.63319;239, 142, 315;156;NULL;7.83;0.592294464767205;534;394;left;310;0;0;70;NULL;0.0;0.0;310;0;0;9209.329287149472;9209.329287149472;0.0;9209.329287149472;9209.329287149472;0.0;NULL;0.0;0;5;0.0;0.0;NULL;NULL;;NULL;NULL;NULL;;NULL;;NULL;NULL;NULL;line_199: 0.0; line_239: 262.90885207428437; line_305: 27.32435634824311; line_411: 0.0; line_354: 144.2639862757372; line_212: 2.5272864370253445; line_278: 0.534142082257601; line_67: 0.2011764424679731; line_371: 1.6071386804131849; line_100: 179.6557374144052; parcelle_23: 20.047589129721178; line_53: 2.718891761273697; line_164: 0.0; line_8: 0.0; line_103: 0.0; line_302: 0.0; line_375: 0.0; line_260: 0.0; line_167: 0.0; line_383: 0.0; line_155: 0.0; line_52: 0.0; line_99: 0.0; line_15: 0.0; line_204: 0.0; line_241: 0.0; line_324: 0.0; line_369: 0.20562504064909942; line_346: 0.0; line_361: 0.0; line_409: 0.0; line_108: 0.0; line_319: 0.0; line_20: 0.0; line_36: 0.0; line_393: 0.0; line_82: 0.0; line_22: 0.0; line_27: 0.0; line_80: 143.6792202286167; line_142: 0.0; parcelle_126: 2350.1951669511136; line_298: 0.0; line_95: 0.0; line_186: 0.0; line_348: 0.0; line_211: 0.0; line_1: 0.0; line_64: 0.0; line_315: 34.67525799312548; line_271: 0.0; line_162: 0.0; line_249: 0.0; line_193: 0.0; parcelle_6: 0.004405769360779642; line_290: 0.0; line_272: 0.0; line_3: 0.0; line_381: 0.0; line_323: 0.0;NULL;NULL;NULL;parcelle_85: 1.4119991677522543; parcelle_80: 0.3726594587772802; parcelle_84: 0.0; parcelle_92: 260.36881763290785; parcelle_35: 163.65927454543157; parcelle_93: 0.0; parcelle_95: 3.7281296550942984; parcelle_59: 1.8175871862221253; parcelle_135: 60.800989764896634; parcelle_106: 51.26863371208953; parcelle_13: 328.12106812793724; parcelle_36: 32.10187693072178; parcelle_107: 177.76071450774327; parcelle_12: 152.79175568507054; parcelle_109: 287.58829193297015; parcelle_136: 22.87777081432806; parcelle_137: 106.14927407911718; parcelle_128: 1099.9517869358974; parcelle_108: 1059.3853679004872; parcelle_112: 1775.1219631573717; parcelle_111: 286.6057168247418; parcelle_110: 164.58022537311297; parcelle_113: 590.0152070923575; parcelle_23: 0.0; parcelle_126: 0.0; parcelle_123: 562.57017536; parcelle_114: 1048.4639570167283; parcelle_122: 900.272101471894; parcelle_121: 0.0; parcelle_124: 25.19803656054926; parcelle_120: 4.909169282313997; parcelle_118: 0.0; parcelle_22: 0.7806902274781027; parcelle_28: 4.54233390973169; parcelle_116: 10.482479933485003; parcelle_6: 0.0; parcelle_115: 22.01799142944971; parcelle_125: 3.6132414728123785;;;;;NULL;310;0;0;9209.329287149472;9209.329287149472;0.0;9209.329287149472;9209.329287149472;0.0;0.0;0.0;0;5
200;200;100.01;74;78;NULL;NULL;510.8466;508.4611;24;13;NULL;2.39;0.668871159117884;67;52;right;0;0;0;98;NULL;0.0;0.0;0;0;0;0.0;0.0;0.0;0.0;0.0;0.0;NULL;0.0;999;99;0.0;0.0;NULL;NULL;NULL;NULL;NULL;NULL;NULL;NULL;NULL;NULL;NULL;NULL;NULL;NULL;NULL;NULL;NULL;NULL;NULL;NULL;NULL;NULL;0;0;0;0.0;0.0;0.0;0.0;0.0;0.0;0.0;0.0;999;99
201;201;13.77;36;112;NULL;NULL;482.2619;481.1362;415;94;NULL;8.18;0.999484387947177;161;121;right;0;0;0;112;NULL;0.0;0.0;0;0;0;0.0;0.0;0.0;0.0;0.0;0.0;NULL;0.0;999;99;0.0;0.0;NULL;NULL;NULL;NULL;NULL;NULL;NULL;NULL;NULL;NULL;NULL;NULL;NULL;NULL;NULL;NULL;NULL;NULL;NULL;NULL;NULL;NULL;0;0;0;0.0;0.0;0.0;0.0;0.0;0.0;0.0;0.0;999;99
202;202;47.36;2;82;NULL;NULL;501.2849;494.8329;340, 121;32;NULL;13.62;0.006981260297962;111;85;right;0;0;0;42;NULL;0.0;0.0;0;0;0;0.0;0.0;0.0;0.0;0.0;0.0;NULL;0.0;999;99;0.0;0.0;NULL;NULL;NULL;NULL;NULL;NULL;NULL;NULL;NULL;NULL;NULL;NULL;NULL;NULL;NULL;NULL;NULL;NULL;NULL;NULL;NULL;NULL;0;0;0;0.0;0.0;0.0;0.0;0.0;0.0;0.0;0.0;999;99
203;203;127.4;NULL;NULL;29;NULL;437.6316;415.3;86, 366;17;NULL;17.53;0.0;528;390;left;0;0;0;149;NULL;0.0;0.0;0;0;0;0.0;0.0;0.0;0.0;0.0;0.0;NULL;0.0;999;99;0.0;0.0;NULL;NULL;NULL;NULL;NULL;NULL;NULL;NULL;NULL;NULL;NULL;NULL;NULL;NULL;NULL;NULL;NULL;NULL;NULL;NULL;NULL;NULL;0;0;0;0.0;0.0;0.0;0.0;0.0;0.0;0.0;0.0;999;99
204;204;32.52;NULL;NULL;59;NULL;481.0021;478.7623;241;15;NULL;6.89;0.0;180;136;right;500;0;0;59;NULL;0.0;0.0;500;0;0;25.046205300291096;25.046205300291096;0.0;25.046205300291096;25.046205300291096;0.0;NULL;0.0;0;0;0.0;0.0;NULL;NULL;;NULL;NULL;NULL;;NULL;;NULL;NULL;NULL;line_204: 0.0; line_241: 0.0; line_324: 0.0; line_369: 2.7135124057671987; line_346: 0.0;NULL;NULL;NULL;parcelle_85: 19.816238530802217; parcelle_80: 5.229966769488877; parcelle_84: 0.0;;;;;NULL;500;0;0;25.046205300291096;25.046205300291096;0.0;25.046205300291096;25.046205300291096;0.0;0.0;0.0;0;0
205;205;63.53;52;56;NULL;NULL;537.3931;527.9569;44, 238;166, 37;NULL;14.85;0.027223772466175;18;15;left;310;0;0;76;NULL;0.0;0.0;310;0;0;209.87979012;0.0;209.87979012;209.87979012;209.87979012;0.0;NULL;0.0;0;0;0.0;0.0;NULL;NULL;;NULL;NULL;NULL;;NULL;;NULL;NULL;NULL;line_205: 0.0; parcelle_1: 94.59927076902626; parcelle_51: 9.22770020952;NULL;NULL;NULL;parcelle_52: 209.87979012; parcelle_1: 0.0; parcelle_51: 0.0;;;;;NULL;310;0;0;209.87979012;0.0;209.87979012;209.87979012;209.87979012;0.0;0.0;0.0;0;0
206;206;243.35;41;102;NULL;NULL;471.1823;444.2055;163;317;NULL;11.09;0.719218548625684;265;199;right;420;0;0;102;NULL;0.0;0.0;420;0;0;6091.272103628979;611.7657443099034;5479.506359319075;5567.994288581819;1627.0316776471477;3940.962610934671;NULL;523.2778150471598;9;4;0.0;0.0;NULL;NULL;parcelle_41: 2769.8019833371372; parcelle_33: 166.99049953567658; parcelle_32: 16.830079284002128; parcelle_21: 0.6763955441377323; parcelle_44: 0.06382954731216658; parcelle_57: 623.1832928705364; parcelle_58: 99.62655847947406; parcelle_63: 263.78997233639444;NULL;NULL;NULL;;NULL;line_206: 0.0; line_165: 0.0; line_421: 0.0; line_163: 0.0; line_292: 0.0; line_326: 0.0; line_419: 0.0;NULL;NULL;NULL;line_206: 523.2778150471598; line_163: 78.16968403102747; line_292: 24.262186698094734; line_419: 25.874359877179792; line_326: 63.108925620305094; line_26: 0.48880808071533693; line_165: 8.053056404121142;NULL;NULL;NULL;parcelle_21: 58.69420415598552; parcelle_44: 5.5388071574309015; parcelle_32: 215.84158318871016; parcelle_33: 119.4345491989376; parcelle_57: 285.7360007668899; parcelle_58: 45.67980996243985; parcelle_41: 818.1845862972807; parcelle_63: 77.9221369194729;;;;;NULL;420;0;0;6091.272103628979;611.7657443099034;5479.506359319075;5567.994288581819;1627.0316776471477;3940.962610934671;523.2778150471598;0.0;9;4
207;207;100.96;97;134;NULL;NULL;449.3446;435.1103;88;331, 217;NULL;14.1;0.617859613090334;408;307;left;0;0;0;27;NULL;0.0;0.0;0;0;0;0.0;0.0;0.0;0.0;0.0;0.0;NULL;0.0;999;99;0.0;0.0;NULL;NULL;NULL;NULL;NULL;NULL;NULL;NULL;NULL;NULL;NULL;NULL;NULL;NULL;NULL;NULL;NULL;NULL;NULL;NULL;NULL;NULL;0;0;0;0.0;0.0;0.0;0.0;0.0;0.0;0.0;0.0;999;99
208;208;48.67;31;146;NULL;NULL;436.6823;436.6184;96, 274;132, 401;NULL;0.13;0.92887421319854;399;300;left;0;0;0;145;NULL;0.0;0.0;0;0;0;0.0;0.0;0.0;0.0;0.0;0.0;NULL;0.0;999;99;0.0;0.0;NULL;NULL;NULL;NULL;NULL;NULL;NULL;NULL;NULL;NULL;NULL;NULL;NULL;NULL;NULL;NULL;NULL;NULL;NULL;NULL;NULL;NULL;0;0;0;0.0;0.0;0.0;0.0;0.0;0.0;0.0;0.0;999;99
209;209;62.12;3;42;NULL;NULL;501.006;498.3068;161, 244;300;NULL;4.35;0.957972825158554;96;74;left;310;0;0;42;NULL;0.0;0.0;310;0;0;304.6204414176;0.0;304.6204414176;304.6204414176;304.6204414176;0.0;NULL;0.0;0;0;0.0;0.0;NULL;NULL;;NULL;NULL;NULL;;NULL;;NULL;NULL;NULL;line_209: 0.0; parcelle_78: 1.6705412128712998; parcelle_74: 8.50602541187308;NULL;NULL;NULL;parcelle_3: 195.857508; parcelle_4: 108.7629334176; parcelle_78: 0.0; parcelle_74: 0.0;;;;;NULL;310;0;0;304.6204414176;0.0;304.6204414176;304.6204414176;304.6204414176;0.0;0.0;0.0;0;0
210;210;62.32;48;70;NULL;NULL;415.9;414.3;46;329;NULL;2.57;0.887815385136401;549;402;right;0;0;0;70;NULL;0.0;0.0;0;0;0;0.0;0.0;0.0;0.0;0.0;0.0;NULL;0.0;999;99;0.0;0.0;NULL;NULL;NULL;NULL;NULL;NULL;NULL;NULL;NULL;NULL;NULL;NULL;NULL;NULL;NULL;NULL;NULL;NULL;NULL;NULL;NULL;NULL;0;0;0;0.0;0.0;0.0;0.0;0.0;0.0;0.0;0.0;999;99
211;211;154.04;114;115;NULL;NULL;463.8505;442.5027;49;95, 3;NULL;13.86;0.072890064246668;326;244;right;310;0;0;122;NULL;0.0;0.0;310;0;0;647.3141763177741;0.0;647.3141763177741;647.3141763177741;647.3141763177741;0.0;NULL;0.0;0;0;0.0;0.0;NULL;NULL;;NULL;NULL;NULL;;NULL;;NULL;NULL;NULL;line_211: 0.0; parcelle_23: 6.960301624121244;NULL;NULL;NULL;parcelle_114: 367.30264896; parcelle_23: 0.0; parcelle_112: 172.67475569834883; parcelle_36: 2.685900324675044; parcelle_35: 6.778414891292094; parcelle_13: 17.313908881023053; parcelle_12: 1.6262233550750722; parcelle_113: 78.93232420736;;;;;NULL;310;0;0;647.3141763177741;0.0;647.3141763177741;647.3141763177741;647.3141763177741;0.0;0.0;0.0;0;0
212;212;14.17;112;108;NULL;NULL;453.1778;453.0562;380;100;NULL;0.86;0.631758757507956;251;189;left;420;0;0;108;NULL;0.0;0.0;420;0;0;652.3193606603986;0.0;652.3193606603986;648.9155723225837;236.80710353338606;412.1084687891976;NULL;3.403788337814918;1;0;0.0;0.0;NULL;NULL;parcelle_112: 353.8940280968025; parcelle_36: 5.504707860286553; parcelle_35: 13.892248118661431; parcelle_13: 35.484567105513754; parcelle_12: 3.3329176079333376;NULL;NULL;NULL;;NULL;line_212: 0.0;NULL;NULL;NULL;line_212: 3.403788337814918;NULL;NULL;NULL;parcelle_112: 203.3557330126948; parcelle_36: 3.1631330654811607; parcelle_35: 7.98280862369305; parcelle_13: 20.390256917265862; parcelle_12: 1.9151719142511434;;;;;NULL;420;0;0;652.3193606603986;0.0;652.3193606603986;648.9155723225837;236.80710353338606;412.1084687891976;3.403788337814918;0.0;1;0
213;213;67.35;37;94;NULL;NULL;455.4057;452.8453;251;234, 198;NULL;3.8;0.822442002380833;303;227;right;0;0;0;97;NULL;0.0;0.0;0;0;0;0.0;0.0;0.0;0.0;0.0;0.0;NULL;0.0;999;99;0.0;0.0;NULL;NULL;NULL;NULL;NULL;NULL;NULL;NULL;NULL;NULL;NULL;NULL;NULL;NULL;NULL;NULL;NULL;NULL;NULL;NULL;NULL;NULL;0;0;0;0.0;0.0;0.0;0.0;0.0;0.0;0.0;0.0;999;99
214;214;68.64;132;131;NULL;NULL;435.7884;429.4059;386, 112;2;NULL;9.3;0.160053473035744;467;349;left;0;0;0;131;NULL;0.0;0.0;0;0;0;0.0;0.0;0.0;0.0;0.0;0.0;NULL;0.0;999;99;0.0;0.0;NULL;NULL;NULL;NULL;NULL;NULL;NULL;NULL;NULL;NULL;NULL;NULL;NULL;NULL;NULL;NULL;NULL;NULL;NULL;NULL;NULL;NULL;0;0;0;0.0;0.0;0.0;0.0;0.0;0.0;0.0;0.0;999;99
215;215;41.22;43;8;NULL;NULL;455.9235;451.5972;141;248;NULL;10.5;0.875464527000018;294;220;right;0;0;0;8;NULL;0.0;0.0;0;0;0;0.0;0.0;0.0;0.0;0.0;0.0;NULL;0.0;999;99;0.0;0.0;NULL;NULL;NULL;NULL;NULL;NULL;NULL;NULL;NULL;NULL;NULL;NULL;NULL;NULL;NULL;NULL;NULL;NULL;NULL;NULL;NULL;NULL;0;0;0;0.0;0.0;0.0;0.0;0.0;0.0;0.0;0.0;999;99
216;216;117.33;27;130;NULL;NULL;425.9985;419.2944;275, 35;97;NULL;NULL;0.0;576;426;left;700;0;0;129;275:same_direction, 35:up;0.79927;0.89941;700;800;0;3903.7751796007296;162.54885068053508;2147.0763487804015;2309.6251994609365;0.0;2147.0763487804015;NULL;1756.6988308203283;45;0;0.0;0.0;NULL;NULL;parcelle_27: 514.8905118499999; parcelle_10: 160.01041680634046; parcelle_96: 23.206504007801566; parcelle_95: 45.809784358334504; parcelle_93: 0.0; parcelle_59: 677.4639425270499; parcelle_94: 33.83628015483911; parcelle_37: 28.264552547043877; parcelle_85: 2.307077176799454; parcelle_80: 0.6088913872606123; parcelle_84: 0.0; parcelle_60: 68.0278702071907; parcelle_38: 16.528210419389918; parcelle_26: 25.362377699277943; parcelle_25: 1.7136396144655293; parcelle_91: 115.85428340697636; parcelle_97: 128.66430901881566; parcelle_11: 166.6543081435986; parcelle_45: 0.0; parcelle_134: 97.66185549575171; parcelle_46: 202.76038463999998; parcelle_130: 0.0; parcelle_141: 0.0; parcelle_39: 0.0; parcelle_138: 0.0; parcelle_140: 0.0; parcelle_139: 0.0; parcelle_64: 0.0; parcelle_17: 0.0; parcelle_24: 0.0; parcelle_15: 0.0; parcelle_40: 0.0; parcelle_47: 0.0; parcelle_62: 0.0; parcelle_63: 0.0; parcelle_21: 0.0; parcelle_44: 0.0; parcelle_32: 0.0; parcelle_33: 0.0; parcelle_57: 0.0; parcelle_58: 0.0; parcelle_41: 0.0;NULL;NULL;NULL;parcelle_130: 2827.4084761195954; line_19: 41.73152103844997; line_107: 0.732799829991282; line_424: 0.9238153922744301; line_338: 20.523787066829303; line_83: 0.0; line_410: 0.0; line_307: 0.0; line_225: 0.0; line_350: 0.0; line_294: 77.43042125218926; line_386: 198.4507155569042; line_429: 0.0; line_363: 0.0; line_113: 0.0; line_317: 0.0; line_206: 145.32135334138334; line_163: 21.708782499471056; line_292: 6.737938633363762; line_419: 7.185661012315002; line_326: 17.526205421563503; line_26: 0.1357486401508442; line_165: 2.2364430929981394; line_47: 0.0; line_421: 0.0; line_155: 93.10930029396022; line_70: 5.003052017441701; line_378: 68.0137544001387; line_261: 4.8295626550500685; line_144: 0.0; line_372: 0.0; line_241: 0.0; line_324: 0.0; line_369: 0.04866409930340159; line_346: 0.0; line_310: 0.0; line_251: 0.0; line_365: 0.0; line_189: 0.0; line_385: 0.0; line_10: 0.0; line_331: 0.9816520965499143; parcelle_45: 6209.537425572202; line_23: 62.706866043728304; line_89: 226.54498844487466; line_217: 7.556177072928586; line_216: 1756.6988308203283; line_35: 6.564999670632319;NULL;;NULL;NULL;NULL;;NULL;NULL;NULL;;;;line_35: 6.564999670632319; line_217: 7.556177072928586;;NULL;700;800;0;3903.7751796007296;162.54885068053508;2147.0763487804015;2309.6251994609365;0.0;2147.0763487804015;1756.6988308203283;0.0;45;0
217;217;42.77;134;27;NULL;NULL;435.1103;430.5318;207;35;NULL;10.7;0.473012149480165;444;332;right;420;0;0;27;NULL;0.0;0.0;420;0;0;335.24497244068135;0.0;335.24497244068135;327.6887953677528;169.1138503511674;158.57494501658536;NULL;7.556177072928586;2;0;0.0;0.0;NULL;NULL;parcelle_134: 62.005160842529065; parcelle_97: 22.96782749375294; parcelle_94: 5.3716839377895536; parcelle_59: 23.463902826976508; parcelle_93: 0.0; parcelle_95: 3.685800033625112; parcelle_37: 4.487143451673147; parcelle_96: 0.015865404494285085; parcelle_85: 0.3662603973351403; parcelle_80: 0.0966646472318695; parcelle_84: 0.0; parcelle_60: 10.799775153822205; parcelle_38: 2.6239386251666676; parcelle_26: 4.026408230689597; parcelle_25: 0.272049124491833; parcelle_91: 18.39246484700744;NULL;NULL;NULL;;NULL;line_217: 0.0; line_378: 0.0; line_155: 0.0; line_261: 0.0; line_144: 0.0; line_372: 0.0; line_241: 0.0; line_324: 0.0; line_369: 0.04012273592146321; line_346: 0.0; line_310: 0.0; line_251: 0.0; line_365: 0.0; line_189: 0.0; line_385: 0.0; line_10: 0.0;NULL;NULL;NULL;line_217: 7.556177072928586;NULL;NULL;NULL;parcelle_134: 66.12602949745181; parcelle_97: 24.49427140752731; parcelle_94: 5.728686543098594; parcelle_59: 25.023315952722655; parcelle_93: 0.0; parcelle_95: 3.9307586406264363; parcelle_37: 4.785359415455615; parcelle_96: 0.016919820726575975; parcelle_85: 0.3906020968067544; parcelle_80: 0.10308898851901854; parcelle_84: 0.0; parcelle_60: 11.51752919730618; parcelle_38: 2.7983258259409927; parcelle_26: 4.294003689588741; parcelle_25: 0.29012953416232334; parcelle_91: 19.614829741234363;;;;;NULL;420;0;0;335.24497244068135;0.0;335.24497244068135;327.6887953677528;169.1138503511674;158.57494501658536;7.556177072928586;0.0;2;0
218;218;53.78;36;13;NULL;NULL;491.1144;481.1362;412;94;NULL;18.55;0.004014246498464;163;122;left;0;0;0;112;NULL;0.0;0.0;0;0;0;0.0;0.0;0.0;0.0;0.0;0.0;NULL;0.0;999;99;0.0;0.0;NULL;NULL;NULL;NULL;NULL;NULL;NULL;NULL;NULL;NULL;NULL;NULL;NULL;NULL;NULL;NULL;NULL;NULL;NULL;NULL;NULL;NULL;0;0;0;0.0;0.0;0.0;0.0;0.0;0.0;0.0;0.0;999;99
219;219;44.76;146;48;NULL;NULL;417.2;416.2;258;46;NULL;2.23;0.766605089368701;504;373;left;0;0;0;48;NULL;0.0;0.0;0;0;0;0.0;0.0;0.0;0.0;0.0;0.0;NULL;0.0;999;99;0.0;0.0;NULL;NULL;NULL;NULL;NULL;NULL;NULL;NULL;NULL;NULL;NULL;NULL;NULL;NULL;NULL;NULL;NULL;NULL;NULL;NULL;NULL;NULL;0;0;0;0.0;0.0;0.0;0.0;0.0;0.0;0.0;0.0;999;99
220;220;3.92;104;91;NULL;NULL;474.9114;474.8022;356, 322;330, 196;NULL;2.79;0.397628371370958;189;143;right;310;0;0;91;NULL;0.0;0.0;310;0;0;14764.209587181993;14747.184014994651;17.025572187341275;14764.209587181993;14764.209587181993;0.0;NULL;0.0;0;9;0.0;0.0;NULL;NULL;;NULL;NULL;NULL;;NULL;;NULL;NULL;NULL;line_220: 0.0; line_395: 0.008672321899455685; parcelle_88: 1.340223630442183; parcelle_78: 5.315590872494048; parcelle_74: 26.30269309700421; line_253: 0.0; parcelle_105: 0.18137322914084336; line_356: 0.0; line_125: 16.382003451263937; line_333: 1.1058817524963738; line_133: 0.019940209050705687; line_179: 0.0; line_301: 0.0; line_322: 0.0; line_360: 0.0; line_43: 0.3391804492946029; parcelle_42: 490.46421263854836; line_32: 0.0; line_121: 0.0; parcelle_150: 50.41227297093458; line_247: 0.0; line_340: 0.0; line_268: 0.0; parcelle_1: 321.40503274255343; line_243: 0.0; parcelle_51: 38.18834788680403; line_190: 0.0; line_423: 0.0; line_246: 0.0; line_62: 0.0; line_406: 0.0; line_58: 0.0; line_37: 0.0; line_205: 0.0; line_398: 0.0; line_166: 0.0; line_352: 0.0; line_72: 0.0; line_300: 0.0; line_209: 0.0; line_176: 0.0; line_197: 0.0; line_194: 0.0; line_158: 0.0; line_34: 0.0; line_267: 0.0; line_170: 0.0; line_29: 0.7775421745980169; line_432: 0.0; line_118: 0.0; line_42: 0.0; line_369: 7.226868249688455; line_324: 0.0; line_346: 0.0;NULL;NULL;NULL;parcelle_89: 295.40618029783406; parcelle_88: 0.0; parcelle_78: 0.0; parcelle_74: 0.0; parcelle_90: 646.8096; parcelle_83: 427.01321999999993; parcelle_82: 342.305069; parcelle_2: 317.98315099999996; parcelle_81: 808.384; parcelle_150: 0.0; parcelle_56: 715.8864; parcelle_51: 0.0; parcelle_1: 0.0; parcelle_72: 114.48785088000002; parcelle_52: 1890.8089200000002; parcelle_75: 270.564342; parcelle_76: 544.4856000000001; parcelle_77: 537.1768000000002; parcelle_79: 1044.5112; parcelle_80: 2120.4241932363702; parcelle_84: 0.0; parcelle_87: 1595.0904610000002; parcelle_5: 212.2892663; parcelle_4: 187.06265560441705; parcelle_42: 0.0; parcelle_3: 266.4728; parcelle_85: 1591.7976674633717; parcelle_86: 819.1243439999998; parcelle_104: 16.125866400000003; parcelle_105: 0.0;;;;;NULL;310;0;0;14764.209587181993;14747.184014994651;17.025572187341275;14764.209587181993;14764.209587181993;0.0;0.0;0.0;0;9
221;221;26.06;26;25;NULL;NULL;473.934;470.7127;330;351, 10;NULL;12.36;0.77659647996776;217;165;left;0;0;0;38;NULL;0.0;0.0;0;0;0;0.0;0.0;0.0;0.0;0.0;0.0;NULL;0.0;999;99;0.0;0.0;NULL;NULL;NULL;NULL;NULL;NULL;NULL;NULL;NULL;NULL;NULL;NULL;NULL;NULL;NULL;NULL;NULL;NULL;NULL;NULL;NULL;NULL;0;0;0;0.0;0.0;0.0;0.0;0.0;0.0;0.0;0.0;999;99
222;222;57.63;53;134;NULL;NULL;449.3446;444.5656;88;54, 347;NULL;8.29;0.521605395695108;331;248;right;310;0;0;133;NULL;0.0;0.0;310;0;0;2340.0141828742717;1314.100516741491;1025.9136661327805;2340.0141828742717;2340.0141828742717;0.0;NULL;0.0;0;1;0.0;0.0;NULL;NULL;;NULL;NULL;NULL;;NULL;;NULL;NULL;NULL;line_222: 0.0; line_88: 0.0; line_139: 0.0; line_385: 0.0; line_10: 0.0; line_234: 0.0;NULL;NULL;NULL;parcelle_25: 432.8611085982776; parcelle_26: 93.53169697757046; parcelle_38: 127.97489341742369; parcelle_37: 562.2649279199999; parcelle_53: 702.050218436; parcelle_7: 421.331337525;;;;;NULL;310;0;0;2340.0141828742717;1314.100516741491;1025.9136661327805;2340.0141828742717;2340.0141828742717;0.0;0.0;0.0;0;1
223;223;73.61;NULL;NULL;138;NULL;464.4419;459.2641;429;78, 328;NULL;7.03;0.0;300;225;left;0;0;0;39;NULL;0.0;0.0;0;0;0;0.0;0.0;0.0;0.0;0.0;0.0;NULL;0.0;999;99;0.0;0.0;NULL;NULL;NULL;NULL;NULL;NULL;NULL;NULL;NULL;NULL;NULL;NULL;NULL;NULL;NULL;NULL;NULL;NULL;NULL;NULL;NULL;NULL;0;0;0;0.0;0.0;0.0;0.0;0.0;0.0;0.0;0.0;999;99
224;224;36.6;118;119;NULL;NULL;436.7927;434.1564;188;21;NULL;7.2;0.744078383350936;460;344;left;0;0;0;119;NULL;0.0;0.0;0;0;0;0.0;0.0;0.0;0.0;0.0;0.0;NULL;0.0;999;99;0.0;0.0;NULL;NULL;NULL;NULL;NULL;NULL;NULL;NULL;NULL;NULL;NULL;NULL;NULL;NULL;NULL;NULL;NULL;NULL;NULL;NULL;NULL;NULL;0;0;0;0.0;0.0;0.0;0.0;0.0;0.0;0.0;0.0;999;99
225;225;98.42;24;140;NULL;NULL;454.3422;445.0387;48, 85;307;NULL;9.45;0.474088209047116;358;269;right;500;0;0;15;NULL;0.0;0.0;500;0;0;308.16483023999996;0.0;308.16483023999996;308.16483023999996;308.16483023999996;0.0;NULL;0.0;0;0;0.0;0.0;NULL;NULL;;NULL;NULL;NULL;;NULL;;NULL;NULL;NULL;line_225: 0.0;NULL;NULL;NULL;parcelle_24: 308.16483023999996;;;;;NULL;500;0;0;308.16483023999996;0.0;308.16483023999996;308.16483023999996;308.16483023999996;0.0;0.0;0.0;0;0
226;226;9.95;34;148;NULL;NULL;438.0359;437.9524;NULL;NULL;NULL;0.84;0.956864306588456;405;305;left;0;0;0;148;NULL;0.0;0.0;0;0;0;0.0;0.0;0.0;0.0;0.0;0.0;NULL;0.0;999;99;0.0;0.0;NULL;NULL;NULL;NULL;NULL;NULL;NULL;NULL;NULL;NULL;NULL;NULL;NULL;NULL;NULL;NULL;NULL;NULL;NULL;NULL;NULL;NULL;0;0;0;0.0;0.0;0.0;0.0;0.0;0.0;0.0;0.0;999;99
227;227;135.18;NULL;NULL;49;NULL;453.241;450.09;262;143, 86;NULL;2.33;0.0;349;262;left;0;0;0;34;NULL;0.0;0.0;0;0;0;0.0;0.0;0.0;0.0;0.0;0.0;NULL;0.0;999;99;0.0;0.0;NULL;NULL;NULL;NULL;NULL;NULL;NULL;NULL;NULL;NULL;NULL;NULL;NULL;NULL;NULL;NULL;NULL;NULL;NULL;NULL;NULL;NULL;0;0;0;0.0;0.0;0.0;0.0;0.0;0.0;0.0;0.0;999;99
228;228;101.05;35;13;NULL;NULL;491.1144;484.3713;412;116;NULL;6.67;0.966689504994426;137;104;right;0;0;0;12;NULL;0.0;0.0;0;0;0;0.0;0.0;0.0;0.0;0.0;0.0;NULL;0.0;999;99;0.0;0.0;NULL;NULL;NULL;NULL;NULL;NULL;NULL;NULL;NULL;NULL;NULL;NULL;NULL;NULL;NULL;NULL;NULL;NULL;NULL;NULL;NULL;NULL;0;0;0;0.0;0.0;0.0;0.0;0.0;0.0;0.0;0.0;999;99
229;229;98.52;12;107;NULL;NULL;477.5904;463.6493;231;319;NULL;14.15;0.563093427654882;201;152;left;0;0;0;135;NULL;0.0;0.0;0;0;0;0.0;0.0;0.0;0.0;0.0;0.0;NULL;0.0;999;99;0.0;0.0;NULL;NULL;NULL;NULL;NULL;NULL;NULL;NULL;NULL;NULL;NULL;NULL;NULL;NULL;NULL;NULL;NULL;NULL;NULL;NULL;NULL;NULL;0;0;0;0.0;0.0;0.0;0.0;0.0;0.0;0.0;0.0;999;99
230;230;46.15;17;16;NULL;NULL;439.2948;429.1273;NULL;NULL;NULL;22.03;0.86436258233232;464;347;left;0;0;0;142;NULL;0.0;0.0;0;0;0;0.0;0.0;0.0;0.0;0.0;0.0;NULL;0.0;999;99;0.0;0.0;NULL;NULL;NULL;NULL;NULL;NULL;NULL;NULL;NULL;NULL;NULL;NULL;NULL;NULL;NULL;NULL;NULL;NULL;NULL;NULL;NULL;NULL;0;0;0;0.0;0.0;0.0;0.0;0.0;0.0;0.0;0.0;999;99
231;231;86.64;13;107;NULL;NULL;478.6793;477.5904;116;229, 403;NULL;1.26;0.992267084279848;175;132;left;0;0;0;12;NULL;0.0;0.0;0;0;0;0.0;0.0;0.0;0.0;0.0;0.0;NULL;0.0;999;99;0.0;0.0;NULL;NULL;NULL;NULL;NULL;NULL;NULL;NULL;NULL;NULL;NULL;NULL;NULL;NULL;NULL;NULL;NULL;NULL;NULL;NULL;NULL;NULL;0;0;0;0.0;0.0;0.0;0.0;0.0;0.0;0.0;0.0;999;99
232;232;34.84;121;124;NULL;NULL;436.3435;434.8012;115;64;NULL;4.43;0.736451397629902;449;336;right;0;0;0;124;NULL;0.0;0.0;0;0;0;0.0;0.0;0.0;0.0;0.0;0.0;NULL;0.0;999;99;0.0;0.0;NULL;NULL;NULL;NULL;NULL;NULL;NULL;NULL;NULL;NULL;NULL;NULL;NULL;NULL;NULL;NULL;NULL;NULL;NULL;NULL;NULL;NULL;0;0;0;0.0;0.0;0.0;0.0;0.0;0.0;0.0;0.0;999;99
233;233;33.76;55;66;NULL;NULL;495.5986;494.2546;283, 126;296;NULL;NULL;0.0;562;412;left;700;0;0;66;283:dwn, 126:different_direction;0.91587;0.62429;700;0;0;0.0;0.0;0.0;0.0;0.0;0.0;NULL;0.0;0;0;0.0;0.0;NULL;NULL;parcelle_55: 0.0; parcelle_1: 0.0; parcelle_54: 0.0; parcelle_72: 0.0; parcelle_51: 0.0; parcelle_66: 0.0; parcelle_44: 0.0; parcelle_21: 0.0;NULL;NULL;NULL;parcelle_66: 260.4796203635126; line_285: 0.0; line_421: 0.0; parcelle_55: 158.204432144992; parcelle_1: 1109.601412100401; parcelle_51: 10.884803383181735;NULL;;NULL;NULL;NULL;;NULL;NULL;NULL;;;;;;NULL;700;0;0;0.0;0.0;0.0;0.0;0.0;0.0;0.0;0.0;0;0
234;234;24.74;37;97;NULL;NULL;452.8453;451.9086;213;88;NULL;3.79;0.948931088341763;304;228;right;310;0;0;97;NULL;0.0;0.0;310;0;0;182.38342643999997;0.0;182.38342643999997;182.38342643999997;182.38342643999997;0.0;NULL;0.0;0;0;0.0;0.0;NULL;NULL;;NULL;NULL;NULL;;NULL;;NULL;NULL;NULL;line_234: 0.0;NULL;NULL;NULL;parcelle_37: 182.38342643999997;;;;;NULL;310;0;0;182.38342643999997;0.0;182.38342643999997;182.38342643999997;182.38342643999997;0.0;0.0;0.0;0;0
235;235;86.7;19;20;NULL;NULL;411.6332;411.63319;185, 50;156;NULL;NULL;0.0;581;431;right;700;0;0;70;185:dwn, 50:different_direction;0.98294;0.75642;700;0;0;0.0;0.0;0.0;0.0;0.0;0.0;NULL;0.0;0;0;0.0;0.0;NULL;NULL;parcelle_19: 0.0; parcelle_146: 0.0; parcelle_31: 0.0; parcelle_49: 0.0; parcelle_30: 0.0; parcelle_145: 0.0; parcelle_144: 0.0; parcelle_14: 0.0; parcelle_40: 0.0; parcelle_20: 0.0; parcelle_126: 0.0; parcelle_108: 0.0; parcelle_112: 0.0; parcelle_36: 0.0; parcelle_35: 0.0; parcelle_13: 0.0; parcelle_12: 0.0; parcelle_109: 0.0; parcelle_111: 0.0; parcelle_110: 0.0; parcelle_113: 0.0; parcelle_23: 0.0; parcelle_137: 0.0; parcelle_123: 0.0; parcelle_128: 0.0;NULL;NULL;NULL;parcelle_20: 95.616768; line_239: 0.0; parcelle_126: 5553.31699934019; line_212: 0.0; line_278: 0.5540990634100117; line_67: 0.20869293406075898; line_371: 1.6671856930334115; line_100: 0.0; parcelle_23: 0.25705716340709267; line_53: 1.3536927402022645; line_80: 0.0; line_354: 0.0; line_35: 6.564999670632319; line_217: 7.556177072928586; line_33: 0.0; line_56: 0.0; line_155: 0.0; line_70: 0.0; line_378: 0.0; line_261: 0.0; line_144: 0.0; line_372: 0.0; line_241: 0.0; line_324: 0.0; line_369: 2.514960925651953; line_346: 0.0; line_310: 0.0; line_251: 0.0; line_365: 0.0; line_189: 0.0; line_385: 0.0; line_10: 0.0; line_8: 0.0; line_103: 0.0; line_302: 0.0; line_375: 0.0; line_260: 0.0; line_167: 0.0; line_383: 0.0; line_52: 0.0; line_99: 0.0; line_15: 0.0; line_204: 0.0; line_361: 0.0; line_409: 0.0; line_108: 0.0; line_319: 0.0; line_20: 0.0; line_36: 0.0; line_393: 0.0; line_82: 0.0; line_22: 0.0; line_27: 0.0; line_399: 0.0; line_237: 0.0; line_164: 0.0; parcelle_19: 383.2399993521946; parcelle_146: 573.3767574735956; line_96: 0.0; parcelle_145: 395.66805776718354; parcelle_144: 186.5112249294962; line_135: 0.0; line_407: 0.0; line_109: 0.0; line_242: 0.0; line_401: 0.0;NULL;;NULL;NULL;NULL;;NULL;NULL;NULL;;;;;;NULL;700;0;0;0.0;0.0;0.0;0.0;0.0;0.0;0.0;0.0;0;0
236;236;94.01;24;47;NULL;NULL;455.2818;445.2972;NULL;382;NULL;10.62;0.372663883907673;359;270;left;0;0;0;142;NULL;0.0;0.0;0;0;0;0.0;0.0;0.0;0.0;0.0;0.0;NULL;0.0;999;99;0.0;0.0;NULL;NULL;NULL;NULL;NULL;NULL;NULL;NULL;NULL;NULL;NULL;NULL;NULL;NULL;NULL;NULL;NULL;NULL;NULL;NULL;NULL;NULL;0;0;0;0.0;0.0;0.0;0.0;0.0;0.0;0.0;0.0;999;99
237;237;8.99;129;127;NULL;NULL;425.3813;424.7067;164;399, 332;NULL;7.5;0.966555356360982;512;378;right;310;0;0;127;NULL;0.0;0.0;310;0;0;5655.906711232747;5655.906711232747;0.0;5655.906711232747;5655.906711232747;0.0;NULL;0.0;0;3;0.0;0.0;NULL;NULL;;NULL;NULL;NULL;;NULL;;NULL;NULL;NULL;line_237: 0.0; line_164: 0.0; line_354: 0.0; line_212: 0.0; line_278: 0.5350016187621879; line_67: 0.20150017374080842; line_371: 1.6097248731316283; line_100: 0.0; parcelle_23: 0.24819749322594856; line_53: 0.33565850511937545; line_8: 0.0; line_103: 0.0; line_302: 0.0; line_375: 0.0; line_260: 0.0; line_167: 0.0; line_383: 0.0; line_155: 0.0; line_52: 0.0; line_99: 0.0; line_15: 0.0; line_204: 0.0; line_241: 0.0; line_324: 0.0; line_369: 0.6218499213178409; line_346: 0.0; line_361: 0.0; line_409: 0.0; line_108: 0.0; line_319: 0.0; line_20: 0.0; line_36: 0.0; line_393: 0.0; line_82: 0.0; line_22: 0.0; line_27: 0.0;NULL;NULL;NULL;parcelle_85: 4.541245636100524; parcelle_80: 1.198540466293561; parcelle_84: 0.0; parcelle_92: 837.3933808575423; parcelle_35: 255.009148095928; parcelle_93: 0.0; parcelle_95: 11.990341718094053; parcelle_59: 5.845690327709671; parcelle_135: 195.54701996033714; parcelle_106: 164.88923253722018; parcelle_13: 319.4016445492621; parcelle_36: 12.984798193878058; parcelle_107: 571.7107258026651; parcelle_12: 184.21383427861488; parcelle_109: 420.50543574319465; parcelle_136: 73.57906381748246; parcelle_137: 281.05246645409306; parcelle_128: 1134.4259003446894; parcelle_108: 614.9678043065096; parcelle_112: 273.3045224579441; parcelle_111: 166.3731572267298; parcelle_110: 95.5379816417108; parcelle_113: 31.43477681674653; parcelle_23: 0.0;;;;;NULL;310;0;0;5655.906711232747;5655.906711232747;0.0;5655.906711232747;5655.906711232747;0.0;0.0;0.0;0;3
238;238;66.76;51;52;NULL;NULL;550.9446;537.3931;NULL;205;NULL;20.3;0.365364233984024;15;13;right;0;0;0;56;NULL;0.0;0.0;0;0;0;0.0;0.0;0.0;0.0;0.0;0.0;NULL;0.0;999;99;0.0;0.0;NULL;NULL;NULL;NULL;NULL;NULL;NULL;NULL;NULL;NULL;NULL;NULL;NULL;NULL;NULL;NULL;NULL;NULL;NULL;NULL;NULL;NULL;0;0;0;0.0;0.0;0.0;0.0;0.0;0.0;0.0;0.0;999;99
239;239;54.38;126;20;NULL;NULL;423.6621;422.5238;305;199;NULL;2.09;0.988756381047006;492;366;left;420;0;0;20;NULL;0.0;0.0;420;0;0;4834.660758997506;4834.660758997506;0.0;4571.751906923221;4571.751906923221;0.0;NULL;262.90885207428437;5;3;0.0;0.0;NULL;NULL;parcelle_126: 0.0; parcelle_108: 0.0; parcelle_112: 0.0; parcelle_36: 0.0; parcelle_35: 0.0; parcelle_13: 0.0; parcelle_12: 0.0; parcelle_109: 0.0; parcelle_111: 0.0; parcelle_110: 0.0; parcelle_113: 0.0; parcelle_23: 0.0; parcelle_137: 0.0; parcelle_123: 0.0; parcelle_128: 0.0;NULL;NULL;NULL;;NULL;line_239: 0.0; parcelle_126: 5553.31699934019; line_212: 0.0; line_278: 0.01909744464782386; line_67: 0.007192760319950554; line_371: 0.05746081990178321; line_100: 0.0; parcelle_23: 0.008859670181144119; line_53: 0.0; line_80: 0.0; line_354: 0.0;NULL;NULL;NULL;line_239: 262.90885207428437; line_305: 27.32435634824311; line_411: 0.0; line_354: 144.2639862757372; line_212: 0.0; line_278: 0.5260599356562518; line_67: 0.19813242561408306; line_371: 1.582820936398524; line_100: 0.0; parcelle_23: 0.24404927524999387; line_53: 2.718891761273697; line_164: 0.0; line_8: 0.0; line_103: 0.0; line_302: 0.0; line_375: 0.0; line_260: 0.0; line_167: 0.0; line_383: 0.0; line_155: 0.0; line_52: 0.0; line_99: 0.0; line_15: 0.0; line_204: 0.0; line_241: 0.0; line_324: 0.0; line_369: 0.20562504064909942; line_346: 0.0; line_361: 0.0; line_409: 0.0; line_108: 0.0; line_319: 0.0; line_20: 0.0; line_36: 0.0; line_393: 0.0; line_82: 0.0; line_22: 0.0; line_27: 0.0; line_80: 143.6792202286167;NULL;NULL;NULL;parcelle_85: 1.4119991677522543; parcelle_80: 0.3726594587772802; parcelle_84: 0.0; parcelle_92: 260.36881763290785; parcelle_35: 112.45811583496474; parcelle_93: 0.0; parcelle_95: 3.7281296550942984; parcelle_59: 1.8175871862221253; parcelle_135: 60.800989764896634; parcelle_106: 51.26863371208953; parcelle_13: 197.33943101471533; parcelle_36: 11.813769606272196; parcelle_107: 177.76071450774327; parcelle_12: 140.50798116887316; parcelle_109: 287.58829193297015; parcelle_136: 22.87777081432806; parcelle_137: 106.14927407911718; parcelle_128: 1099.9517869358974; parcelle_108: 1059.3853679004872; parcelle_112: 470.81295971173694; parcelle_111: 286.6057168247418; parcelle_110: 164.58022537311297; parcelle_113: 54.15168464051935; parcelle_23: 0.0; parcelle_126: 0.0; parcelle_123: 0.0;;;;;NULL;420;0;0;4834.660758997506;4834.660758997506;0.0;4571.751906923221;4571.751906923221;0.0;262.90885207428437;0.0;5;3
240;240;38.59;73;55;NULL;NULL;498.1482;494.2546;373, 390;296;NULL;10.09;0.586937729542632;90;70;left;0;0;0;66;NULL;0.0;0.0;0;0;0;0.0;0.0;0.0;0.0;0.0;0.0;NULL;0.0;999;99;0.0;0.0;NULL;NULL;NULL;NULL;NULL;NULL;NULL;NULL;NULL;NULL;NULL;NULL;NULL;NULL;NULL;NULL;NULL;NULL;NULL;NULL;NULL;NULL;0;0;0;0.0;0.0;0.0;0.0;0.0;0.0;0.0;0.0;999;99
241;241;32.83;NULL;NULL;60;NULL;482.5765;481.0021;324;372, 204;NULL;4.8;0.0;178;135;right;500;0;0;59;NULL;0.0;0.0;500;0;0;70.99454129385852;70.99454129385852;0.0;70.99454129385852;70.99454129385852;0.0;NULL;0.0;0;0;0.0;0.0;NULL;NULL;;NULL;NULL;NULL;;NULL;;NULL;NULL;NULL;line_241: 0.0; line_324: 0.0; line_369: 7.691567095012104; line_346: 0.0;NULL;NULL;NULL;parcelle_85: 56.16997656118539; parcelle_80: 14.824564732673117; parcelle_84: 0.0;;;;;NULL;500;0;0;70.99454129385852;70.99454129385852;0.0;70.99454129385852;70.99454129385852;0.0;0.0;0.0;0;0
242;242;30.16;49;40;NULL;NULL;453.241;452.1003;262;109, 6;NULL;3.78;0.165908239461561;353;265;right;310;0;0;31;NULL;0.0;0.0;310;0;0;0.0;0.0;0.0;0.0;0.0;0.0;NULL;0.0;0;0;0.0;0.0;NULL;NULL;;NULL;NULL;NULL;;NULL;;NULL;NULL;NULL;line_242: 0.0;NULL;NULL;NULL;parcelle_49: 0.0;;;;;NULL;310;0;0;0.0;0.0;0.0;0.0;0.0;0.0;0.0;0.0;0;0
243;243;29.05;77;4;NULL;NULL;509.539;507.4567;190, 398;244, 268;NULL;7.17;0.842640412160432;44;34;left;310;0;0;3;NULL;0.0;0.0;310;0;0;3839.8752368216;3603.2541994056;236.621037416;3839.8752368216;3839.8752368216;0.0;NULL;0.0;0;2;0.0;0.0;NULL;NULL;;NULL;NULL;NULL;;NULL;;NULL;NULL;NULL;line_243: 0.0; parcelle_1: 1286.006414463864; parcelle_51: 185.68741901031362; line_190: 0.0; line_423: 0.0; line_246: 0.0; line_62: 0.0; line_406: 0.0; line_58: 0.0; line_37: 0.0; line_205: 0.0; line_398: 0.0; line_166: 0.0;NULL;NULL;NULL;parcelle_56: 715.8863999999999; parcelle_51: 0.0; parcelle_1: 0.0; parcelle_72: 114.48785088; parcelle_52: 1779.2133775416; parcelle_75: 270.564342; parcelle_76: 544.4856; parcelle_77: 415.23766639999997;;;;;NULL;310;0;0;3839.8752368216;3603.2541994056;236.621037416;3839.8752368216;3839.8752368216;0.0;0.0;0.0;0;2
244;244;73.75;4;3;NULL;NULL;507.4567;501.006;243, 352;209;NULL;8.75;0.470549936128256;81;63;right;0;0;0;42;NULL;0.0;0.0;0;0;0;0.0;0.0;0.0;0.0;0.0;0.0;NULL;0.0;999;99;0.0;0.0;NULL;NULL;NULL;NULL;NULL;NULL;NULL;NULL;NULL;NULL;NULL;NULL;NULL;NULL;NULL;NULL;NULL;NULL;NULL;NULL;NULL;NULL;0;0;0;0.0;0.0;0.0;0.0;0.0;0.0;0.0;0.0;999;99
245;245;63.9;69;99;NULL;NULL;471.07;467.3188;416, 40;250;NULL;NULL;0.0;567;417;left;700;0;0;68;416:different_direction, 40:dwn;0.96727;0.98258;700;0;0;0.0;0.0;0.0;0.0;0.0;0.0;NULL;0.0;0;0;0.0;0.0;NULL;NULL;parcelle_69: 0.0; parcelle_103: 0.0; parcelle_105: 0.0; parcelle_89: 0.0; parcelle_88: 0.0; parcelle_78: 0.0; parcelle_74: 0.0; parcelle_99: 0.0; parcelle_58: 0.0; parcelle_32: 0.0; parcelle_21: 0.0; parcelle_44: 0.0; parcelle_33: 0.0;NULL;NULL;NULL;parcelle_99: 1089.409469728858; line_326: 0.0; line_165: 0.0; line_421: 0.0; line_419: 0.0; parcelle_69: 184.37721272912; line_11: 0.0; parcelle_105: 64.44681190959902; parcelle_88: 1.458583850234531; parcelle_78: 0.1632836653626325; parcelle_74: 0.000893587384919509;NULL;;NULL;NULL;NULL;;NULL;NULL;NULL;;;;;;NULL;700;0;0;0.0;0.0;0.0;0.0;0.0;0.0;0.0;0.0;0;0
246;246;45.88;75;74;NULL;NULL;516.1356;514.7998;62, 58;423;NULL;2.91;0.867678701833379;38;29;left;310;0;0;4;NULL;0.0;0.0;310;0;0;1345.508982682683;1027.029907882683;318.47907480000003;1345.508982682683;1345.508982682683;0.0;NULL;0.0;0;1;0.0;0.0;NULL;NULL;;NULL;NULL;NULL;;NULL;;NULL;NULL;NULL;line_246: 0.0; line_62: 0.0; parcelle_51: 116.10774103824733; parcelle_1: 281.9026697712618; line_406: 0.0; line_58: 0.0; line_37: 0.0; line_205: 0.0;NULL;NULL;NULL;parcelle_56: 715.8863999999999; parcelle_51: 0.0; parcelle_1: 0.0; parcelle_72: 114.48785088; parcelle_52: 196.65565700268294; parcelle_75: 270.564342; parcelle_76: 47.914732799999996;;;;;NULL;310;0;0;1345.508982682683;1027.029907882683;318.47907480000003;1345.508982682683;1345.508982682683;0.0;0.0;0.0;0;1
247;247;123.26;81;80;NULL;NULL;518.4221;502.1648;377;121, 118;NULL;13.19;0.936855428999055;58;45;right;310;0;0;82;NULL;0.0;0.0;310;0;0;406.61715200000003;0.0;406.61715200000003;406.61715200000003;406.61715200000003;0.0;NULL;0.0;0;0;0.0;0.0;NULL;NULL;;NULL;NULL;NULL;;NULL;;NULL;NULL;NULL;line_247: 0.0; parcelle_150: 42.469080454440004;NULL;NULL;NULL;parcelle_81: 406.61715200000003; parcelle_150: 0.0;;;;;NULL;310;0;0;406.61715200000003;0.0;406.61715200000003;406.61715200000003;406.61715200000003;0.0;0.0;0.0;0;0
248;248;39.27;102;8;NULL;NULL;451.5972;449.2338;145, 215;408;NULL;NULL;0.0;571;421;right;700;0;0;9;145:different_direction, 215:dwn;0.18275;0.99994;700;0;0;0.0;0.0;0.0;0.0;0.0;0.0;NULL;0.0;0;0;0.0;0.0;NULL;NULL;parcelle_102: 0.0; parcelle_57: 0.0; parcelle_33: 0.0; parcelle_32: 0.0; parcelle_21: 0.0; parcelle_44: 0.0; parcelle_58: 0.0; parcelle_41: 0.0; parcelle_63: 0.0; parcelle_8: 0.0; parcelle_7: 0.0; parcelle_25: 0.0; parcelle_26: 0.0; parcelle_53: 0.0;NULL;NULL;NULL;parcelle_8: 1603.7656446901874; line_388: 0.0; line_69: 0.0; line_11: 0.0; parcelle_105: 298.5306207690696; parcelle_88: 8.092573068639117; parcelle_78: 6.07149418645219; parcelle_74: 26.306829859025516; line_65: 0.0; line_395: 0.008672321899455685; line_253: 0.0; line_280: 0.0; line_413: 0.0; line_330: 0.0; line_220: 0.0; line_356: 0.0; line_125: 16.382003451263937; line_333: 1.1058817524963738; line_133: 0.019940209050705687; line_179: 0.0; line_301: 0.0; line_322: 0.0; line_360: 0.0; line_43: 0.3391804492946029; parcelle_42: 490.46421263854836; line_32: 0.0; line_121: 0.0; parcelle_150: 50.41227297093458; line_247: 0.0; line_340: 0.0; line_268: 0.0; parcelle_1: 321.40503274255343; line_243: 0.0; parcelle_51: 38.18834788680403; line_190: 0.0; line_423: 0.0; line_246: 0.0; line_62: 0.0; line_406: 0.0; line_58: 0.0; line_37: 0.0; line_205: 0.0; line_398: 0.0; line_166: 0.0; line_352: 0.0; line_72: 0.0; line_300: 0.0; line_209: 0.0; line_176: 0.0; line_197: 0.0; line_194: 0.0; line_158: 0.0; line_34: 0.0; line_267: 0.0; line_170: 0.0; line_29: 0.7775421745980169; line_432: 0.0; line_118: 0.0; line_42: 0.0; line_369: 7.226868249688455; line_324: 0.0; line_346: 0.0; parcelle_102: 617.4894887172388; line_281: 0.0; line_292: 0.0; line_165: 0.0; line_421: 0.0; line_326: 0.0; line_419: 0.0; line_206: 0.0; line_163: 0.0;NULL;;NULL;NULL;NULL;;NULL;NULL;NULL;;;;;;NULL;700;0;0;0.0;0.0;0.0;0.0;0.0;0.0;0.0;0.0;0;0
249;249;105.73;28;22;NULL;NULL;450.4421;438.7203;177;162, 335;NULL;11.09;0.966286264171047;393;295;right;310;0;0;118;NULL;0.0;0.0;310;0;0;278.471503516;0.0;278.471503516;278.471503516;278.471503516;0.0;NULL;0.0;0;0;0.0;0.0;NULL;NULL;;NULL;NULL;NULL;;NULL;;NULL;NULL;NULL;line_249: 0.0;NULL;NULL;NULL;parcelle_28: 278.471503516;;;;;NULL;310;0;0;278.471503516;0.0;278.471503516;278.471503516;278.471503516;0.0;0.0;0.0;0;0
250;250;26.63;67;68;NULL;NULL;467.3188;465.9833;245, 151, 18;343;NULL;NULL;0.0;568;418;right;700;0;0;43;245:different_direction, 151:up, 18:dwn;0.97159;0.94586;700;0;0;0.0;0.0;0.0;0.0;0.0;0.0;NULL;0.0;0;0;0.0;0.0;NULL;NULL;parcelle_67: 0.0; parcelle_68: 0.0; parcelle_103: 0.0; parcelle_105: 0.0; parcelle_89: 0.0; parcelle_88: 0.0; parcelle_78: 0.0; parcelle_74: 0.0;NULL;NULL;NULL;parcelle_68: 79.76176472; line_11: 0.0; parcelle_105: 26.87217812082898; parcelle_88: 0.6081809769371836; parcelle_78: 0.06808386031571803; parcelle_74: 0.0003725962334299154; parcelle_67: 14.320214000000002;NULL;;NULL;NULL;NULL;;NULL;NULL;NULL;;;;;;NULL;700;0;0;0.0;0.0;0.0;0.0;0.0;0.0;0.0;0.0;0;0
251;251;59.89;91;37;NULL;NULL;460.6775;455.4057;365, 189;310, 213;NULL;8.8;0.006806731520562;279;210;left;310;0;0;94;NULL;0.0;0.0;310;0;0;1324.2337778394472;436.6336083192841;887.6001695201629;1324.2337778394472;1324.2337778394472;0.0;NULL;0.0;0;1;0.0;0.0;NULL;NULL;;NULL;NULL;NULL;;NULL;;NULL;NULL;NULL;line_251: 0.0; line_365: 0.0; line_189: 0.0; line_385: 0.0; line_10: 0.0;NULL;NULL;NULL;parcelle_38: 260.4430565825763; parcelle_26: 229.0844570871254; parcelle_25: 27.00265350862249; parcelle_91: 582.357574865; parcelle_60: 225.34603579612303;;;;;NULL;310;0;0;1324.2337778394472;436.6336083192841;887.6001695201629;1324.2337778394472;1324.2337778394472;0.0;0.0;0.0;0;1
252;252;99.21;25;7;NULL;NULL;472.2194;461.2128;413;173;NULL;11.09;0.340215433792269;236;178;left;0;0;0;53;NULL;0.0;0.0;0;0;0;0.0;0.0;0.0;0.0;0.0;0.0;NULL;0.0;999;99;0.0;0.0;NULL;NULL;NULL;NULL;NULL;NULL;NULL;NULL;NULL;NULL;NULL;NULL;NULL;NULL;NULL;NULL;NULL;NULL;NULL;NULL;NULL;NULL;0;0;0;0.0;0.0;0.0;0.0;0.0;0.0;0.0;0.0;999;99
253;253;47.85;105;104;NULL;NULL;492.6961;484.1913;417;11, 65;NULL;17.77;0.127757050534443;128;97;right;420;0;0;103;NULL;0.0;0.0;420;0;0;0.0;0.0;0.0;0.0;0.0;0.0;NULL;0.0;0;0;0.0;0.0;NULL;NULL;parcelle_105: 0.0; parcelle_89: 0.0; parcelle_88: 0.0; parcelle_78: 0.0; parcelle_74: 0.0;NULL;NULL;NULL;;NULL;line_253: 0.0; parcelle_105: 8.636820435278254; parcelle_88: 0.1954716832532114; parcelle_78: 0.021882412115735248; parcelle_74: 0.00011975384907488572;NULL;NULL;NULL;line_253: 0.0;NULL;NULL;NULL;parcelle_105: 0.0; parcelle_89: 0.0; parcelle_88: 0.0; parcelle_78: 0.0; parcelle_74: 0.0;;;;;NULL;420;0;0;0.0;0.0;0.0;0.0;0.0;0.0;0.0;0.0;0;0
254;254;83.48;47;15;NULL;NULL;445.7158;445.2972;410;382;NULL;0.5;0.929583608880257;366;275;left;0;0;0;142;NULL;0.0;0.0;0;0;0;0.0;0.0;0.0;0.0;0.0;0.0;NULL;0.0;999;99;0.0;0.0;NULL;NULL;NULL;NULL;NULL;NULL;NULL;NULL;NULL;NULL;NULL;NULL;NULL;NULL;NULL;NULL;NULL;NULL;NULL;NULL;NULL;NULL;0;0;0;0.0;0.0;0.0;0.0;0.0;0.0;0.0;0.0;999;99
255;255;80.69;NULL;NULL;41;NULL;482.527;474.8644;38, 51;91, 138;NULL;9.5;0.0;224;170;left;0;0;0;102;NULL;0.0;0.0;0;0;0;0.0;0.0;0.0;0.0;0.0;0.0;NULL;0.0;999;99;0.0;0.0;NULL;NULL;NULL;NULL;NULL;NULL;NULL;NULL;NULL;NULL;NULL;NULL;NULL;NULL;NULL;NULL;NULL;NULL;NULL;NULL;NULL;NULL;0;0;0;0.0;0.0;0.0;0.0;0.0;0.0;0.0;0.0;999;99
256;256;52.38;58;57;NULL;NULL;487.3439;481.4821;419;104, 12;NULL;11.19;0.927053035713077;170;128;left;0;0;0;101;NULL;0.0;0.0;0;0;0;0.0;0.0;0.0;0.0;0.0;0.0;NULL;0.0;999;99;0.0;0.0;NULL;NULL;NULL;NULL;NULL;NULL;NULL;NULL;NULL;NULL;NULL;NULL;NULL;NULL;NULL;NULL;NULL;NULL;NULL;NULL;NULL;NULL;0;0;0;0.0;0.0;0.0;0.0;0.0;0.0;0.0;0.0;999;99
257;257;175.84;60;91;NULL;NULL;476.8652;460.4955;194;144;NULL;9.31;0.199880994440346;221;168;left;0;0;0;91;NULL;0.0;0.0;0;0;0;0.0;0.0;0.0;0.0;0.0;0.0;NULL;0.0;999;99;0.0;0.0;NULL;NULL;NULL;NULL;NULL;NULL;NULL;NULL;NULL;NULL;NULL;NULL;NULL;NULL;NULL;NULL;NULL;NULL;NULL;NULL;NULL;NULL;0;0;0;0.0;0.0;0.0;0.0;0.0;0.0;0.0;0.0;999;99
258;258;103.76;146;147;NULL;NULL;437.9671;417.2;76;219, 61;NULL;20.01;0.284350018620053;503;372;left;310;0;0;48;NULL;0.0;0.0;310;0;0;0.0;0.0;0.0;0.0;0.0;0.0;48.0;0.0;0;0;0.0;0.0;NULL;NULL;;NULL;NULL;NULL;;NULL;;NULL;NULL;NULL;line_258: 0.0; parcelle_146: 16.257359772421633; line_96: 0.0;NULL;NULL;NULL;parcelle_146: 0.0; parcelle_31: 0.0; parcelle_49: 0.0; parcelle_30: 0.0;;;;;NULL;310;0;0;0.0;0.0;0.0;0.0;0.0;0.0;0.0;0.0;0;0
259;259;55.35;101;102;NULL;NULL;469.1432;461.8205;12, 281;145;NULL;13.23;0.785964813831779;214;163;left;420;0;0;102;NULL;0.0;0.0;420;0;0;680.9212077946884;680.9212077946884;0.0;643.2322189432524;643.2322189432524;0.0;NULL;37.688988851436;6;0;0.0;0.0;NULL;NULL;;NULL;NULL;NULL;;NULL;line_259: 0.0;NULL;NULL;NULL;line_259: 37.688988851436; line_12: 0.0; line_292: 13.301541490028493; line_165: 4.415021004243151; line_421: 0.0; line_326: 34.59894208940081; line_419: 14.18540198857107; line_281: 11.264966441666616; line_163: 42.85587726858855; line_26: 0.2679849531784715;NULL;NULL;NULL;parcelle_57: 352.1970209130361; parcelle_33: 52.21770396209953; parcelle_32: 140.1393056414837; parcelle_21: 38.719583931002504; parcelle_44: 3.6538583612077637; parcelle_58: 56.304746134422686;;;;;NULL;420;0;0;680.9212077946884;680.9212077946884;0.0;643.2322189432524;643.2322189432524;0.0;37.688988851436;0.0;6;0
260;260;39.93;135;10;NULL;NULL;454.9034;452.2749;167;7, 375;NULL;6.58;0.047803795860757;317;237;left;310;0;0;11;NULL;0.0;0.0;310;0;0;2339.106923264953;2181.247992064953;157.8589312;2339.106923264953;2339.106923264953;0.0;NULL;0.0;0;1;0.0;0.0;NULL;NULL;;NULL;NULL;NULL;;NULL;;NULL;NULL;NULL;line_260: 0.0; line_167: 0.0; line_383: 0.0; line_155: 0.0; line_52: 0.0; line_99: 0.0; line_15: 0.0; line_204: 0.0; line_241: 0.0; line_324: 0.0; line_369: 1.757322319925424; line_346: 0.0;NULL;NULL;NULL;parcelle_85: 12.833373524710007; parcelle_80: 3.387026098335654; parcelle_84: 0.0; parcelle_92: 1902.1528930121142; parcelle_35: 170.53920214129926; parcelle_93: 0.0; parcelle_95: 52.321211093; parcelle_59: 25.508330355494124; parcelle_135: 172.36488704;;;;;NULL;310;0;0;2339.106923264953;2181.247992064953;157.8589312;2339.106923264953;2339.106923264953;0.0;0.0;0.0;0;1
261;261;4.12;96;94;NULL;NULL;451.8243;450.9336;378, 55;70;NULL;21.62;0.995772926817074;324;243;left;420;0;0;10;NULL;0.0;0.0;420;0;0;1176.0086071618607;1172.2078794462998;3.8007277155610204;1171.1790445068107;1167.3943827454518;3.7846617613589686;NULL;4.8295626550500685;0;1;0.0;0.0;NULL;NULL;parcelle_96: 1.5747450800790324; parcelle_95: 1.485625059935731; parcelle_93: 0.0; parcelle_59: 0.7242916213442052;NULL;NULL;NULL;;NULL;line_261: 0.0; line_155: 0.0;NULL;NULL;NULL;line_261: 4.8295626550500685; line_378: 68.0137544001387; line_155: 93.10930029396022;NULL;NULL;NULL;parcelle_59: 1165.5983466725338; parcelle_93: 0.0; parcelle_95: 1.7893787944550212; parcelle_96: 0.006657278462893012;;;;;NULL;420;0;0;1176.0086071618607;1172.2078794462998;3.8007277155610204;1171.1790445068107;1167.3943827454518;3.7846617613589686;4.8295626550500685;0.0;0;1
262;262;78.6;NULL;NULL;40;NULL;454.7019;453.241;30;242, 227;NULL;1.86;0.0;344;258;left;0;0;0;40;NULL;0.0;0.0;0;0;0;0.0;0.0;0.0;0.0;0.0;0.0;NULL;0.0;999;99;0.0;0.0;NULL;NULL;NULL;NULL;NULL;NULL;NULL;NULL;NULL;NULL;NULL;NULL;NULL;NULL;NULL;NULL;NULL;NULL;NULL;NULL;NULL;NULL;0;0;0;0.0;0.0;0.0;0.0;0.0;0.0;0.0;0.0;999;99
263;263;43.74;129;18;NULL;NULL;418.3761;418.0278;171, 97, 152;316;NULL;NULL;0.0;578;428;left;700;0;0;18;171:dwn, 97:different_direction, 152:dwn;0.99968;0.998;700;800;0;2119.9018712;0.0;1165.94602916;1165.94602916;0.0;1165.94602916;NULL;953.9558420400001;45;0;0.0;0.0;NULL;NULL;parcelle_129: 1165.94602916; parcelle_18: 0.0; parcelle_143: 0.0; parcelle_142: 0.0; parcelle_15: 0.0; parcelle_24: 0.0; parcelle_40: 0.0; parcelle_47: 0.0; parcelle_49: 0.0; parcelle_14: 0.0; parcelle_16: 0.0; parcelle_17: 0.0; parcelle_141: 0.0; parcelle_39: 0.0; parcelle_138: 0.0; parcelle_140: 0.0; parcelle_139: 0.0; parcelle_64: 0.0;NULL;NULL;NULL;parcelle_18: 17.142134646999995; parcelle_143: 1688.7905568106278; line_148: 0.0; line_338: 0.0; line_107: 0.0; line_424: 0.0; line_402: 0.0; line_410: 0.0; line_75: 0.0; line_297: 0.0; line_355: 0.0; line_109: 0.0; line_242: 0.0; line_308: 0.0; line_376: 0.0; line_263: 953.9558420400001; line_35: 6.564999670632319; line_217: 7.556177072928586; line_33: 0.0; line_56: 0.0; line_155: 0.0; line_70: 0.0; line_378: 0.0; line_261: 0.0; line_144: 0.0; line_372: 0.0; line_241: 0.0; line_324: 0.0; line_369: 1.8931110043341122; line_346: 0.0; line_310: 0.0; line_251: 0.0; line_365: 0.0; line_189: 0.0; line_385: 0.0; line_10: 0.0; line_8: 0.0; line_103: 0.0; line_302: 0.0; line_375: 0.0; line_260: 0.0; line_167: 0.0; line_383: 0.0; line_52: 0.0; line_99: 0.0; line_15: 0.0; line_204: 0.0; line_361: 0.0; line_409: 0.0; line_108: 0.0; line_319: 0.0; line_20: 0.0; line_36: 0.0; line_393: 0.0; line_82: 0.0; line_22: 0.0; line_27: 0.0; line_53: 1.018034235082889;NULL;;NULL;NULL;NULL;;NULL;NULL;NULL;;;;line_35: 6.564999670632319; line_217: 7.556177072928586; line_33: 0.0; line_56: 0.0; line_155: 0.0; line_70: 0.0; line_378: 0.0; line_261: 0.0; line_144: 0.0; line_372: 0.0; line_241: 0.0; line_324: 0.0; line_369: 1.8931110043341122; line_346: 0.0; line_310: 0.0; line_251: 0.0; line_365: 0.0; line_189: 0.0; line_385: 0.0; line_10: 0.0; line_8: 0.0; line_103: 0.0; line_302: 0.0; line_375: 0.0; line_260: 0.0; line_167: 0.0; line_383: 0.0; line_52: 0.0; line_99: 0.0; line_15: 0.0; line_204: 0.0; line_361: 0.0; line_409: 0.0; line_108: 0.0; line_319: 0.0; line_20: 0.0; line_36: 0.0; line_393: 0.0; line_82: 0.0; line_22: 0.0; line_27: 0.0; line_53: 1.018034235082889;;NULL;700;800;0;2119.9018712;0.0;1165.94602916;1165.94602916;0.0;1165.94602916;953.9558420400001;0.0;45;0
264;264;66.5;93;59;NULL;NULL;471.2594;463.9441;15;155;NULL;11.0;0.17416379797373;239;179;right;0;0;0;95;NULL;0.0;0.0;0;0;0;0.0;0.0;0.0;0.0;0.0;0.0;NULL;0.0;999;99;0.0;0.0;NULL;NULL;NULL;NULL;NULL;NULL;NULL;NULL;NULL;NULL;NULL;NULL;NULL;NULL;NULL;NULL;NULL;NULL;NULL;NULL;NULL;NULL;0;0;0;0.0;0.0;0.0;0.0;0.0;0.0;0.0;0.0;999;99
265;265;32.45;23;6;NULL;NULL;465.1338;462.2514;4;321;NULL;8.88;0.833403848725276;256;192;right;0;0;0;116;NULL;0.0;0.0;0;0;0;0.0;0.0;0.0;0.0;0.0;0.0;NULL;0.0;999;99;0.0;0.0;NULL;NULL;NULL;NULL;NULL;NULL;NULL;NULL;NULL;NULL;NULL;NULL;NULL;NULL;NULL;NULL;NULL;NULL;NULL;NULL;NULL;NULL;0;0;0;0.0;0.0;0.0;0.0;0.0;0.0;0.0;0.0;999;99
266;266;34.28;11;27;NULL;NULL;435.5854;432.423;127, 7;77;NULL;9.23;0.413898993841435;423;317;left;0;0;0;27;NULL;0.0;0.0;0;0;0;0.0;0.0;0.0;0.0;0.0;0.0;NULL;0.0;999;99;0.0;0.0;NULL;NULL;NULL;NULL;NULL;NULL;NULL;NULL;NULL;NULL;NULL;NULL;NULL;NULL;NULL;NULL;NULL;NULL;NULL;NULL;NULL;NULL;0;0;0;0.0;0.0;0.0;0.0;0.0;0.0;0.0;0.0;999;99
267;267;26.34;83;86;NULL;NULL;491.214;485.7877;170;158;NULL;20.6;0.024955617255639;141;107;right;310;0;0;86;NULL;0.0;0.0;310;0;0;1821.6979668164208;1539.9347306300822;281.7632361863386;1821.6979668164208;1821.6979668164208;0.0;NULL;0.0;0;1;0.0;0.0;NULL;NULL;;NULL;NULL;NULL;;NULL;;NULL;NULL;NULL;line_267: 0.0; line_121: 0.0; parcelle_150: 22.557574618955357; line_247: 0.0; line_340: 0.0; line_268: 0.0; parcelle_1: 35.25223781271093; line_243: 0.0; parcelle_51: 4.188561423238458; line_190: 0.0; line_423: 0.0; line_246: 0.0; line_62: 0.0; line_406: 0.0; line_58: 0.0; line_37: 0.0; line_205: 0.0; line_398: 0.0; line_166: 0.0; line_352: 0.0; line_72: 0.0; line_170: 0.0; line_29: 0.06537957532680513; line_432: 0.0; line_118: 0.0;NULL;NULL;NULL;parcelle_81: 242.5797463055077; parcelle_150: 0.0; parcelle_80: 1356.8137454564755; parcelle_84: 0.0; parcelle_83: 69.17614164; parcelle_82: 32.551158231486; parcelle_2: 8.10386165599999; parcelle_56: 15.732582378857881; parcelle_51: 0.0; parcelle_1: 0.0; parcelle_72: 2.516027047514797; parcelle_52: 41.553111075415465; parcelle_75: 5.946021323070921; parcelle_76: 11.965815464718792; parcelle_77: 11.805194592342119; parcelle_79: 22.954561645031536;;;;;NULL;310;0;0;1821.6979668164208;1539.9347306300822;281.7632361863386;1821.6979668164208;1821.6979668164208;0.0;0.0;0.0;0;1
268;268;65.13;79;3;NULL;NULL;507.4567;503.5339;243, 352;176, 340;NULL;6.02;0.905420670311502;46;36;left;310;0;0;2;NULL;0.0;0.0;310;0;0;4687.58249848;4073.40991288;614.1725855999999;4687.58249848;4687.58249848;0.0;NULL;0.0;0;3;0.0;0.0;NULL;NULL;;NULL;NULL;NULL;;NULL;;NULL;NULL;NULL;line_268: 0.0; parcelle_1: 1528.9504141257587; parcelle_150: 3.7367779377600003; line_243: 0.0; parcelle_51: 190.59389528388002; line_190: 0.0; line_423: 0.0; line_246: 0.0; line_62: 0.0; line_406: 0.0; line_58: 0.0; line_37: 0.0; line_205: 0.0; line_398: 0.0; line_166: 0.0; line_352: 0.0;NULL;NULL;NULL;parcelle_56: 715.8863999999999; parcelle_51: 0.0; parcelle_1: 0.0; parcelle_72: 114.48785088; parcelle_52: 1890.80892; parcelle_75: 270.564342; parcelle_76: 544.4856; parcelle_77: 537.1768; parcelle_79: 614.1725855999999; parcelle_150: 0.0;;;;;NULL;310;0;0;4687.58249848;4073.40991288;614.1725855999999;4687.58249848;4687.58249848;0.0;0.0;0.0;0;3
269;269;49.97;42;87;NULL;NULL;492.8355;491.5693;184, 397;NULL;NULL;2.53;0.856987466280539;118;90;left;0;0;0;87;NULL;0.0;0.0;0;0;0;0.0;0.0;0.0;0.0;0.0;0.0;NULL;0.0;999;99;0.0;0.0;NULL;NULL;NULL;NULL;NULL;NULL;NULL;NULL;NULL;NULL;NULL;NULL;NULL;NULL;NULL;NULL;NULL;NULL;NULL;NULL;NULL;NULL;0;0;0;0.0;0.0;0.0;0.0;0.0;0.0;0.0;0.0;999;99
270;270;80.24;111;110;NULL;NULL;474.268;452.7739;313;NULL;NULL;26.79;0.114243617521341;286;215;left;0;0;0;108;NULL;0.0;0.0;0;0;0;0.0;0.0;0.0;0.0;0.0;0.0;NULL;0.0;999;99;0.0;0.0;NULL;NULL;NULL;NULL;NULL;NULL;NULL;NULL;NULL;NULL;NULL;NULL;NULL;NULL;NULL;NULL;NULL;NULL;NULL;NULL;NULL;NULL;0;0;0;0.0;0.0;0.0;0.0;0.0;0.0;0.0;0.0;999;99
271;271;101.52;124;125;NULL;NULL;433.659;425.7049;64;315, 14;NULL;7.84;0.101403569899865;486;359;left;500;0;0;50;NULL;0.0;0.0;500;0;0;577.6578639944544;421.10593612885424;156.5519278656002;577.6578639944544;577.6578639944544;0.0;NULL;0.0;0;0;0.0;0.0;NULL;NULL;;NULL;NULL;NULL;;NULL;;NULL;NULL;NULL;line_271: 0.0; line_162: 0.0; line_249: 0.0; line_193: 0.0; parcelle_6: 0.007768067030848314; parcelle_23: 0.010152001816202539; line_290: 0.0; line_272: 0.0; line_3: 0.0; line_186: 0.0; line_348: 0.0; line_100: 1.3191218600618795; line_212: 0.018556595150802685; line_211: 0.0; line_381: 0.0; line_323: 0.0; line_64: 0.0;NULL;NULL;NULL;parcelle_122: 421.10593612885424; parcelle_121: 0.0; parcelle_124: 49.615408; parcelle_120: 9.666246665600001; parcelle_118: 0.0; parcelle_22: 1.5371937438404353; parcelle_28: 8.94394091627036; parcelle_116: 20.640200179959358; parcelle_6: 0.0; parcelle_23: 0.0; parcelle_112: 9.581057491964499; parcelle_36: 0.149030269794346; parcelle_35: 0.3761081491918327; parcelle_13: 0.9606821548918678; parcelle_12: 0.09023287391799482; parcelle_113: 3.9362905591348767; parcelle_114: 7.701697545514622; parcelle_115: 43.35383931552;;;;;NULL;500;0;0;577.6578639944544;421.10593612885424;156.5519278656002;577.6578639944544;577.6578639944544;0.0;0.0;0.0;0;0
272;272;42.56;116;121;NULL;NULL;439.5404;437.5059;3, 381;115;NULL;4.78;0.884743720969248;379;285;left;310;0;0;120;NULL;0.0;0.0;310;0;0;3483.3136536960515;3161.9951414880516;321.318512208;3483.3136536960515;3483.3136536960515;0.0;120.0;0.0;0;2;0.0;0.0;NULL;NULL;;NULL;NULL;NULL;;NULL;;NULL;NULL;NULL;line_272: 0.0; parcelle_6: 5.8528083319999995; parcelle_23: 39.14738961589081; line_3: 0.0; line_186: 0.0; line_348: 0.0; line_100: 63.05553824387569; line_212: 0.8870265368452527; line_211: 0.0; line_381: 0.0;NULL;NULL;NULL;parcelle_112: 457.9855397688575; parcelle_36: 7.123817867798565; parcelle_35: 17.978401012993913; parcelle_13: 45.921709124850274; parcelle_12: 4.313234890917534; parcelle_113: 188.15920454755624; parcelle_23: 0.0; parcelle_114: 368.14997827507756; parcelle_115: 2072.363256; parcelle_6: 0.0; parcelle_116: 321.318512208;;;;;NULL;310;0;0;3483.3136536960515;3161.9951414880516;321.318512208;3483.3136536960515;3483.3136536960515;0.0;0.0;0.0;0;2
273;273;40.02;32;33;NULL;NULL;492.5612;489.9079;73;419;NULL;6.63;0.975033218117412;120;91;left;0;0;0;58;NULL;0.0;0.0;0;0;0;0.0;0.0;0.0;0.0;0.0;0.0;NULL;0.0;999;99;0.0;0.0;NULL;NULL;NULL;NULL;NULL;NULL;NULL;NULL;NULL;NULL;NULL;NULL;NULL;NULL;NULL;NULL;NULL;NULL;NULL;NULL;NULL;NULL;0;0;0;0.0;0.0;0.0;0.0;0.0;0.0;0.0;0.0;999;99
274;274;20.67;30;146;NULL;NULL;437.9671;436.6823;76;208;NULL;6.22;0.99996915764479;397;298;left;0;0;0;146;NULL;0.0;0.0;0;0;0;0.0;0.0;0.0;0.0;0.0;0.0;NULL;0.0;999;99;0.0;0.0;NULL;NULL;NULL;NULL;NULL;NULL;NULL;NULL;NULL;NULL;NULL;NULL;NULL;NULL;NULL;NULL;NULL;NULL;NULL;NULL;NULL;NULL;0;0;0;0.0;0.0;0.0;0.0;0.0;0.0;0.0;0.0;999;99
275;275;23.61;133;130;NULL;NULL;427.4689;425.9985;2, 174;216;NULL;NULL;0.0;575;425;left;700;0;0;130;2:same_direction, 174:dwn;0.99046;0.6579;700;0;0;0.0;0.0;0.0;0.0;0.0;0.0;NULL;0.0;0;0;0.0;0.0;NULL;NULL;parcelle_133: 0.0; parcelle_134: 0.0; parcelle_97: 0.0; parcelle_94: 0.0; parcelle_59: 0.0; parcelle_93: 0.0; parcelle_95: 0.0; parcelle_37: 0.0; parcelle_96: 0.0; parcelle_85: 0.0; parcelle_80: 0.0; parcelle_84: 0.0; parcelle_60: 0.0; parcelle_38: 0.0; parcelle_26: 0.0; parcelle_25: 0.0; parcelle_91: 0.0; parcelle_130: 0.0; parcelle_141: 0.0; parcelle_39: 0.0; parcelle_138: 0.0; parcelle_140: 0.0; parcelle_139: 0.0; parcelle_64: 0.0; parcelle_17: 0.0; parcelle_24: 0.0; parcelle_15: 0.0; parcelle_40: 0.0; parcelle_47: 0.0; parcelle_62: 0.0; parcelle_63: 0.0; parcelle_21: 0.0; parcelle_44: 0.0; parcelle_32: 0.0; parcelle_33: 0.0; parcelle_57: 0.0; parcelle_58: 0.0; parcelle_41: 0.0;NULL;NULL;NULL;parcelle_130: 569.9519062533572; line_19: 8.412282897078846; line_107: 0.14771854280456673; line_424: 0.18622365615018158; line_338: 4.137206088570334; line_83: 0.0; line_410: 0.0; line_307: 0.0; line_225: 0.0; line_350: 0.0; line_294: 15.608503888781236; line_386: 40.00389918340757; line_429: 0.0; line_363: 0.0; line_113: 0.0; line_317: 0.0; line_206: 29.2940277486583; line_163: 4.376078685664125; line_292: 1.35824059407728; line_419: 1.4484929313362256; line_326: 3.532950499998967; line_26: 0.027364350386138554; line_165: 0.45082449700753; line_47: 0.0; line_421: 0.0; parcelle_133: 187.63436591534298; line_378: 0.0; line_155: 0.0; line_261: 0.0; line_144: 0.0; line_372: 0.0; line_241: 0.0; line_324: 0.0; line_369: 0.05736488202646687; line_346: 0.0; line_310: 0.0; line_251: 0.0; line_365: 0.0; line_189: 0.0; line_385: 0.0; line_10: 0.0;NULL;;NULL;NULL;NULL;;NULL;NULL;NULL;;;;;;NULL;700;0;0;0.0;0.0;0.0;0.0;0.0;0.0;0.0;0.0;0;0
276;276;37.55;NULL;NULL;6;NULL;465.1338;461.3722;4;147, 175;NULL;10.02;0.0;277;209;right;0;0;0;116;NULL;0.0;0.0;0;0;0;0.0;0.0;0.0;0.0;0.0;0.0;NULL;0.0;999;99;0.0;0.0;NULL;NULL;NULL;NULL;NULL;NULL;NULL;NULL;NULL;NULL;NULL;NULL;NULL;NULL;NULL;NULL;NULL;NULL;NULL;NULL;NULL;NULL;0;0;0;0.0;0.0;0.0;0.0;0.0;0.0;0.0;0.0;999;99
277;277;132.71;98;66;NULL;NULL;483.7804;473.3879;296, 345;181;NULL;NULL;0.0;564;414;left;700;0;0;66;296:same_direction, 345:up;0.99854;0.67919;700;800;0;6235.60239182608;0.0;3429.581315504344;3429.581315504344;0.0;3429.581315504344;NULL;2806.021076321736;45;0;0.0;0.0;NULL;NULL;parcelle_98: 3379.277004103; parcelle_78: 0.0; parcelle_74: 0.0; parcelle_88: 0.0; parcelle_89: 50.304311401344; parcelle_66: 0.0; parcelle_44: 0.0; parcelle_21: 0.0;NULL;NULL;NULL;parcelle_66: 1026.7238369328456; line_285: 0.0; line_421: 0.0; parcelle_78: 40.643700847698796; parcelle_74: 297.17087417806306; parcelle_88: 23.65480939325868; line_277: 2806.021076321736;NULL;;NULL;NULL;NULL;;NULL;NULL;NULL;;;;;;NULL;700;800;0;6235.60239182608;0.0;3429.581315504344;3429.581315504344;0.0;3429.581315504344;2806.021076321736;0.0;45;0
278;278;22.31;109;108;NULL;NULL;453.6235;453.409;16;371;NULL;0.96;0.636482154754161;272;205;left;420;0;0;108;NULL;0.0;0.0;420;0;0;753.0840779958379;0.0;753.0840779958379;746.9765035213442;267.6519268475026;479.3245766738416;NULL;6.107574474493737;1;0;0.0;0.0;NULL;NULL;parcelle_109: 302.2239292296872; parcelle_12: 88.80593757141978; parcelle_13: 66.20677019316379; parcelle_35: 20.107699034607997; parcelle_36: 1.9802406449628391;NULL;NULL;NULL;;NULL;line_278: 0.0;NULL;NULL;NULL;line_278: 6.107574474493737;NULL;NULL;NULL;parcelle_109: 168.76000300062128; parcelle_12: 49.588695141462146; parcelle_13: 36.969457597013616; parcelle_35: 11.228016782341228; parcelle_36: 1.1057543260643117;;;;;NULL;420;0;0;753.0840779958379;0.0;753.0840779958379;746.9765035213442;267.6519268475026;479.3245766738416;6.107574474493737;0.0;1;0
279;279;66.96;39;139;NULL;NULL;449.4014;441.1271;78, 191;112;NULL;12.36;0.594121062902039;346;259;right;0;0;0;141;NULL;0.0;0.0;0;0;0;0.0;0.0;0.0;0.0;0.0;0.0;NULL;0.0;999;99;0.0;0.0;NULL;NULL;NULL;NULL;NULL;NULL;NULL;NULL;NULL;NULL;NULL;NULL;NULL;NULL;NULL;NULL;NULL;NULL;NULL;NULL;NULL;NULL;0;0;0;0.0;0.0;0.0;0.0;0.0;0.0;0.0;0.0;999;99
280;280;59.46;104;7;NULL;NULL;472.2194;469.2288;413;69, 141;NULL;5.03;0.994169798273906;192;146;right;310;0;0;43;NULL;0.0;0.0;310;0;0;15454.961373068409;15133.907726107116;321.0536469612926;15454.961373068409;15454.961373068409;0.0;NULL;0.0;0;9;0.0;0.0;NULL;NULL;;NULL;NULL;NULL;;NULL;;NULL;NULL;NULL;line_280: 0.0; line_395: 0.008672321899455685; parcelle_88: 1.5067655045739192; parcelle_78: 5.334234687616655; parcelle_74: 26.30279512728362; line_253: 0.0; parcelle_105: 7.539944239997917; line_413: 0.0; line_330: 0.0; line_220: 0.0; line_356: 0.0; line_125: 16.382003451263937; line_333: 1.1058817524963738; line_133: 0.019940209050705687; line_179: 0.0; line_301: 0.0; line_322: 0.0; line_360: 0.0; line_43: 0.3391804492946029; parcelle_42: 490.46421263854836; line_32: 0.0; line_121: 0.0; parcelle_150: 50.41227297093458; line_247: 0.0; line_340: 0.0; line_268: 0.0; parcelle_1: 321.40503274255343; line_243: 0.0; parcelle_51: 38.18834788680403; line_190: 0.0; line_423: 0.0; line_246: 0.0; line_62: 0.0; line_406: 0.0; line_58: 0.0; line_37: 0.0; line_205: 0.0; line_398: 0.0; line_166: 0.0; line_352: 0.0; line_72: 0.0; line_300: 0.0; line_209: 0.0; line_176: 0.0; line_197: 0.0; line_194: 0.0; line_158: 0.0; line_34: 0.0; line_267: 0.0; line_170: 0.0; line_29: 0.7775421745980169; line_432: 0.0; line_118: 0.0; line_42: 0.0; line_369: 7.226868249688455; line_324: 0.0; line_346: 0.0;NULL;NULL;NULL;parcelle_89: 331.90852938425144; parcelle_88: 0.0; parcelle_78: 0.0; parcelle_74: 0.0; parcelle_90: 646.8096; parcelle_83: 427.01321999999993; parcelle_82: 342.305069; parcelle_2: 317.98315099999996; parcelle_81: 808.384; parcelle_150: 0.0; parcelle_56: 715.8864; parcelle_51: 0.0; parcelle_1: 0.0; parcelle_72: 114.48785088000002; parcelle_52: 1890.8089200000002; parcelle_75: 270.564342; parcelle_76: 544.4856000000001; parcelle_77: 537.1768000000002; parcelle_79: 1044.5112; parcelle_80: 2120.4241932363702; parcelle_84: 0.0; parcelle_87: 1595.0904610000002; parcelle_5: 212.2892663; parcelle_4: 187.06265560441705; parcelle_42: 0.0; parcelle_3: 266.4728; parcelle_85: 1591.7976674633717; parcelle_86: 819.1243439999998; parcelle_104: 670.3753032; parcelle_105: 0.0;;;;;NULL;310;0;0;15454.961373068409;15133.907726107116;321.0536469612926;15454.961373068409;15454.961373068409;0.0;0.0;0.0;0;9
281;281;33.56;57;102;NULL;NULL;471.1823;469.1432;163;259;NULL;6.08;0.999512027354013;196;149;left;420;0;0;102;NULL;0.0;0.0;420;0;0;890.7434810343295;335.395466673058;555.3480143612716;879.4785145926629;324.4014948714029;555.0770197212601;NULL;11.264966441666616;1;1;0.0;0.0;NULL;NULL;parcelle_57: 469.30761919445746; parcelle_33: 9.623172713759182; parcelle_32: 1.0721830097074487; parcelle_21: 0.04309069482255266; parcelle_44: 0.004066347816345442; parcelle_58: 75.02688776069708;NULL;NULL;NULL;;NULL;line_281: 0.0; line_292: 0.0; line_165: 0.0; line_421: 0.0; line_326: 0.0; line_419: 0.0;NULL;NULL;NULL;line_281: 11.264966441666616; line_163: 42.85587726858855; line_292: 13.301541490028493; line_419: 14.18540198857107; line_326: 34.59894208940081; line_26: 0.2679849531784715; line_165: 4.415021004243151;NULL;NULL;NULL;parcelle_21: 40.960608867821115; parcelle_44: 3.865337588816752; parcelle_32: 147.66185509583144; parcelle_33: 49.09644730320853; parcelle_57: 71.40235289012027; parcelle_58: 11.414893125604735;;;;;NULL;420;0;0;890.7434810343295;335.395466673058;555.3480143612716;879.4785145926629;324.4014948714029;555.0770197212601;11.264966441666616;0.0;1;1
282;282;55.64;144;143;NULL;NULL;421.2376;420.1;114;367, 293;NULL;2.04;0.446822486371328;520;383;right;310;0;0;19;NULL;0.0;0.0;310;0;0;240.53671760793947;240.53671760793947;0.0;240.53671760793947;240.53671760793947;0.0;NULL;0.0;0;0;0.0;0.0;NULL;NULL;;NULL;NULL;NULL;;NULL;;NULL;NULL;NULL;line_282: 0.0; parcelle_144: 129.740590393216; line_114: 0.0; line_148: 0.0; line_338: 0.0; line_107: 0.0; line_424: 0.0; line_402: 0.0; line_410: 0.0; line_75: 0.0; line_297: 0.0; line_355: 0.0; line_109: 0.0; line_242: 0.0; line_308: 0.0; line_376: 0.0;NULL;NULL;NULL;parcelle_142: 49.109856799; parcelle_15: 53.605758274566995; parcelle_24: 102.51825255514031; parcelle_40: 15.32066671887416; parcelle_47: 13.209059385739998; parcelle_49: 0.0; parcelle_14: 2.8312700576160004; parcelle_16: 0.0; parcelle_17: 2.71179716684; parcelle_141: 0.3540572075873076; parcelle_39: 0.1496347974871014; parcelle_138: 0.2580089201134695; parcelle_140: 0.4323832947598579; parcelle_139: 0.025326389684581264; parcelle_64: 0.01064604052971895; parcelle_144: 0.0;;;;;NULL;310;0;0;240.53671760793947;240.53671760793947;0.0;240.53671760793947;240.53671760793947;0.0;0.0;0.0;0;0
283;283;46.98;65;66;NULL;NULL;506.9949;495.5986;337;233;NULL;24.26;0.464532956732188;62;48;left;0;0;0;66;NULL;0.0;0.0;0;0;0;0.0;0.0;0.0;0.0;0.0;0.0;NULL;0.0;999;99;0.0;0.0;NULL;NULL;NULL;NULL;NULL;NULL;NULL;NULL;NULL;NULL;NULL;NULL;NULL;NULL;NULL;NULL;NULL;NULL;NULL;NULL;NULL;NULL;0;0;0;0.0;0.0;0.0;0.0;0.0;0.0;0.0;0.0;999;99
284;284;127.05;90;87;NULL;NULL;499.9325;476.3283;333;322;NULL;18.58;0.477925491080633;155;117;right;0;0;0;91;NULL;0.0;0.0;0;0;0;0.0;0.0;0.0;0.0;0.0;0.0;NULL;0.0;999;99;0.0;0.0;NULL;NULL;NULL;NULL;NULL;NULL;NULL;NULL;NULL;NULL;NULL;NULL;NULL;NULL;NULL;NULL;NULL;NULL;NULL;NULL;NULL;NULL;0;0;0;0.0;0.0;0.0;0.0;0.0;0.0;0.0;0.0;999;99
285;285;80.28;21;66;NULL;NULL;506.9869;498.1267;414, 421;389;NULL;11.04;0.316642524327339;94;73;right;420;0;0;100;NULL;0.0;0.0;420;0;0;445.3171914725949;11.666306579696148;433.6508848928988;420.59055965776014;283.2782487884884;137.31231086927178;NULL;24.726631814834786;6;0;0.0;0.0;NULL;NULL;parcelle_21: 125.47188186408135; parcelle_44: 11.840429005190408;NULL;NULL;NULL;;NULL;line_285: 0.0; line_421: 0.0;NULL;NULL;NULL;line_285: 24.726631814834786; line_421: 0.44962211381624495;NULL;NULL;NULL;parcelle_44: 34.23157084208927; parcelle_21: 249.04667794639911;;;;;NULL;420;0;0;445.3171914725949;11.666306579696148;433.6508848928988;420.59055965776014;283.2782487884884;137.31231086927178;24.726631814834786;0.0;6;0
286;286;121.7;1;55;NULL;NULL;507.7705;504.2005;NULL;373;NULL;2.93;0.636616760808384;11;10;left;0;0;0;55;NULL;0.0;0.0;0;0;0;0.0;0.0;0.0;0.0;0.0;0.0;NULL;0.0;999;99;0.0;0.0;NULL;NULL;NULL;NULL;NULL;NULL;NULL;NULL;NULL;NULL;NULL;NULL;NULL;NULL;NULL;NULL;NULL;NULL;NULL;NULL;NULL;NULL;0;0;0;0.0;0.0;0.0;0.0;0.0;0.0;0.0;0.0;999;99
287;287;74.48;150;81;NULL;NULL;526.4973;518.9185;368;72;NULL;10.18;0.971175897060313;41;32;right;0;0;0;81;NULL;0.0;0.0;0;0;0;0.0;0.0;0.0;0.0;0.0;0.0;NULL;0.0;999;99;0.0;0.0;NULL;NULL;NULL;NULL;NULL;NULL;NULL;NULL;NULL;NULL;NULL;NULL;NULL;NULL;NULL;NULL;NULL;NULL;NULL;NULL;NULL;NULL;0;0;0;0.0;0.0;0.0;0.0;0.0;0.0;0.0;0.0;999;99
288;288;78.99;88;89;NULL;NULL;506.3373;505.278;299;133;NULL;1.34;0.984040697646291;75;58;left;0;0;0;5;NULL;0.0;0.0;0;0;0;0.0;0.0;0.0;0.0;0.0;0.0;NULL;0.0;999;99;0.0;0.0;NULL;NULL;NULL;NULL;NULL;NULL;NULL;NULL;NULL;NULL;NULL;NULL;NULL;NULL;NULL;NULL;NULL;NULL;NULL;NULL;NULL;NULL;0;0;0;0.0;0.0;0.0;0.0;0.0;0.0;0.0;0.0;999;99
289;289;79.01;63;62;NULL;NULL;471.0376;461.5362;138;47;NULL;12.03;0.903260415801544;232;175;left;0;0;0;102;NULL;0.0;0.0;0;0;0;0.0;0.0;0.0;0.0;0.0;0.0;NULL;0.0;999;99;0.0;0.0;NULL;NULL;NULL;NULL;NULL;NULL;NULL;NULL;NULL;NULL;NULL;NULL;NULL;NULL;NULL;NULL;NULL;NULL;NULL;NULL;NULL;NULL;0;0;0;0.0;0.0;0.0;0.0;0.0;0.0;0.0;0.0;999;99
290;290;149.74;116;28;NULL;NULL;457.7771;438.7358;175;193, 323;NULL;12.72;0.721155944485157;377;283;right;310;0;0;120;NULL;0.0;0.0;310;0;0;573.6422518559999;0.0;573.6422518559999;573.6422518559999;573.6422518559999;0.0;NULL;0.0;0;0;0.0;0.0;NULL;NULL;;NULL;NULL;NULL;;NULL;;NULL;NULL;NULL;line_290: 0.0; parcelle_6: 1.9169229239999996; parcelle_23: 2.505205597311005;NULL;NULL;NULL;parcelle_116: 573.6422518559999; parcelle_6: 0.0; parcelle_23: 0.0; parcelle_112: 0.0; parcelle_36: 0.0; parcelle_35: 0.0; parcelle_13: 0.0; parcelle_12: 0.0;;;;;NULL;310;0;0;573.6422518559999;0.0;573.6422518559999;573.6422518559999;573.6422518559999;0.0;0.0;0.0;0;0
291;291;66.68;21;100;NULL;NULL;498.1874;498.1267;165;389;NULL;0.09;0.612355272073377;93;72;left;0;0;0;100;NULL;0.0;0.0;0;0;0;0.0;0.0;0.0;0.0;0.0;0.0;NULL;0.0;999;99;0.0;0.0;NULL;NULL;NULL;NULL;NULL;NULL;NULL;NULL;NULL;NULL;NULL;NULL;NULL;NULL;NULL;NULL;NULL;NULL;NULL;NULL;NULL;NULL;0;0;0;0.0;0.0;0.0;0.0;0.0;0.0;0.0;0.0;999;99
292;292;45.35;33;57;NULL;NULL;487.3439;484.945;419;163, 51;NULL;5.29;0.235820612531208;151;114;right;420;0;0;41;NULL;0.0;0.0;420;0;0;871.635056585256;687.9024744735343;183.73258211172168;834.0713283971328;790.743398341606;43.32793005552668;NULL;37.56372818812323;4;1;0.0;0.0;NULL;NULL;parcelle_33: 39.23573562286285; parcelle_32: 3.919793036909896; parcelle_21: 0.15753523791347745; parcelle_44: 0.014866157840454627;NULL;NULL;NULL;;NULL;line_292: 0.0; line_165: 0.0; line_421: 0.0;NULL;NULL;NULL;line_292: 37.56372818812323; line_419: 40.059761865750865; line_326: 97.70786770970591; line_26: 0.7567930338938085; line_165: 12.468077408364294;NULL;NULL;NULL;parcelle_21: 134.962152892028; parcelle_44: 12.73599922121811; parcelle_32: 486.0751158113845; parcelle_33: 156.9701304169753;;;;;NULL;420;0;0;871.635056585256;687.9024744735343;183.73258211172168;834.0713283971328;790.743398341606;43.32793005552668;37.56372818812323;0.0;4;1
293;293;54.39;144;19;NULL;NULL;420.1;417.9;282;387;NULL;4.04;0.999187375576736;521;384;right;0;0;0;19;NULL;0.0;0.0;0;0;0;0.0;0.0;0.0;0.0;0.0;0.0;NULL;0.0;999;99;0.0;0.0;NULL;NULL;NULL;NULL;NULL;NULL;NULL;NULL;NULL;NULL;NULL;NULL;NULL;NULL;NULL;NULL;NULL;NULL;NULL;NULL;NULL;NULL;0;0;0;0.0;0.0;0.0;0.0;0.0;0.0;0.0;0.0;999;99
294;294;61.99;141;131;NULL;NULL;435.7884;434.0418;386, 112;174;NULL;2.82;0.829914927568666;440;329;right;420;0;0;130;NULL;0.0;0.0;420;0;0;2937.2360852167767;1380.997774780616;1556.2383104361606;2835.2197199306247;1543.6743152454155;1291.5454046852094;130.0;102.01636528615187;3;2;0.0;0.0;NULL;NULL;parcelle_141: 371.7560157857983; parcelle_39: 157.11482479283322; parcelle_138: 270.9064132098697; parcelle_140: 453.9975108757639; parcelle_139: 26.59241930855695; parcelle_64: 11.178220712387288;NULL;NULL;NULL;;NULL;line_294: 0.0; line_107: 0.0; line_424: 0.0;NULL;NULL;NULL;line_294: 102.01636528615187; line_386: 261.46339335560504; line_107: 0.9654806719252728; line_424: 1.2171480794129514; line_429: 0.0; line_363: 0.0; line_113: 0.0; line_317: 0.0; line_206: 191.46423365136144; line_163: 28.601821474928926; line_292: 8.877389503773072; line_419: 9.467274061021083; line_326: 23.09117973855534; line_26: 0.17885196330809514; line_165: 2.946565339918497; line_47: 0.0; line_421: 0.0;NULL;NULL;NULL;parcelle_138: 68.62685351232058; parcelle_64: 19.00154600668254; parcelle_62: 425.55989039058306; parcelle_63: 277.15405833903907; parcelle_21: 16.956623666538135; parcelle_44: 1.6001489394162938; parcelle_32: 62.75621524799058; parcelle_33: 39.123914857663266; parcelle_57: 99.83934414227697; parcelle_58: 15.961034853688323; parcelle_41: 313.3678960172033; parcelle_139: 13.730329305970335; parcelle_39: 31.25494213149349; parcelle_141: 71.46577314485883; parcelle_140: 87.27574468969061;;;;;NULL;420;0;0;2937.2360852167767;1380.997774780616;1556.2383104361606;2835.2197199306247;1543.6743152454155;1291.5454046852094;102.01636528615187;0.0;3;2
295;295;59.92;1;72;NULL;NULL;538.6996;525.7811;106;129, 325;NULL;21.56;0.702277314288754;8;7;right;0;0;0;55;NULL;0.0;0.0;0;0;0;0.0;0.0;0.0;0.0;0.0;0.0;NULL;0.0;999;99;0.0;0.0;NULL;NULL;NULL;NULL;NULL;NULL;NULL;NULL;NULL;NULL;NULL;NULL;NULL;NULL;NULL;NULL;NULL;NULL;NULL;NULL;NULL;NULL;0;0;0;0.0;0.0;0.0;0.0;0.0;0.0;0.0;0.0;999;99
296;296;114.21;73;66;NULL;NULL;494.2546;483.7804;233, 240;277;NULL;NULL;0.0;563;413;left;700;0;0;98;233:same_direction, 240:up;0.95702;0.35282;700;800;0;2578.073682126904;0.0;1417.940525169797;1417.940525169797;0.0;1417.940525169797;NULL;1160.1331569571068;45;0;0.0;0.0;NULL;NULL;parcelle_73: 1073.52295215; parcelle_72: 145.1110981649472; parcelle_1: 0.0; parcelle_51: 0.0; parcelle_54: 199.30647485485; parcelle_74: 0.0; parcelle_66: 0.0; parcelle_44: 0.0; parcelle_21: 0.0;NULL;NULL;NULL;parcelle_66: 883.4600457329136; line_285: 0.0; line_421: 0.0; parcelle_1: 782.0780950831609; parcelle_51: 54.5927888861081; parcelle_74: 33.648992616; line_296: 1160.1331569571068;NULL;;NULL;NULL;NULL;;NULL;NULL;NULL;;;;;;NULL;700;800;0;2578.073682126904;0.0;1417.940525169797;1417.940525169797;0.0;1417.940525169797;1160.1331569571068;0.0;45;0
297;297;63.34;14;15;NULL;NULL;445.1981;432.4734;320, 355;75;NULL;20.09;0.024781138307749;431;322;right;310;0;0;142;NULL;0.0;0.0;310;0;0;419.1081435369294;401.4494945289294;17.658649008;419.1081435369294;419.1081435369294;0.0;NULL;0.0;0;0;0.0;0.0;NULL;NULL;;NULL;NULL;NULL;;NULL;;NULL;NULL;NULL;line_297: 0.0; line_355: 0.0; line_109: 0.0; line_242: 0.0;NULL;NULL;NULL;parcelle_49: 0.0; parcelle_40: 401.4494945289294; parcelle_14: 17.658649008;;;;;NULL;310;0;0;419.1081435369294;401.4494945289294;17.658649008;419.1081435369294;419.1081435369294;0.0;0.0;0.0;0;0
298;298;57.13;123;125;NULL;NULL;433.1222;429.9742;95, 1;142;NULL;5.51;0.683146325916582;456;341;right;310;0;0;125;NULL;0.0;0.0;310;0;0;4340.590677500815;3778.0205021408156;562.57017536;4340.590677500815;4340.590677500815;0.0;NULL;0.0;0;3;0.0;0.0;NULL;NULL;;NULL;NULL;NULL;;NULL;;NULL;NULL;NULL;line_298: 0.0; line_95: 0.0; line_186: 0.0; parcelle_23: 19.794032540158657; line_348: 0.0; line_100: 178.90757874750443; line_212: 2.5167618009696655; line_211: 0.0; line_1: 0.0; line_64: 0.0;NULL;NULL;NULL;parcelle_112: 1299.4430989473537; parcelle_36: 20.21241974395228; parcelle_35: 51.01014573131209; parcelle_13: 130.2937381915395; parcelle_12: 12.237948202404908; parcelle_113: 533.8644097281854; parcelle_23: 0.0; parcelle_114: 1044.5525177249226; parcelle_122: 686.4062238711456; parcelle_121: 0.0; parcelle_123: 562.57017536;;;;;NULL;310;0;0;4340.590677500815;3778.0205021408156;562.57017536;4340.590677500815;4340.590677500815;0.0;0.0;0.0;0;3
299;299;59.02;88;98;NULL;NULL;508.3805;506.3373;13;288, 98;NULL;3.46;0.260335997913326;74;57;left;0;0;0;98;NULL;0.0;0.0;0;0;0;0.0;0.0;0.0;0.0;0.0;0.0;NULL;0.0;999;99;0.0;0.0;NULL;NULL;NULL;NULL;NULL;NULL;NULL;NULL;NULL;NULL;NULL;NULL;NULL;NULL;NULL;NULL;NULL;NULL;NULL;NULL;NULL;NULL;0;0;0;0.0;0.0;0.0;0.0;0.0;0.0;0.0;0.0;999;99
300;300;75.9;2;42;NULL;NULL;498.3068;494.8329;209, 176;32;NULL;4.58;0.975226629909223;110;84;left;310;0;0;42;NULL;0.0;0.0;310;0;0;4582.375052707724;4349.611386175724;232.76366653199997;4582.375052707724;4582.375052707724;0.0;NULL;0.0;0;3;0.0;0.0;NULL;NULL;;NULL;NULL;NULL;;NULL;;NULL;NULL;NULL;line_300: 0.0; line_209: 0.0; parcelle_78: 2.2728451875799998; parcelle_74: 11.57282368962324; line_176: 0.0; line_268: 0.0; parcelle_1: 1233.3882186543892; parcelle_150: 4.886399501339094; line_243: 0.0; parcelle_51: 146.54735792885808; line_190: 0.0; line_423: 0.0; line_246: 0.0; line_62: 0.0; line_406: 0.0; line_58: 0.0; line_37: 0.0; line_205: 0.0; line_398: 0.0; line_166: 0.0; line_352: 0.0; line_72: 0.0;NULL;NULL;NULL;parcelle_3: 266.4728; parcelle_4: 147.97678016; parcelle_78: 0.0; parcelle_74: 0.0; parcelle_56: 550.4439706263498; parcelle_51: 0.0; parcelle_1: 0.0; parcelle_72: 88.02953544984882; parcelle_52: 1453.840119913607; parcelle_75: 208.03651350323977; parcelle_76: 418.65415464362854; parcelle_77: 413.03442937365014; parcelle_79: 803.1230825053996; parcelle_150: 0.0; parcelle_2: 232.76366653199997;;;;;NULL;310;0;0;4582.375052707724;4349.611386175724;232.76366653199997;4582.375052707724;4582.375052707724;0.0;0.0;0.0;0;3
301;301;23.49;78;5;NULL;NULL;509.2534;508.2545;192;179;NULL;4.25;0.82264051802086;72;56;right;420;0;0;5;NULL;0.0;0.0;420;0;0;0.0;0.0;0.0;0.0;0.0;0.0;NULL;0.0;0;0;0.0;0.0;NULL;NULL;parcelle_78: 0.0; parcelle_74: 0.0;NULL;NULL;NULL;;NULL;line_301: 0.0; parcelle_78: 9.645689366740891; parcelle_74: 0.05278707038961673;NULL;NULL;NULL;line_301: 0.0;NULL;NULL;NULL;parcelle_78: 0.0; parcelle_74: 0.0;;;;;NULL;420;0;0;0.0;0.0;0.0;0.0;0.0;0.0;0.0;0.0;0;0
302;302;40.73;135;46;NULL;NULL;447.1551;442.4632;375;103;NULL;11.52;0.154365513830271;319;239;left;310;0;0;46;NULL;0.0;0.0;310;0;0;2700.902527744953;2528.537640704953;172.36488704;2700.902527744953;2700.902527744953;0.0;NULL;0.0;0;2;0.0;0.0;NULL;NULL;;NULL;NULL;NULL;;NULL;;NULL;NULL;NULL;line_302: 0.0; line_375: 0.0; line_260: 0.0; line_167: 0.0; line_383: 0.0; line_155: 0.0; line_52: 0.0; line_99: 0.0; line_15: 0.0; line_204: 0.0; line_241: 0.0; line_324: 0.0; line_369: 1.757322319925424; line_346: 0.0;NULL;NULL;NULL;parcelle_85: 12.833373524710007; parcelle_80: 3.387026098335654; parcelle_84: 0.0; parcelle_92: 1902.1528930121142; parcelle_35: 170.53920214129926; parcelle_93: 0.0; parcelle_95: 52.321211093; parcelle_59: 25.508330355494124; parcelle_135: 534.16049152;;;;;NULL;310;0;0;2700.902527744953;2528.537640704953;172.36488704;2700.902527744953;2700.902527744953;0.0;0.0;0.0;0;2
303;303;78.64;137;136;NULL;NULL;447.9009;437.5269;409;8;NULL;13.19;0.446354001825026;385;289;left;0;0;0;46;NULL;0.0;0.0;0;0;0;0.0;0.0;0.0;0.0;0.0;0.0;NULL;0.0;999;99;0.0;0.0;NULL;NULL;NULL;NULL;NULL;NULL;NULL;NULL;NULL;NULL;NULL;NULL;NULL;NULL;NULL;NULL;NULL;NULL;NULL;NULL;NULL;NULL;0;0;0;0.0;0.0;0.0;0.0;0.0;0.0;0.0;0.0;999;99
304;304;149.82114471903154;NULL;NULL;50;NULL;423.04532;411.63318;87, 137;NULL;NULL;7.06;0.0;532;393;right;0;0;0;50;NULL;0.0;0.0;0;0;0;0.0;0.0;0.0;0.0;0.0;0.0;NULL;0.0;999;99;0.0;0.0;NULL;NULL;NULL;NULL;NULL;NULL;NULL;NULL;NULL;NULL;NULL;NULL;NULL;NULL;NULL;NULL;NULL;NULL;NULL;NULL;NULL;NULL;0;0;0;0.0;0.0;0.0;0.0;0.0;0.0;0.0;0.0;999;99
305;305;5.62;126;127;NULL;NULL;424.2286;423.6621;411, 80;185, 239;NULL;10.08;0.403385599619585;491;365;left;420;0;0;20;NULL;0.0;0.0;420;0;0;4861.985115345748;4861.985115345748;0.0;4834.660758997506;4834.660758997506;0.0;NULL;27.32435634824311;1;3;0.0;0.0;NULL;NULL;parcelle_126: 0.0; parcelle_108: 0.0; parcelle_112: 0.0; parcelle_36: 0.0; parcelle_35: 0.0; parcelle_13: 0.0; parcelle_12: 0.0; parcelle_109: 0.0; parcelle_111: 0.0; parcelle_110: 0.0; parcelle_113: 0.0; parcelle_23: 0.0; parcelle_137: 0.0; parcelle_123: 0.0; parcelle_128: 0.0;NULL;NULL;NULL;;NULL;line_305: 0.0; parcelle_126: 203.32322675250526; line_212: 0.0; line_278: 0.000699213473494176; line_67: 0.00026334805624881284; line_371: 0.0021038091856926677; line_100: 0.0; parcelle_23: 0.0003243785163726838; line_53: 0.0; line_80: 0.0; line_354: 0.0;NULL;NULL;NULL;line_305: 27.32435634824311; line_411: 0.0; line_354: 144.2639862757372; line_212: 0.0; line_278: 0.5260599356562518; line_67: 0.19813242561408306; line_371: 1.582820936398524; line_100: 0.0; parcelle_23: 0.24404927524999387; line_53: 2.718891761273697; line_164: 0.0; line_8: 0.0; line_103: 0.0; line_302: 0.0; line_375: 0.0; line_260: 0.0; line_167: 0.0; line_383: 0.0; line_155: 0.0; line_52: 0.0; line_99: 0.0; line_15: 0.0; line_204: 0.0; line_241: 0.0; line_324: 0.0; line_369: 0.20562504064909942; line_346: 0.0; line_361: 0.0; line_409: 0.0; line_108: 0.0; line_319: 0.0; line_20: 0.0; line_36: 0.0; line_393: 0.0; line_82: 0.0; line_22: 0.0; line_27: 0.0; line_80: 143.6792202286167;NULL;NULL;NULL;parcelle_85: 1.4931993483135448; parcelle_80: 0.39409007717400246; parcelle_84: 0.0; parcelle_92: 275.3419107388886; parcelle_35: 118.92527213358933; parcelle_93: 0.0; parcelle_95: 3.942524116552419; parcelle_59: 1.9221116158944664; parcelle_135: 64.29748711416492; parcelle_106: 54.21695153665271; parcelle_13: 208.68787781002445; parcelle_36: 12.493146936689364; parcelle_107: 187.98324327715497; parcelle_12: 148.58820791530758; parcelle_109: 304.12670198702455; parcelle_136: 24.193408360999197; parcelle_137: 112.2536262760064; parcelle_128: 1163.2069826525426; parcelle_108: 1120.3077006625147; parcelle_112: 497.8881154287525; parcelle_111: 303.0876216923731; parcelle_110: 174.04478053881365; parcelle_113: 57.265798778070845; parcelle_23: 0.0; parcelle_126: 0.0; parcelle_123: 0.0;;;;;NULL;420;0;0;4861.985115345748;4861.985115345748;0.0;4834.660758997506;4834.660758997506;0.0;27.32435634824311;0.0;1;3
306;306;90.47;NULL;NULL;79;NULL;555.4807;539.1;NULL;430, 368;NULL;18.11;0.0;31;25;right;0;0;0;150;NULL;0.0;0.0;0;0;0;0.0;0.0;0.0;0.0;0.0;0.0;NULL;0.0;999;99;0.0;0.0;NULL;NULL;NULL;NULL;NULL;NULL;NULL;NULL;NULL;NULL;NULL;NULL;NULL;NULL;NULL;NULL;NULL;NULL;NULL;NULL;NULL;NULL;0;0;0;0.0;0.0;0.0;0.0;0.0;0.0;0.0;0.0;999;99
307;307;16.56;140;15;NULL;NULL;445.0387;443.3868;225, 382;83;NULL;9.98;0.803545301957649;375;282;left;500;0;0;141;NULL;0.0;0.0;500;0;0;420.97415917022397;308.16483023999996;112.809328930224;420.97415917022397;420.97415917022397;0.0;NULL;0.0;0;0;0.0;0.0;NULL;NULL;;NULL;NULL;NULL;;NULL;;NULL;NULL;NULL;line_307: 0.0; line_225: 0.0;NULL;NULL;NULL;parcelle_24: 308.16483023999996; parcelle_140: 85.40176767999999; parcelle_39: 10.425833715200001; parcelle_138: 16.981727535024;;;;;NULL;500;0;0;420.97415917022397;308.16483023999996;112.809328930224;420.97415917022397;420.97415917022397;0.0;0.0;0.0;0;0
308;308;14.2;14;142;NULL;NULL;433.112;432.4734;160;75;NULL;4.5;0.999025245577716;433;324;left;310;0;0;142;NULL;0.0;0.0;310;0;0;58.86216336000001;0.0;58.86216336000001;58.86216336000001;58.86216336000001;0.0;NULL;0.0;0;0;0.0;0.0;NULL;NULL;;NULL;NULL;NULL;;NULL;;NULL;NULL;NULL;line_308: 0.0;NULL;NULL;NULL;parcelle_14: 58.86216336000001;;;;;NULL;310;0;0;58.86216336000001;0.0;58.86216336000001;58.86216336000001;58.86216336000001;0.0;0.0;0.0;0;0
309;309;89.47;78;88;NULL;NULL;508.3805;508.2545;13;179;NULL;0.14;0.18960956942526;70;54;left;0;0;0;5;NULL;0.0;0.0;0;0;0;0.0;0.0;0.0;0.0;0.0;0.0;NULL;0.0;999;99;0.0;0.0;NULL;NULL;NULL;NULL;NULL;NULL;NULL;NULL;NULL;NULL;NULL;NULL;NULL;NULL;NULL;NULL;NULL;NULL;NULL;NULL;NULL;NULL;0;0;0;0.0;0.0;0.0;0.0;0.0;0.0;0.0;0.0;999;99
310;310;57.64;91;94;NULL;NULL;455.4057;452.1281;251;NULL;NULL;5.69;0.733966989553349;280;211;left;310;0;0;94;NULL;0.0;0.0;310;0;0;3219.0792807962844;1324.2337778394472;1894.845502956837;3219.0792807962844;3219.0792807962844;0.0;94.0;0.0;0;2;0.0;0.0;NULL;NULL;;NULL;NULL;NULL;;NULL;;NULL;NULL;NULL;line_310: 0.0; line_251: 0.0; line_365: 0.0; line_189: 0.0; line_385: 0.0; line_10: 0.0;NULL;NULL;NULL;parcelle_38: 260.4430565825763; parcelle_26: 399.6473303880854; parcelle_25: 27.00265350862249; parcelle_91: 1825.5723349999998; parcelle_60: 706.4139053170002;;;;;NULL;310;0;0;3219.0792807962844;1324.2337778394472;1894.845502956837;3219.0792807962844;3219.0792807962844;0.0;0.0;0.0;0;2
311;311;107.1;123;126;NULL;NULL;444.2913;429.9742;348;142;NULL;13.37;0.262526016963838;455;340;left;0;0;0;125;NULL;0.0;0.0;0;0;0;0.0;0.0;0.0;0.0;0.0;0.0;NULL;0.0;999;99;0.0;0.0;NULL;NULL;NULL;NULL;NULL;NULL;NULL;NULL;NULL;NULL;NULL;NULL;NULL;NULL;NULL;NULL;NULL;NULL;NULL;NULL;NULL;NULL;0;0;0;0.0;0.0;0.0;0.0;0.0;0.0;0.0;0.0;999;99
312;312;47.1;NULL;NULL;21;NULL;508.9941;505.5878;68;73, 165;NULL;7.23;0.0;89;69;left;0;0;0;21;NULL;0.0;0.0;0;0;0;0.0;0.0;0.0;0.0;0.0;0.0;NULL;0.0;999;99;0.0;0.0;NULL;NULL;NULL;NULL;NULL;NULL;NULL;NULL;NULL;NULL;NULL;NULL;NULL;NULL;NULL;NULL;NULL;NULL;NULL;NULL;NULL;NULL;0;0;0;0.0;0.0;0.0;0.0;0.0;0.0;0.0;0.0;999;99
313;313;21.19;12;111;NULL;NULL;476.8714;474.268;172;28, 270;NULL;12.29;0.514888463149958;203;154;right;0;0;0;111;NULL;0.0;0.0;0;0;0;0.0;0.0;0.0;0.0;0.0;0.0;NULL;0.0;999;99;0.0;0.0;NULL;NULL;NULL;NULL;NULL;NULL;NULL;NULL;NULL;NULL;NULL;NULL;NULL;NULL;NULL;NULL;NULL;NULL;NULL;NULL;NULL;NULL;0;0;0;0.0;0.0;0.0;0.0;0.0;0.0;0.0;0.0;999;99
314;314;108.0;112;113;NULL;NULL;467.0609;453.0562;357;100;NULL;12.97;0.936182294612678;249;187;right;0;0;0;108;NULL;0.0;0.0;0;0;0;0.0;0.0;0.0;0.0;0.0;0.0;NULL;0.0;999;99;0.0;0.0;NULL;NULL;NULL;NULL;NULL;NULL;NULL;NULL;NULL;NULL;NULL;NULL;NULL;NULL;NULL;NULL;NULL;NULL;NULL;NULL;NULL;NULL;0;0;0;0.0;0.0;0.0;0.0;0.0;0.0;0.0;0.0;999;99
315;315;104.55;125;50;NULL;NULL;425.7049;422.5238;271;199;NULL;3.04;0.996133609143173;501;371;right;420;0;0;20;NULL;0.0;0.0;420;0;0;1371.2648642356608;327.62684823566076;1043.638016;1336.5896062425352;296.98670272543484;1039.6029035171007;NULL;34.67525799312548;3;1;0.0;0.0;NULL;NULL;parcelle_125: 1039.6029035171007;NULL;NULL;NULL;;NULL;line_315: 0.0;NULL;NULL;NULL;line_315: 34.67525799312548; line_271: 0.0; line_162: 0.0; line_249: 0.0; line_193: 0.0; parcelle_6: 0.004405769360779642; parcelle_23: 0.00575785177635368; line_290: 0.0; line_272: 0.0; line_3: 0.0; line_186: 0.0; line_348: 0.0; line_100: 0.7481586669007676; line_212: 0.010524636055679137; line_211: 0.0; line_381: 0.0; line_323: 0.0; line_64: 0.0;NULL;NULL;NULL;parcelle_122: 213.86587760074835; parcelle_121: 0.0; parcelle_124: 25.19803656054926; parcelle_120: 4.909169282313997; parcelle_118: 0.0; parcelle_22: 0.7806902274781027; parcelle_28: 4.54233390973169; parcelle_116: 10.482479933485003; parcelle_6: 0.0; parcelle_23: 0.0; parcelle_112: 4.865904498280974; parcelle_36: 0.07568758049730137; parcelle_35: 0.19101297915470766; parcelle_13: 0.4878989216824042; parcelle_12: 0.045826313792462714; parcelle_113: 1.999112723652812; parcelle_114: 3.911439291805681; parcelle_115: 22.01799142944971; parcelle_125: 3.6132414728123785;;;;;NULL;420;0;0;1371.2648642356608;327.62684823566076;1043.638016;1336.5896062425352;296.98670272543484;1039.6029035171007;34.67525799312548;0.0;3;1
316;316;105.4;61;18;NULL;NULL;418.0278;415.6908;263, 399;50;NULL;NULL;0.0;579;429;left;700;0;0;19;263:same_direction, 399:up;0.75984;0.96949;700;800;0;452.2172;5655.906711232747;248.71946;5904.626171232747;0.0;248.71946;NULL;203.49774;45;0;0.0;0.0;NULL;NULL;parcelle_61: 248.71946; parcelle_85: 4.541245636100524; parcelle_80: 1.198540466293561; parcelle_84: 0.0; parcelle_92: 837.3933808575423; parcelle_35: 255.009148095928; parcelle_93: 0.0; parcelle_95: 11.990341718094053; parcelle_59: 5.845690327709671; parcelle_135: 195.54701996033714; parcelle_106: 164.88923253722018; parcelle_13: 319.4016445492621; parcelle_36: 12.984798193878058; parcelle_107: 571.7107258026651; parcelle_12: 184.21383427861488; parcelle_109: 420.50543574319465; parcelle_136: 73.57906381748246; parcelle_137: 281.05246645409306; parcelle_128: 1134.4259003446894; parcelle_108: 614.9678043065096; parcelle_112: 273.3045224579441; parcelle_111: 166.3731572267298; parcelle_110: 95.5379816417108; parcelle_113: 31.43477681674653; parcelle_23: 0.0; parcelle_18: 0.0; parcelle_143: 0.0; parcelle_142: 0.0; parcelle_15: 0.0; parcelle_24: 0.0; parcelle_40: 0.0; parcelle_47: 0.0; parcelle_49: 0.0; parcelle_14: 0.0; parcelle_16: 0.0; parcelle_17: 0.0; parcelle_141: 0.0; parcelle_39: 0.0; parcelle_138: 0.0; parcelle_140: 0.0; parcelle_139: 0.0; parcelle_64: 0.0;NULL;NULL;NULL;parcelle_18: 41.36344435299999; parcelle_143: 4074.9997394713782; line_148: 0.0; line_338: 0.0; line_107: 0.0; line_424: 0.0; line_402: 0.0; line_410: 0.0; line_75: 0.0; line_297: 0.0; line_355: 0.0; line_109: 0.0; line_242: 0.0; line_308: 0.0; line_376: 0.0; line_316: 203.49774; line_35: 6.564999670632319; line_217: 7.556177072928586; line_33: 0.0; line_56: 0.0; line_155: 0.0; line_70: 0.0; line_378: 0.0; line_261: 0.0; line_144: 0.0; line_372: 0.0; line_241: 0.0; line_324: 0.0; line_369: 2.514960925651953; line_346: 0.0; line_310: 0.0; line_251: 0.0; line_365: 0.0; line_189: 0.0; line_385: 0.0; line_10: 0.0; line_8: 0.0; line_103: 0.0; line_302: 0.0; line_375: 0.0; line_260: 0.0; line_167: 0.0; line_383: 0.0; line_52: 0.0; line_99: 0.0; line_15: 0.0; line_204: 0.0; line_361: 0.0; line_409: 0.0; line_108: 0.0; line_319: 0.0; line_20: 0.0; line_36: 0.0; line_393: 0.0; line_82: 0.0; line_22: 0.0; line_27: 0.0; line_53: 1.3536927402022645; line_399: 0.0; line_237: 0.0; line_164: 0.0; line_354: 0.0; line_212: 0.0; line_278: 0.5350016187621879; line_67: 0.20150017374080842; line_371: 1.6097248731316283; line_100: 0.0; parcelle_23: 0.24819749322594856;NULL;;NULL;NULL;NULL;;NULL;NULL;NULL;;;;line_35: 6.564999670632319; line_217: 7.556177072928586; line_33: 0.0; line_56: 0.0; line_155: 0.0; line_70: 0.0; line_378: 0.0; line_261: 0.0; line_144: 0.0; line_372: 0.0; line_241: 0.0; line_324: 0.0; line_369: 2.514960925651953; line_346: 0.0; line_310: 0.0; line_251: 0.0; line_365: 0.0; line_189: 0.0; line_385: 0.0; line_10: 0.0; line_8: 0.0; line_103: 0.0; line_302: 0.0; line_375: 0.0; line_260: 0.0; line_167: 0.0; line_383: 0.0; line_52: 0.0; line_99: 0.0; line_15: 0.0; line_204: 0.0; line_361: 0.0; line_409: 0.0; line_108: 0.0; line_319: 0.0; line_20: 0.0; line_36: 0.0; line_393: 0.0; line_82: 0.0; line_22: 0.0; line_27: 0.0; line_53: 1.3536927402022645; line_399: 0.0; line_237: 0.0; line_164: 0.0; line_354: 0.0; line_212: 0.0; line_278: 0.5350016187621879; line_67: 0.20150017374080842; line_371: 1.6097248731316283; line_100: 0.0; parcelle_23: 0.24819749322594856;;NULL;700;800;0;452.2172;5655.906711232747;248.71946;5904.626171232747;0.0;248.71946;203.49774;0.0;45;0
317;317;14.98;62;102;NULL;NULL;444.2055;443.6023;206, 47;363;NULL;4.03;0.419768931002777;291;218;right;310;0;0;139;NULL;0.0;0.0;310;0;0;2210.816648438119;2007.959927225479;202.85672121263997;2210.816648438119;2210.816648438119;0.0;NULL;0.0;0;1;0.0;0.0;NULL;NULL;;NULL;NULL;NULL;;NULL;;NULL;NULL;NULL;line_317: 0.0; line_206: 523.2778150471598; line_163: 78.16968403102747; line_292: 24.262186698094734; line_419: 25.874359877179792; line_326: 63.108925620305094; line_26: 0.48880808071533693; line_165: 8.053056404121142; line_47: 0.0; line_421: 0.0;NULL;NULL;NULL;parcelle_21: 58.75958365741394; parcelle_44: 5.544976837311024; parcelle_32: 217.46835646083693; parcelle_33: 135.57563069710739; parcelle_57: 345.97207615135875; parcelle_58: 55.30958174149731; parcelle_41: 1085.9099938572808; parcelle_63: 177.9786313153129; parcelle_62: 128.29781771999998;;;;;NULL;310;0;0;2210.816648438119;2007.959927225479;202.85672121263997;2210.816648438119;2210.816648438119;0.0;0.0;0.0;0;1
318;318;83.77;NULL;NULL;35;NULL;500.1423;494.957;NULL;412, 415;NULL;6.19;0.0;129;98;right;0;0;0;36;NULL;0.0;0.0;0;0;0;0.0;0.0;0.0;0.0;0.0;0.0;NULL;0.0;999;99;0.0;0.0;NULL;NULL;NULL;NULL;NULL;NULL;NULL;NULL;NULL;NULL;NULL;NULL;NULL;NULL;NULL;NULL;NULL;NULL;NULL;NULL;NULL;NULL;0;0;0;0.0;0.0;0.0;0.0;0.0;0.0;0.0;0.0;999;99
319;319;13.24;12;135;NULL;NULL;463.6493;463.2116;20, 229;108;NULL;3.31;0.956355769886293;268;201;left;310;0;0;135;NULL;0.0;0.0;310;0;0;6693.446969668687;6612.14538055358;81.30158911510698;6693.446969668687;6693.446969668687;0.0;NULL;0.0;0;4;0.0;0.0;NULL;NULL;;NULL;NULL;NULL;;NULL;;NULL;NULL;NULL;line_319: 0.0; line_20: 0.0; line_36: 0.0; line_393: 0.0; line_99: 0.0; line_15: 0.0; line_204: 0.0; line_241: 0.0; line_324: 0.0; line_369: 0.9561900858417747; line_346: 0.0; line_82: 0.0; line_22: 0.0;NULL;NULL;NULL;parcelle_85: 6.982865006092209; parcelle_80: 1.8429406711532232; parcelle_84: 0.0; parcelle_92: 1751.9077566198855; parcelle_35: 749.8716151229092; parcelle_106: 719.5128; parcelle_13: 794.97647454208; parcelle_36: 23.777700106567675; parcelle_107: 2494.72436; parcelle_12: 149.85045760000003;;;;;NULL;310;0;0;6693.446969668687;6612.14538055358;81.30158911510698;6693.446969668687;6693.446969668687;0.0;0.0;0.0;0;4
320;320;2.66;40;15;NULL;NULL;445.7158;445.1981;410;297;NULL;19.46;0.724893632131315;362;272;right;0;0;0;14;NULL;0.0;0.0;0;0;0;0.0;0.0;0.0;0.0;0.0;0.0;NULL;0.0;999;99;0.0;0.0;NULL;NULL;NULL;NULL;NULL;NULL;NULL;NULL;NULL;NULL;NULL;NULL;NULL;NULL;NULL;NULL;NULL;NULL;NULL;NULL;NULL;NULL;0;0;0;0.0;0.0;0.0;0.0;0.0;0.0;0.0;0.0;999;99
321;321;32.83;6;115;NULL;NULL;462.2514;460.1164;5, 265;381;NULL;6.5;0.9841337337744;283;213;left;0;0;0;116;NULL;0.0;0.0;0;0;0;0.0;0.0;0.0;0.0;0.0;0.0;NULL;0.0;999;99;0.0;0.0;NULL;NULL;NULL;NULL;NULL;NULL;NULL;NULL;NULL;NULL;NULL;NULL;NULL;NULL;NULL;NULL;NULL;NULL;NULL;NULL;NULL;NULL;0;0;0;0.0;0.0;0.0;0.0;0.0;0.0;0.0;0.0;999;99
322;322;106.04;90;91;NULL;NULL;476.3283;474.9114;284, 360;220;NULL;1.34;0.989297814193677;169;127;right;310;0;0;91;NULL;0.0;0.0;310;0;0;14232.95997264682;13874.378376671088;358.58159597573285;14232.95997264682;14232.95997264682;0.0;NULL;0.0;0;8;0.0;0.0;NULL;NULL;;NULL;NULL;NULL;;NULL;;NULL;NULL;NULL;line_322: 0.0; line_125: 0.0; parcelle_88: 1.2713902605055956; parcelle_78: 5.307885203093758; parcelle_74: 26.302650926901322; line_360: 0.0; line_333: 0.0; line_301: 0.0; line_179: 0.0; line_43: 0.3391804492946029; line_133: 0.0; parcelle_42: 490.46421263854836; line_32: 0.0; line_121: 0.0; parcelle_150: 50.41227297093458; line_247: 0.0; line_340: 0.0; line_268: 0.0; parcelle_1: 321.40503274255343; line_243: 0.0; parcelle_51: 38.18834788680403; line_190: 0.0; line_423: 0.0; line_246: 0.0; line_62: 0.0; line_406: 0.0; line_58: 0.0; line_37: 0.0; line_205: 0.0; line_398: 0.0; line_166: 0.0; line_352: 0.0; line_72: 0.0; line_300: 0.0; line_209: 0.0; line_176: 0.0; line_197: 0.0; line_194: 0.0; line_158: 0.0; line_34: 0.0; line_267: 0.0; line_170: 0.0; line_29: 0.7775421745980169; line_432: 0.0; line_118: 0.0; line_42: 0.0; line_369: 7.226868249688455; line_324: 0.0; line_346: 0.0;NULL;NULL;NULL;parcelle_83: 427.01321999999993; parcelle_82: 342.305069; parcelle_2: 317.98315099999996; parcelle_81: 808.384; parcelle_150: 0.0; parcelle_56: 715.8864; parcelle_51: 0.0; parcelle_1: 0.0; parcelle_72: 114.48785088000002; parcelle_52: 1890.8089200000002; parcelle_75: 270.564342; parcelle_76: 544.4856000000001; parcelle_77: 537.1768000000002; parcelle_79: 1044.5112; parcelle_80: 2120.4241932363702; parcelle_84: 0.0; parcelle_87: 1595.0904610000002; parcelle_89: 39.65308176266189; parcelle_88: 0.0; parcelle_78: 0.0; parcelle_74: 0.0; parcelle_5: 212.2892663; parcelle_4: 187.06265560441705; parcelle_42: 0.0; parcelle_90: 387.43895040000007; parcelle_3: 266.4728; parcelle_85: 1591.7976674633717; parcelle_86: 819.1243439999998;;;;;NULL;310;0;0;14232.95997264682;13874.378376671088;358.58159597573285;14232.95997264682;14232.95997264682;0.0;0.0;0.0;0;8
323;323;21.54;28;120;NULL;NULL;438.7358;438.0587;290;188;NULL;3.14;0.07097517578316;391;293;left;310;0;0;120;NULL;0.0;0.0;310;0;0;175.61149041253975;111.11885692953977;64.49263348299999;175.61149041253975;175.61149041253975;0.0;120.0;0.0;0;0;0.0;0.0;NULL;NULL;;NULL;NULL;NULL;;NULL;;NULL;NULL;NULL;line_323: 0.0; line_290: 0.0; parcelle_6: 0.371322515814929; parcelle_23: 0.4852773334704846;NULL;NULL;NULL;parcelle_116: 111.11885692953977; parcelle_6: 0.0; parcelle_23: 0.0; parcelle_112: 0.0; parcelle_36: 0.0; parcelle_35: 0.0; parcelle_13: 0.0; parcelle_12: 0.0; parcelle_28: 64.49263348299999;;;;;NULL;310;0;0;175.61149041253975;111.11885692953977;64.49263348299999;175.61149041253975;175.61149041253975;0.0;0.0;0.0;0;0
324;324;13.35;NULL;NULL;86;NULL;483.8398;482.5765;369, 346;42, 241;NULL;9.46;0.0;159;119;left;500;0;0;60;NULL;0.0;0.0;500;0;0;137.69982905121307;137.69982905121307;0.0;137.69982905121307;137.69982905121307;0.0;NULL;0.0;0;0;0.0;0.0;NULL;NULL;;NULL;NULL;NULL;;NULL;;NULL;NULL;NULL;line_324: 0.0; line_369: 14.918435344700558; line_346: 0.0;NULL;NULL;NULL;parcelle_85: 108.94635037179916; parcelle_80: 28.7534786794139; parcelle_84: 0.0;;;;;NULL;500;0;0;137.69982905121307;137.69982905121307;0.0;137.69982905121307;137.69982905121307;0.0;0.0;0.0;0;0
325;325;87.42;72;54;NULL;NULL;525.7811;522.6912;295;390;NULL;3.53;0.603486360302476;21;17;left;0;0;0;73;NULL;0.0;0.0;0;0;0;0.0;0.0;0.0;0.0;0.0;0.0;NULL;0.0;999;99;0.0;0.0;NULL;NULL;NULL;NULL;NULL;NULL;NULL;NULL;NULL;NULL;NULL;NULL;NULL;NULL;NULL;NULL;NULL;NULL;NULL;NULL;NULL;NULL;0;0;0;0.0;0.0;0.0;0.0;0.0;0.0;0.0;0.0;999;99
326;326;124.93;32;58;NULL;NULL;497.2602;489.9079;26;419;NULL;5.89;0.01012273677446;122;93;right;420;0;0;58;NULL;0.0;0.0;420;0;0;788.2856419652446;177.31215611759052;610.973485847654;690.5777742555388;684.3930504821287;6.184723773410064;NULL;97.70786770970591;12;0;0.0;0.0;NULL;NULL;parcelle_32: 5.924165525645094; parcelle_21: 0.23809033199799856; parcelle_44: 0.022467915766962943;NULL;NULL;NULL;;NULL;line_326: 0.0; line_165: 0.0; line_421: 0.0;NULL;NULL;NULL;line_326: 97.70786770970591; line_26: 0.7567930338938085; line_165: 12.468077408364294;NULL;NULL;NULL;parcelle_21: 148.90763580046493; parcelle_44: 14.051995266446093; parcelle_32: 521.4334194152176;;;;;NULL;420;0;0;788.2856419652446;177.31215611759052;610.973485847654;690.5777742555388;684.3930504821287;6.184723773410064;97.70786770970591;0.0;12;0
327;327;84.19;72;56;NULL;NULL;538.1606;524.5454;84;134, 406;NULL;16.17;0.518176290708807;22;18;right;0;0;0;73;NULL;0.0;0.0;0;0;0;0.0;0.0;0.0;0.0;0.0;0.0;NULL;0.0;999;99;0.0;0.0;NULL;NULL;NULL;NULL;NULL;NULL;NULL;NULL;NULL;NULL;NULL;NULL;NULL;NULL;NULL;NULL;NULL;NULL;NULL;NULL;NULL;NULL;0;0;0;0.0;0.0;0.0;0.0;0.0;0.0;0.0;0.0;999;99
328;328;60.85;NULL;NULL;39;NULL;459.2641;455.4013;223;60, 48;NULL;6.35;0.0;343;257;left;0;0;0;140;NULL;0.0;0.0;0;0;0;0.0;0.0;0.0;0.0;0.0;0.0;NULL;0.0;999;99;0.0;0.0;NULL;NULL;NULL;NULL;NULL;NULL;NULL;NULL;NULL;NULL;NULL;NULL;NULL;NULL;NULL;NULL;NULL;NULL;NULL;NULL;NULL;NULL;0;0;0;0.0;0.0;0.0;0.0;0.0;0.0;0.0;0.0;999;99
329;329;119.41;71;70;NULL;NULL;414.3;412.1;405, 339, 210;136;NULL;1.84;0.442758231038901;556;407;right;0;0;0;70;NULL;0.0;0.0;0;0;0;0.0;0.0;0.0;0.0;0.0;0.0;NULL;0.0;999;99;0.0;0.0;NULL;NULL;NULL;NULL;NULL;NULL;NULL;NULL;NULL;NULL;NULL;NULL;NULL;NULL;NULL;NULL;NULL;NULL;NULL;NULL;NULL;NULL;0;0;0;0.0;0.0;0.0;0.0;0.0;0.0;0.0;0.0;999;99
330;330;46.92;104;26;NULL;NULL;474.8022;473.934;220;413, 221;NULL;1.85;0.552082517436646;190;144;right;310;0;0;25;NULL;0.0;0.0;310;0;0;14939.329758251788;14764.209587181993;175.12017106979596;14939.329758251788;14939.329758251788;0.0;NULL;0.0;0;9;0.0;0.0;NULL;NULL;;NULL;NULL;NULL;;NULL;;NULL;NULL;NULL;line_330: 0.0; line_395: 0.008672321899455685; parcelle_88: 1.3824455140248768; parcelle_78: 5.320317473511047; parcelle_74: 26.30271896383561; line_253: 0.0; parcelle_105: 2.046926443160946; line_220: 0.0; line_356: 0.0; line_125: 16.382003451263937; line_333: 1.1058817524963738; line_133: 0.019940209050705687; line_179: 0.0; line_301: 0.0; line_322: 0.0; line_360: 0.0; line_43: 0.3391804492946029; parcelle_42: 490.46421263854836; line_32: 0.0; line_121: 0.0; parcelle_150: 50.41227297093458; line_247: 0.0; line_340: 0.0; line_268: 0.0; parcelle_1: 321.40503274255343; line_243: 0.0; parcelle_51: 38.18834788680403; line_190: 0.0; line_423: 0.0; line_246: 0.0; line_62: 0.0; line_406: 0.0; line_58: 0.0; line_37: 0.0; line_205: 0.0; line_398: 0.0; line_166: 0.0; line_352: 0.0; line_72: 0.0; line_300: 0.0; line_209: 0.0; line_176: 0.0; line_197: 0.0; line_194: 0.0; line_158: 0.0; line_34: 0.0; line_267: 0.0; line_170: 0.0; line_29: 0.7775421745980169; line_432: 0.0; line_118: 0.0; line_42: 0.0; line_369: 7.226868249688455; line_324: 0.0; line_346: 0.0;NULL;NULL;NULL;parcelle_89: 304.66029696763; parcelle_88: 0.0; parcelle_78: 0.0; parcelle_74: 0.0; parcelle_90: 646.8096; parcelle_83: 427.01321999999993; parcelle_82: 342.305069; parcelle_2: 317.98315099999996; parcelle_81: 808.384; parcelle_150: 0.0; parcelle_56: 715.8864; parcelle_51: 0.0; parcelle_1: 0.0; parcelle_72: 114.48785088000002; parcelle_52: 1890.8089200000002; parcelle_75: 270.564342; parcelle_76: 544.4856000000001; parcelle_77: 537.1768000000002; parcelle_79: 1044.5112; parcelle_80: 2120.4241932363702; parcelle_84: 0.0; parcelle_87: 1595.0904610000002; parcelle_5: 212.2892663; parcelle_4: 187.06265560441705; parcelle_42: 0.0; parcelle_3: 266.4728; parcelle_85: 1591.7976674633717; parcelle_86: 819.1243439999998; parcelle_104: 181.9919208; parcelle_105: 0.0;;;;;NULL;310;0;0;14939.329758251788;14764.209587181993;175.12017106979596;14939.329758251788;14939.329758251788;0.0;0.0;0.0;0;9
331;331;24.9;97;27;NULL;NULL;435.1103;434.6717;207;NULL;NULL;1.76;0.884092091330925;409;308;left;420;0;0;27;NULL;0.0;0.0;420;0;0;340.13018982566405;0.0;340.13018982566405;339.14853772911414;38.442126881358284;300.7064108477558;27.0;0.9816520965499143;0;0;0.0;0.0;NULL;NULL;parcelle_97: 71.5189852570088; parcelle_94: 16.726762009013484; parcelle_59: 73.06370272986652; parcelle_93: 0.0; parcelle_95: 11.477127226631042; parcelle_37: 13.972411907638277; parcelle_96: 0.04940291503111816; parcelle_85: 1.1404897552614757; parcelle_80: 0.30100180272297883; parcelle_84: 0.0; parcelle_60: 33.62916933329039; parcelle_38: 8.170621618419643; parcelle_26: 12.53773919051387; parcelle_25: 0.8471274581370662; parcelle_91: 57.27186964422117;NULL;NULL;NULL;;NULL;line_331: 0.0; line_378: 0.0; line_155: 0.0; line_261: 0.0; line_144: 0.0; line_372: 0.0; line_241: 0.0; line_324: 0.0; line_369: 0.12493725667429689; line_346: 0.0; line_310: 0.0; line_251: 0.0; line_365: 0.0; line_189: 0.0; line_385: 0.0; line_10: 0.0;NULL;NULL;NULL;line_331: 0.9816520965499143;NULL;NULL;NULL;parcelle_97: 9.14294410260473; parcelle_94: 2.1383392048476457; parcelle_59: 9.340419856181239; parcelle_93: 0.0; parcelle_95: 1.4672290485453579; parcelle_37: 1.7862247428571594; parcelle_96: 0.006315638973512693; parcelle_85: 0.1457995250418789; parcelle_80: 0.03847988960119864; parcelle_84: 0.0; parcelle_60: 4.299132801260928; parcelle_38: 1.0445273583271895; parcelle_26: 1.602817044732485; parcelle_25: 0.10829626524615434; parcelle_91: 7.321601403138802;;;;;NULL;420;0;0;340.13018982566405;0.0;340.13018982566405;339.14853772911414;38.442126881358284;300.7064108477558;0.9816520965499143;0.0;0;0
332;332;70.72;61;127;NULL;NULL;424.7067;415.6908;237;50;NULL;12.75;0.560494462232512;539;397;right;0;0;0;19;NULL;0.0;0.0;0;0;0;0.0;0.0;0.0;0.0;0.0;0.0;NULL;0.0;999;99;0.0;0.0;NULL;NULL;NULL;NULL;NULL;NULL;NULL;NULL;NULL;NULL;NULL;NULL;NULL;NULL;NULL;NULL;NULL;NULL;NULL;NULL;NULL;NULL;0;0;0;0.0;0.0;0.0;0.0;0.0;0.0;0.0;0.0;999;99
333;333;30.54;89;87;NULL;NULL;503.578;499.9325;133;125, 284;NULL;11.94;0.486182870994909;103;80;right;420;0;0;90;NULL;0.0;0.0;420;0;0;69.31324446616041;1.2271022581604065;68.08614220800001;68.20736271366404;35.10504662001095;33.102316093653094;NULL;1.1058817524963738;2;0;0.0;0.0;NULL;NULL;parcelle_89: 33.102316093653094; parcelle_88: 0.0; parcelle_78: 0.0; parcelle_74: 0.0;NULL;NULL;NULL;;NULL;line_333: 0.0; parcelle_88: 1.0361375010683738; parcelle_78: 0.11599218582251467; parcelle_74: 0.0006347796870559395;NULL;NULL;NULL;line_333: 1.1058817524963738; line_133: 0.019940209050705687; line_179: 0.0; line_301: 0.0;NULL;NULL;NULL;parcelle_78: 0.0; parcelle_74: 0.0; parcelle_88: 0.0; parcelle_89: 35.10504662001095;;;;;NULL;420;0;0;69.31324446616041;1.2271022581604065;68.08614220800001;68.20736271366404;35.10504662001095;33.102316093653094;1.1058817524963738;0.0;2;0
334;334;14.99;8;9;NULL;NULL;450.497;449.2338;370;408;NULL;8.43;0.972532659032707;342;256;right;0;0;0;9;NULL;0.0;0.0;0;0;0;0.0;0.0;0.0;0.0;0.0;0.0;NULL;0.0;999;99;0.0;0.0;NULL;NULL;NULL;NULL;NULL;NULL;NULL;NULL;NULL;NULL;NULL;NULL;NULL;NULL;NULL;NULL;NULL;NULL;NULL;NULL;NULL;NULL;0;0;0;0.0;0.0;0.0;0.0;0.0;0.0;0.0;0.0;999;99
335;335;33.17;22;118;NULL;NULL;438.7203;436.7956;249;353;NULL;5.8;0.533319268710662;429;321;left;0;0;0;117;NULL;0.0;0.0;0;0;0;0.0;0.0;0.0;0.0;0.0;0.0;NULL;0.0;999;99;0.0;0.0;NULL;NULL;NULL;NULL;NULL;NULL;NULL;NULL;NULL;NULL;NULL;NULL;NULL;NULL;NULL;NULL;NULL;NULL;NULL;NULL;NULL;NULL;0;0;0;0.0;0.0;0.0;0.0;0.0;0.0;0.0;0.0;999;99
336;336;120.86;74;98;NULL;NULL;510.2523;508.4611;117;13;NULL;1.48;0.425779291565072;65;50;left;0;0;0;98;NULL;0.0;0.0;0;0;0;0.0;0.0;0.0;0.0;0.0;0.0;NULL;0.0;999;99;0.0;0.0;NULL;NULL;NULL;NULL;NULL;NULL;NULL;NULL;NULL;NULL;NULL;NULL;NULL;NULL;NULL;NULL;NULL;NULL;NULL;NULL;NULL;NULL;0;0;0;0.0;0.0;0.0;0.0;0.0;0.0;0.0;0.0;999;99
337;337;54.14;44;65;NULL;NULL;524.9116;506.9949;422;283, 414;NULL;33.09;0.703146544139477;53;41;right;0;0;0;66;NULL;0.0;0.0;0;0;0;0.0;0.0;0.0;0.0;0.0;0.0;NULL;0.0;999;99;0.0;0.0;NULL;NULL;NULL;NULL;NULL;NULL;NULL;NULL;NULL;NULL;NULL;NULL;NULL;NULL;NULL;NULL;NULL;NULL;NULL;NULL;NULL;NULL;0;0;0;0.0;0.0;0.0;0.0;0.0;0.0;0.0;0.0;999;99
338;338;26.66;141;17;NULL;NULL;439.2572;435.5708;83, 350;19, 342;NULL;13.83;0.298874241346401;441;330;left;420;0;0;130;NULL;0.0;0.0;420;0;0;1076.0679296410112;869.3145454897079;206.75338415130318;1049.0273669706169;987.2341061365951;61.793260834021744;NULL;27.04056267039434;3;1;0.0;0.0;NULL;NULL;parcelle_141: 17.786456725977473; parcelle_39: 7.517070103843132; parcelle_138: 12.961364418440144; parcelle_140: 21.721254634776344; parcelle_139: 1.2722992908962758; parcelle_64: 0.5348156600883629;NULL;NULL;NULL;;NULL;line_338: 0.0; line_107: 0.0; line_424: 0.0;NULL;NULL;NULL;line_338: 27.04056267039434; line_83: 0.0; line_410: 0.0; line_307: 0.0; line_225: 0.0; line_350: 0.0;NULL;NULL;NULL;parcelle_24: 563.4218861247923; parcelle_140: 132.72212859459512; parcelle_39: 27.311964069780316; parcelle_138: 46.12429346603376; parcelle_15: 137.76722815878205; parcelle_40: 1.2002847738004385; parcelle_47: 33.94738842863319; parcelle_141: 40.61266115009533; parcelle_139: 2.9051013801534644; parcelle_64: 1.221169989928929;;;;;NULL;420;0;0;1076.0679296410112;869.3145454897079;206.75338415130318;1049.0273669706169;987.2341061365951;61.793260834021744;27.04056267039434;0.0;3;1
339;339;36.88;48;149;NULL;NULL;416.6;414.3;153, 157;329;NULL;6.24;0.322761315425896;551;404;left;0;0;0;70;NULL;0.0;0.0;0;0;0;0.0;0.0;0.0;0.0;0.0;0.0;NULL;0.0;999;99;0.0;0.0;NULL;NULL;NULL;NULL;NULL;NULL;NULL;NULL;NULL;NULL;NULL;NULL;NULL;NULL;NULL;NULL;NULL;NULL;NULL;NULL;NULL;NULL;0;0;0;0.0;0.0;0.0;0.0;0.0;0.0;0.0;0.0;999;99
340;340;52.57;81;2;NULL;NULL;503.5339;501.2849;268, 72;202;NULL;4.28;0.492575458328233;60;47;left;310;0;0;82;NULL;0.0;0.0;310;0;0;1514.1967468642765;1182.7593068642766;331.43744;1514.1967468642765;1514.1967468642765;0.0;82.0;0.0;0;1;0.0;0.0;NULL;NULL;;NULL;NULL;NULL;;NULL;;NULL;NULL;NULL;line_340: 0.0; parcelle_150: 36.08560932546091; line_268: 0.0; parcelle_1: 370.7093803258979; line_243: 0.0; parcelle_51: 44.046537355021954; line_190: 0.0; line_423: 0.0; line_246: 0.0; line_62: 0.0; line_406: 0.0; line_58: 0.0; line_37: 0.0; line_205: 0.0; line_398: 0.0; line_166: 0.0; line_352: 0.0; line_72: 0.0;NULL;NULL;NULL;parcelle_56: 165.4424293736501; parcelle_51: 0.0; parcelle_1: 0.0; parcelle_72: 26.458315430151192; parcelle_52: 436.9688000863931; parcelle_75: 62.52782849676027; parcelle_76: 125.8314453563715; parcelle_77: 124.1423706263499; parcelle_79: 241.38811749460044; parcelle_150: 0.0; parcelle_81: 331.43744;;;;;NULL;310;0;0;1514.1967468642765;1182.7593068642766;331.43744;1514.1967468642765;1514.1967468642765;0.0;0.0;0.0;0;1
341;341;82.91;11;46;NULL;NULL;447.1551;432.423;375;77;NULL;17.77;0.782608156852414;422;316;right;0;0;0;27;NULL;0.0;0.0;0;0;0;0.0;0.0;0.0;0.0;0.0;0.0;NULL;0.0;999;99;0.0;0.0;NULL;NULL;NULL;NULL;NULL;NULL;NULL;NULL;NULL;NULL;NULL;NULL;NULL;NULL;NULL;NULL;NULL;NULL;NULL;NULL;NULL;NULL;0;0;0;0.0;0.0;0.0;0.0;0.0;0.0;0.0;0.0;999;99
342;342;33.49;17;130;NULL;NULL;435.5708;429.9843;338;433, 376;NULL;16.68;0.955946842927526;462;345;right;0;0;0;130;NULL;0.0;0.0;0;0;0;0.0;0.0;0.0;0.0;0.0;0.0;NULL;0.0;999;99;0.0;0.0;NULL;NULL;NULL;NULL;NULL;NULL;NULL;NULL;NULL;NULL;NULL;NULL;NULL;NULL;NULL;NULL;NULL;NULL;NULL;NULL;NULL;NULL;0;0;0;0.0;0.0;0.0;0.0;0.0;0.0;0.0;0.0;999;99
343;343;52.53;101;43;NULL;NULL;465.9833;461.8205;349, 250, 388;145;NULL;NULL;0.0;569;419;right;700;0;0;102;349:up, 250:same_direction, 388:dwn;0.68734;0.78337;700;800;800;5287.770672179164;16309.265982765186;2908.27386969854;19217.539852463728;0.0;2908.27386969854;NULL;2379.4968024806235;45;0;0.0;0.0;NULL;NULL;parcelle_101: 1121.028876; parcelle_58: 1310.6328313320003; parcelle_32: 2.098673467672973; parcelle_21: 0.0843450204945512; parcelle_44: 0.007959402634838068; parcelle_33: 1.6340603892045042; parcelle_43: 361.77939072000004; parcelle_7: 89.243514976; parcelle_25: 20.7634071076608; parcelle_26: 1.000811282871629; parcelle_105: 0.0; parcelle_89: 337.3496072410296; parcelle_88: 0.0; parcelle_78: 0.0; parcelle_74: 0.0; parcelle_104: 767.8983999999999; parcelle_90: 646.8096; parcelle_83: 427.01321999999993; parcelle_82: 342.305069; parcelle_2: 317.98315099999996; parcelle_81: 808.384; parcelle_150: 0.0; parcelle_56: 715.8864; parcelle_51: 0.0; parcelle_1: 0.0; parcelle_72: 114.48785088000002; parcelle_52: 1890.8089200000002; parcelle_75: 270.564342; parcelle_76: 544.4856000000001; parcelle_77: 537.1768000000002; parcelle_79: 1044.5112; parcelle_80: 2120.4241932363702; parcelle_84: 0.0; parcelle_87: 1595.0904610000002; parcelle_5: 212.2892663; parcelle_4: 187.06265560441705; parcelle_42: 0.0; parcelle_3: 266.4728; parcelle_85: 1591.7976674633717; parcelle_86: 819.1243439999998; parcelle_103: 751.34043504;NULL;NULL;NULL;line_343: 2379.4968024806235; line_388: 0.0; line_69: 0.0; line_11: 0.0; parcelle_105: 298.5306207690696; parcelle_88: 8.092573068639117; parcelle_78: 6.07149418645219; parcelle_74: 26.306829859025516; line_65: 0.0; line_395: 0.008672321899455685; line_253: 0.0; line_280: 0.0; line_413: 0.0; line_330: 0.0; line_220: 0.0; line_356: 0.0; line_125: 16.382003451263937; line_333: 1.1058817524963738; line_133: 0.019940209050705687; line_179: 0.0; line_301: 0.0; line_322: 0.0; line_360: 0.0; line_43: 0.3391804492946029; parcelle_42: 490.46421263854836; line_32: 0.0; line_121: 0.0; parcelle_150: 50.41227297093458; line_247: 0.0; line_340: 0.0; line_268: 0.0; parcelle_1: 321.40503274255343; line_243: 0.0; parcelle_51: 38.18834788680403; line_190: 0.0; line_423: 0.0; line_246: 0.0; line_62: 0.0; line_406: 0.0; line_58: 0.0; line_37: 0.0; line_205: 0.0; line_398: 0.0; line_166: 0.0; line_352: 0.0; line_72: 0.0; line_300: 0.0; line_209: 0.0; line_176: 0.0; line_197: 0.0; line_194: 0.0; line_158: 0.0; line_34: 0.0; line_267: 0.0; line_170: 0.0; line_29: 0.7775421745980169; line_432: 0.0; line_118: 0.0; line_42: 0.0; line_369: 7.226868249688455; line_324: 0.0; line_346: 0.0; line_326: 0.0; line_165: 0.0; line_421: 0.0; line_419: 0.0;NULL;;NULL;NULL;NULL;;NULL;NULL;NULL;;;;;line_388: 0.0; line_69: 0.0; line_11: 0.0; parcelle_105: 298.5306207690696; parcelle_88: 8.092573068639117; parcelle_78: 6.07149418645219; parcelle_74: 26.306829859025516; line_65: 0.0; line_395: 0.008672321899455685; line_253: 0.0; line_280: 0.0; line_413: 0.0; line_330: 0.0; line_220: 0.0; line_356: 0.0; line_125: 16.382003451263937; line_333: 1.1058817524963738; line_133: 0.019940209050705687; line_179: 0.0; line_301: 0.0; line_322: 0.0; line_360: 0.0; line_43: 0.3391804492946029; parcelle_42: 490.46421263854836; line_32: 0.0; line_121: 0.0; parcelle_150: 50.41227297093458; line_247: 0.0; line_340: 0.0; line_268: 0.0; parcelle_1: 321.40503274255343; line_243: 0.0; parcelle_51: 38.18834788680403; line_190: 0.0; line_423: 0.0; line_246: 0.0; line_62: 0.0; line_406: 0.0; line_58: 0.0; line_37: 0.0; line_205: 0.0; line_398: 0.0; line_166: 0.0; line_352: 0.0; line_72: 0.0; line_300: 0.0; line_209: 0.0; line_176: 0.0; line_197: 0.0; line_194: 0.0; line_158: 0.0; line_34: 0.0; line_267: 0.0; line_170: 0.0; line_29: 0.7775421745980169; line_432: 0.0; line_118: 0.0; line_42: 0.0; line_369: 7.226868249688455; line_324: 0.0; line_346: 0.0;NULL;700;800;800;5287.770672179164;16309.265982765186;2908.27386969854;19217.539852463728;0.0;2908.27386969854;2379.4968024806235;0.0;45;0
344;344;53.44;80;84;NULL;NULL;498.5594;492.1466;29;170;NULL;12.0;0.810553038353261;84;65;right;0;0;0;87;NULL;0.0;0.0;0;0;0;0.0;0.0;0.0;0.0;0.0;0.0;NULL;0.0;999;99;0.0;0.0;NULL;NULL;NULL;NULL;NULL;NULL;NULL;NULL;NULL;NULL;NULL;NULL;NULL;NULL;NULL;NULL;NULL;NULL;NULL;NULL;NULL;NULL;0;0;0;0.0;0.0;0.0;0.0;0.0;0.0;0.0;0.0;999;99
345;345;126.15;73;98;NULL;NULL;510.2523;483.7804;117;277;NULL;20.98;0.262189178640865;88;68;right;0;0;0;98;NULL;0.0;0.0;0;0;0;0.0;0.0;0.0;0.0;0.0;0.0;NULL;0.0;999;99;0.0;0.0;NULL;NULL;NULL;NULL;NULL;NULL;NULL;NULL;NULL;NULL;NULL;NULL;NULL;NULL;NULL;NULL;NULL;NULL;NULL;NULL;NULL;NULL;0;0;0;0.0;0.0;0.0;0.0;0.0;0.0;0.0;0.0;999;99
346;346;116.89;NULL;NULL;85;NULL;500.454;483.8398;374;324;NULL;14.21;0.0;142;108;right;500;0;0;86;NULL;0.0;0.0;500;0;0;0.0;0.0;0.0;0.0;0.0;0.0;NULL;0.0;0;0;0.0;0.0;NULL;NULL;;NULL;NULL;NULL;;NULL;;NULL;NULL;NULL;line_346: 0.0;NULL;NULL;NULL;;;;;;NULL;500;0;0;0.0;0.0;0.0;0.0;0.0;0.0;0.0;0.0;0;0
347;347;179.34;134;133;NULL;NULL;444.5656;430.5318;222;35;NULL;7.83;0.890133283467595;445;333;left;0;0;0;27;NULL;0.0;0.0;0;0;0;0.0;0.0;0.0;0.0;0.0;0.0;NULL;0.0;999;99;0.0;0.0;NULL;NULL;NULL;NULL;NULL;NULL;NULL;NULL;NULL;NULL;NULL;NULL;NULL;NULL;NULL;NULL;NULL;NULL;NULL;NULL;NULL;NULL;0;0;0;0.0;0.0;0.0;0.0;0.0;0.0;0.0;0.0;999;99
348;348;36.13;114;126;NULL;NULL;446.6922;444.2913;100, 384;311, 186;NULL;6.65;0.867157637661532;327;245;left;310;0;0;126;NULL;0.0;0.0;310;0;0;2483.291285878022;1691.576254843206;791.7150310348161;2483.291285878022;2483.291285878022;0.0;NULL;0.0;0;1;0.0;0.0;NULL;NULL;;NULL;NULL;NULL;;NULL;;NULL;NULL;NULL;line_348: 0.0; parcelle_23: 8.512984294117521; line_100: 241.9631169913801; line_212: 3.403788337814918;NULL;NULL;NULL;parcelle_112: 1304.4894718459268; parcelle_36: 20.29091445241092; parcelle_35: 51.20824306791674; parcelle_13: 130.7997324823216; parcelle_12: 12.285474138856289; parcelle_113: 514.9780561625896; parcelle_23: 0.0; parcelle_114: 449.239393728;;;;;NULL;310;0;0;2483.291285878022;1691.576254843206;791.7150310348161;2483.291285878022;2483.291285878022;0.0;0.0;0.0;0;1
349;349;42.74;101;67;NULL;NULL;468.5849;465.9833;391;343;NULL;6.09;0.539946544893578;213;162;right;0;0;0;43;NULL;0.0;0.0;0;0;0;0.0;0.0;0.0;0.0;0.0;0.0;NULL;0.0;999;99;0.0;0.0;NULL;NULL;NULL;NULL;NULL;NULL;NULL;NULL;NULL;NULL;NULL;NULL;NULL;NULL;NULL;NULL;NULL;NULL;NULL;NULL;NULL;NULL;0;0;0;0.0;0.0;0.0;0.0;0.0;0.0;0.0;0.0;999;99
350;350;60.29;15;17;NULL;NULL;439.2948;439.2572;NULL;338;NULL;0.06;0.910250559599796;436;326;left;500;0;0;17;NULL;0.0;0.0;500;0;0;438.26532145837194;0.0;438.26532145837194;438.26532145837194;438.26532145837194;0.0;NULL;0.0;0;0;0.0;0.0;NULL;NULL;;NULL;NULL;NULL;;NULL;;NULL;NULL;NULL;line_350: 0.0; line_410: 0.0;NULL;NULL;NULL;parcelle_15: 138.36001334699998; parcelle_24: 264.60640140911994; parcelle_40: 1.2054493622519997; parcelle_47: 34.09345733999999;;;;;NULL;500;0;0;438.26532145837194;0.0;438.26532145837194;438.26532145837194;438.26532145837194;0.0;0.0;0.0;0;0
351;351;46.37;26;38;NULL;NULL;470.7127;468.0299;221;365;NULL;5.79;0.655004616456883;218;166;left;0;0;0;91;NULL;0.0;0.0;0;0;0;0.0;0.0;0.0;0.0;0.0;0.0;NULL;0.0;999;99;0.0;0.0;NULL;NULL;NULL;NULL;NULL;NULL;NULL;NULL;NULL;NULL;NULL;NULL;NULL;NULL;NULL;NULL;NULL;NULL;NULL;NULL;NULL;NULL;0;0;0;0.0;0.0;0.0;0.0;0.0;0.0;0.0;0.0;999;99
352;352;186.27;77;79;NULL;NULL;551.7134;507.4567;66;244, 268;NULL;23.76;0.344806757890633;30;24;right;310;0;0;3;NULL;0.0;0.0;310;0;0;233.5346760584;0.0;233.5346760584;233.5346760584;233.5346760584;0.0;NULL;0.0;0;0;0.0;0.0;NULL;NULL;;NULL;NULL;NULL;;NULL;;NULL;NULL;NULL;line_352: 0.0; parcelle_1: 135.69510477242267; parcelle_51: 4.906476273566401;NULL;NULL;NULL;parcelle_77: 121.93913359999999; parcelle_1: 0.0; parcelle_52: 111.5955424584; parcelle_51: 0.0;;;;;NULL;310;0;0;233.5346760584;0.0;233.5346760584;233.5346760584;233.5346760584;0.0;0.0;0.0;0;0
353;353;27.33;118;117;NULL;NULL;436.7956;434.1564;335, 57;21;NULL;9.66;0.381554415263036;458;342;right;0;0;0;119;NULL;0.0;0.0;0;0;0;0.0;0.0;0.0;0.0;0.0;0.0;NULL;0.0;999;99;0.0;0.0;NULL;NULL;NULL;NULL;NULL;NULL;NULL;NULL;NULL;NULL;NULL;NULL;NULL;NULL;NULL;NULL;NULL;NULL;NULL;NULL;NULL;NULL;0;0;0;0.0;0.0;0.0;0.0;0.0;0.0;0.0;0.0;999;99
354;354;98.83;108;128;NULL;NULL;446.535;433.7074;53;80;NULL;12.98;0.682381202460839;415;312;left;420;0;0;126;NULL;0.0;0.0;420;0;0;4520.161941010049;35.21516940111077;4484.946771608938;4375.897954734312;1315.454583750947;3060.443370983365;NULL;144.2639862757372;3;3;0.0;0.0;NULL;NULL;parcelle_108: 1303.05279978322; parcelle_112: 579.1038501338178; parcelle_36: 11.587488650726957; parcelle_35: 48.92780459120736; parcelle_13: 144.31550487375256; parcelle_12: 121.14386505332351; parcelle_109: 222.54740088233814; parcelle_111: 352.52741170334684; parcelle_110: 202.43504390324284; parcelle_113: 66.60702179004892; parcelle_23: 0.0; parcelle_137: 8.195179618339306;NULL;NULL;NULL;;NULL;line_354: 0.0; line_212: 0.0; line_278: 1.1336127718145723; line_67: 0.4269579052936875; line_371: 3.4108395400963167; line_100: 0.0; parcelle_23: 0.5259046671751522; line_53: 0.0;NULL;NULL;NULL;line_354: 144.2639862757372; line_53: 2.607900682247557;NULL;NULL;NULL;parcelle_137: 19.13712335815148; parcelle_109: 103.45927439298701; parcelle_12: 53.78535643229991; parcelle_13: 62.74879888562097; parcelle_35: 21.195715125434873; parcelle_36: 4.926682199979156; parcelle_108: 546.5726317879399; parcelle_112: 242.9082808454325; parcelle_111: 147.86955311722136; parcelle_110: 84.91248760657275; parcelle_113: 27.93867999930643; parcelle_23: 0.0;;;;;NULL;420;0;0;4520.161941010049;35.21516940111077;4484.946771608938;4375.897954734312;1315.454583750947;3060.443370983365;144.2639862757372;0.0;3;3
355;355;74.43;40;14;NULL;NULL;446.8936;445.1981;109;297;NULL;2.28;0.73135370161917;364;274;left;310;0;0;14;NULL;0.0;0.0;310;0;0;401.4494945289294;11.436078048929458;390.01341647999993;401.4494945289294;401.4494945289294;0.0;NULL;0.0;0;0;0.0;0.0;NULL;NULL;;NULL;NULL;NULL;;NULL;;NULL;NULL;NULL;line_355: 0.0; line_109: 0.0; line_242: 0.0;NULL;NULL;NULL;parcelle_49: 0.0; parcelle_40: 401.4494945289294;;;;;NULL;310;0;0;401.4494945289294;11.436078048929458;390.01341647999993;401.4494945289294;401.4494945289294;0.0;0.0;0.0;0;0
356;356;133.09;90;104;NULL;NULL;492.3543;474.9114;395, 125;220;NULL;13.11;0.06418396606458;156;118;left;310;0;0;91;NULL;0.0;0.0;310;0;0;514.224042347831;252.78546055461482;261.43858179321614;514.224042347831;514.224042347831;0.0;NULL;0.0;0;0;0.0;0.0;NULL;NULL;;NULL;NULL;NULL;;NULL;;NULL;NULL;NULL;line_356: 0.0; line_125: 16.382003451263937; parcelle_88: 0.06472846458827003; parcelle_78: 0.0072461387458586275; parcelle_74: 3.9655272058570285e-05; line_395: 0.008672321899455685; line_333: 1.1058817524963738; line_133: 0.019940209050705687; line_179: 0.0; line_301: 0.0;NULL;NULL;NULL;parcelle_89: 254.8533927478309; parcelle_88: 0.0; parcelle_78: 0.0; parcelle_74: 0.0; parcelle_90: 259.37064960000004;;;;;NULL;310;0;0;514.224042347831;252.78546055461482;261.43858179321614;514.224042347831;514.224042347831;0.0;0.0;0.0;0;0
357;357;30.6;112;23;NULL;NULL;469.6728;467.0609;362;314, 404;NULL;8.54;0.991648668206966;248;186;right;0;0;0;113;NULL;0.0;0.0;0;0;0;0.0;0.0;0.0;0.0;0.0;0.0;NULL;0.0;999;99;0.0;0.0;NULL;NULL;NULL;NULL;NULL;NULL;NULL;NULL;NULL;NULL;NULL;NULL;NULL;NULL;NULL;NULL;NULL;NULL;NULL;NULL;NULL;NULL;0;0;0;0.0;0.0;0.0;0.0;0.0;0.0;0.0;0.0;999;99
358;358;186.13;NULL;NULL;117;NULL;437.9846;431.7071;420;87;NULL;3.37;0.0;472;352;right;0;0;0;119;NULL;0.0;0.0;0;0;0;0.0;0.0;0.0;0.0;0.0;0.0;NULL;0.0;999;99;0.0;0.0;NULL;NULL;NULL;NULL;NULL;NULL;NULL;NULL;NULL;NULL;NULL;NULL;NULL;NULL;NULL;NULL;NULL;NULL;NULL;NULL;NULL;NULL;0;0;0;0.0;0.0;0.0;0.0;0.0;0.0;0.0;0.0;999;99
359;359;70.44;49;30;NULL;NULL;449.974;449.2145;6;140;NULL;1.08;0.998710511839039;355;267;right;310;0;0;34;NULL;0.0;0.0;310;0;0;283.446030528;0.0;283.446030528;283.446030528;283.446030528;0.0;NULL;0.0;0;0;0.0;0.0;NULL;NULL;;NULL;NULL;NULL;;NULL;;NULL;NULL;NULL;line_359: 0.0;NULL;NULL;NULL;parcelle_49: 283.446030528;;;;;NULL;310;0;0;283.446030528;0.0;283.446030528;283.446030528;283.446030528;0.0;0.0;0.0;0;0
360;360;37.64;87;91;NULL;NULL;476.8652;476.3283;194;322;NULL;1.43;0.286858965796328;166;125;right;310;0;0;91;NULL;0.0;0.0;310;0;0;13874.378376671088;10483.14957502771;3391.228801643377;13874.378376671088;13874.378376671088;0.0;NULL;0.0;0;8;0.0;0.0;NULL;NULL;;NULL;NULL;NULL;;NULL;;NULL;NULL;NULL;line_360: 0.0; line_333: 0.0; parcelle_88: 1.1826105709206867; parcelle_78: 5.297946608803928; parcelle_74: 26.302596536877303; line_301: 0.0; line_179: 0.0; line_43: 0.3391804492946029; line_133: 0.0; parcelle_42: 490.46421263854836; line_125: 0.0; line_32: 0.0; line_121: 0.0; parcelle_150: 50.41227297093458; line_247: 0.0; line_340: 0.0; line_268: 0.0; parcelle_1: 321.40503274255343; line_243: 0.0; parcelle_51: 38.18834788680403; line_190: 0.0; line_423: 0.0; line_246: 0.0; line_62: 0.0; line_406: 0.0; line_58: 0.0; line_37: 0.0; line_205: 0.0; line_398: 0.0; line_166: 0.0; line_352: 0.0; line_72: 0.0; line_300: 0.0; line_209: 0.0; line_176: 0.0; line_197: 0.0; line_194: 0.0; line_158: 0.0; line_34: 0.0; line_267: 0.0; line_170: 0.0; line_29: 0.7775421745980169; line_432: 0.0; line_118: 0.0; line_42: 0.0; line_369: 7.226868249688455; line_324: 0.0; line_346: 0.0;NULL;NULL;NULL;parcelle_83: 427.01321999999993; parcelle_82: 342.305069; parcelle_2: 317.98315099999996; parcelle_81: 808.384; parcelle_150: 0.0; parcelle_56: 715.8864; parcelle_51: 0.0; parcelle_1: 0.0; parcelle_72: 114.48785088000002; parcelle_52: 1890.8089200000002; parcelle_75: 270.564342; parcelle_76: 544.4856000000001; parcelle_77: 537.1768000000002; parcelle_79: 1044.5112; parcelle_80: 2120.4241932363702; parcelle_84: 0.0; parcelle_87: 1595.0904610000002; parcelle_89: 36.81676578692911; parcelle_88: 0.0; parcelle_78: 0.0; parcelle_74: 0.0; parcelle_5: 212.2892663; parcelle_4: 187.06265560441705; parcelle_42: 0.0; parcelle_90: 31.693670400000002; parcelle_3: 266.4728; parcelle_85: 1591.7976674633717; parcelle_86: 819.1243439999998;;;;;NULL;310;0;0;13874.378376671088;10483.14957502771;3391.228801643377;13874.378376671088;13874.378376671088;0.0;0.0;0.0;0;8
361;361;46.08;135;136;NULL;NULL;447.9009;442.4632;409;103;NULL;11.8;0.97789285874406;321;241;right;310;0;0;46;NULL;0.0;0.0;310;0;0;7960.48979781509;7834.2026528550905;126.28714495999999;7960.48979781509;7960.48979781509;0.0;NULL;0.0;0;5;0.0;0.0;NULL;NULL;;NULL;NULL;NULL;;NULL;;NULL;NULL;NULL;line_361: 0.0; line_409: 0.0; line_108: 0.0; line_319: 0.0; line_20: 0.0; line_36: 0.0; line_393: 0.0; line_99: 0.0; line_15: 0.0; line_204: 0.0; line_241: 0.0; line_324: 0.0; line_369: 0.9561900858417747; line_346: 0.0; line_82: 0.0; line_22: 0.0;NULL;NULL;NULL;parcelle_85: 6.982865006092209; parcelle_80: 1.8429406711532232; parcelle_84: 0.0; parcelle_92: 1751.9077566198855; parcelle_35: 789.6365804649959; parcelle_106: 719.5128; parcelle_13: 925.9069165390192; parcelle_36: 27.693822009944558; parcelle_107: 2494.72436; parcelle_12: 325.47299022400006; parcelle_109: 597.6777378000002; parcelle_135: 319.13102848;;;;;NULL;310;0;0;7960.48979781509;7834.2026528550905;126.28714495999999;7960.48979781509;7960.48979781509;0.0;0.0;0.0;0;5
362;362;180.26;NULL;NULL;112;NULL;482.2619;469.6728;415;357, 4;NULL;6.98;0.0;245;184;right;0;0;0;23;NULL;0.0;0.0;0;0;0;0.0;0.0;0.0;0.0;0.0;0.0;NULL;0.0;999;99;0.0;0.0;NULL;NULL;NULL;NULL;NULL;NULL;NULL;NULL;NULL;NULL;NULL;NULL;NULL;NULL;NULL;NULL;NULL;NULL;NULL;NULL;NULL;NULL;0;0;0;0.0;0.0;0.0;0.0;0.0;0.0;0.0;0.0;999;99
363;363;20.46;64;102;NULL;NULL;443.6023;442.8262;113, 317;120, 386;NULL;3.79;0.70003734160819;310;232;right;310;0;0;132;NULL;0.0;0.0;310;0;0;4382.340033455976;4339.646377945479;42.693655510496754;4382.340033455976;4382.340033455976;0.0;NULL;0.0;0;3;0.0;0.0;NULL;NULL;;NULL;NULL;NULL;;NULL;;NULL;NULL;NULL;line_363: 0.0; line_424: 0.0; line_113: 0.0; line_317: 0.0; line_206: 523.2778150471598; line_163: 78.16968403102747; line_292: 24.262186698094734; line_419: 25.874359877179792; line_326: 63.108925620305094; line_26: 0.48880808071533693; line_165: 8.053056404121142; line_47: 0.0; line_421: 0.0;NULL;NULL;NULL;parcelle_62: 1474.6875599999998; parcelle_63: 960.418618542673; parcelle_21: 58.75958365741394; parcelle_44: 5.544976837311024; parcelle_32: 217.46835646083693; parcelle_33: 135.57563069710739; parcelle_57: 345.97207615135875; parcelle_58: 55.30958174149731; parcelle_41: 1085.9099938572808; parcelle_64: 42.146736000000004; parcelle_138: 0.546919510496752;;;;;NULL;310;0;0;4382.340033455976;4339.646377945479;42.693655510496754;4382.340033455976;4382.340033455976;0.0;0.0;0.0;0;3
364;364;112.69;12;109;NULL;NULL;473.6037;463.2116;28;108;NULL;9.22;0.624152360803237;205;156;right;0;0;0;135;NULL;0.0;0.0;0;0;0;0.0;0.0;0.0;0.0;0.0;0.0;NULL;0.0;999;99;0.0;0.0;NULL;NULL;NULL;NULL;NULL;NULL;NULL;NULL;NULL;NULL;NULL;NULL;NULL;NULL;NULL;NULL;NULL;NULL;NULL;NULL;NULL;NULL;0;0;0;0.0;0.0;0.0;0.0;0.0;0.0;0.0;0.0;999;99
365;365;59.89;38;91;NULL;NULL;468.0299;460.6775;196, 351;251;NULL;12.28;0.216780392340893;263;198;right;310;0;0;37;NULL;0.0;0.0;310;0;0;99.26239986615998;0.0;99.26239986615998;99.26239986615998;99.26239986615998;0.0;NULL;0.0;0;0;0.0;0.0;NULL;NULL;;NULL;NULL;NULL;;NULL;;NULL;NULL;NULL;line_365: 0.0;NULL;NULL;NULL;parcelle_38: 63.312125849999994; parcelle_26: 35.950274016159995;;;;;NULL;310;0;0;99.26239986615998;0.0;99.26239986615998;99.26239986615998;99.26239986615998;0.0;0.0;0.0;0;0
366;366;33.93;34;29;NULL;NULL;438.0359;437.6316;NULL;203;NULL;1.19;0.92098153447708;406;306;right;0;0;0;29;NULL;0.0;0.0;0;0;0;0.0;0.0;0.0;0.0;0.0;0.0;NULL;0.0;999;99;0.0;0.0;NULL;NULL;NULL;NULL;NULL;NULL;NULL;NULL;NULL;NULL;NULL;NULL;NULL;NULL;NULL;NULL;NULL;NULL;NULL;NULL;NULL;NULL;0;0;0;0.0;0.0;0.0;0.0;0.0;0.0;0.0;0.0;999;99
367;367;14.29;143;19;NULL;NULL;420.1;419.6;282;152, 41;NULL;3.5;0.92159239004257;536;395;left;310;0;0;19;NULL;0.0;0.0;310;0;0;240.53671760793947;240.53671760793947;0.0;240.53671760793947;240.53671760793947;0.0;NULL;0.0;0;0;0.0;0.0;NULL;NULL;;NULL;NULL;NULL;;NULL;;NULL;NULL;NULL;line_367: 0.0; parcelle_143: 590.9950358922013; line_148: 0.0; line_338: 0.0; line_107: 0.0; line_424: 0.0; line_402: 0.0; line_410: 0.0; line_75: 0.0; line_297: 0.0; line_355: 0.0; line_109: 0.0; line_242: 0.0; line_308: 0.0; line_376: 0.0; line_282: 0.0; parcelle_144: 129.740590393216; line_114: 0.0;NULL;NULL;NULL;parcelle_142: 49.109856799; parcelle_15: 53.605758274566995; parcelle_24: 102.51825255514031; parcelle_40: 15.32066671887416; parcelle_47: 13.209059385739998; parcelle_49: 0.0; parcelle_14: 2.8312700576160004; parcelle_16: 0.0; parcelle_17: 2.71179716684; parcelle_141: 0.3540572075873076; parcelle_39: 0.1496347974871014; parcelle_138: 0.2580089201134695; parcelle_140: 0.4323832947598579; parcelle_139: 0.025326389684581264; parcelle_64: 0.01064604052971895; parcelle_144: 0.0; parcelle_143: 0.0;;;;;NULL;310;0;0;240.53671760793947;240.53671760793947;0.0;240.53671760793947;240.53671760793947;0.0;0.0;0.0;0;0
368;368;77.07;NULL;NULL;150;NULL;539.1;526.4973;306;287, 377;NULL;16.35;0.0;35;28;right;0;0;0;81;NULL;0.0;0.0;0;0;0;0.0;0.0;0.0;0.0;0.0;0.0;NULL;0.0;999;99;0.0;0.0;NULL;NULL;NULL;NULL;NULL;NULL;NULL;NULL;NULL;NULL;NULL;NULL;NULL;NULL;NULL;NULL;NULL;NULL;NULL;NULL;NULL;NULL;0;0;0;0.0;0.0;0.0;0.0;0.0;0.0;0.0;0.0;999;99
369;369;97.75;85;86;NULL;NULL;488.6707;483.8398;45, 392;324;NULL;4.94;0.927249221629186;145;110;left;420;0;0;86;NULL;0.0;0.0;420;0;0;2097.8231135619117;0.0;2097.8231135619117;2082.9046782172113;137.69982905121307;1945.204849165998;NULL;14.918435344700558;1;1;0.0;0.0;NULL;NULL;parcelle_85: 1539.021293652758; parcelle_80: 406.18355551324; parcelle_84: 0.0;NULL;NULL;NULL;;NULL;line_369: 0.0; line_29: 0.7121625992712117;NULL;NULL;NULL;line_369: 14.918435344700558;NULL;NULL;NULL;parcelle_85: 108.94635037179916; parcelle_80: 28.7534786794139; parcelle_84: 0.0;;;;;NULL;420;0;0;2097.8231135619117;0.0;2097.8231135619117;2082.9046782172113;137.69982905121307;1945.204849165998;14.918435344700558;0.0;1;1
370;370;44.13;53;8;NULL;NULL;455.6144;450.497;31, 173;334, 431;NULL;11.6;0.425305466885017;333;250;left;0;0;0;9;NULL;0.0;0.0;0;0;0;0.0;0.0;0.0;0.0;0.0;0.0;NULL;0.0;999;99;0.0;0.0;NULL;NULL;NULL;NULL;NULL;NULL;NULL;NULL;NULL;NULL;NULL;NULL;NULL;NULL;NULL;NULL;NULL;NULL;NULL;NULL;NULL;NULL;0;0;0;0.0;0.0;0.0;0.0;0.0;0.0;0.0;0.0;999;99
371;371;51.79;110;108;NULL;NULL;453.409;452.7739;74, 278;NULL;NULL;1.23;0.975188006960356;289;217;left;420;0;0;108;NULL;0.0;0.0;420;0;0;3781.1676570925206;267.6519268475026;3513.515730245018;3762.7910499920727;336.45264759057363;3426.338402401499;108.0;18.37660710044801;0;2;0.0;0.0;NULL;NULL;parcelle_110: 851.9743285366046; parcelle_12: 305.0622094838764; parcelle_13: 292.63743361514736; parcelle_35: 95.03267801305873; parcelle_36: 17.53276210687014; parcelle_109: 463.0532827979488; parcelle_111: 701.7589738769302; parcelle_112: 699.2867339710623;NULL;NULL;NULL;;NULL;line_371: 0.0;NULL;NULL;NULL;line_371: 18.37660710044801; line_278: 6.107574474493737;NULL;NULL;NULL;parcelle_109: 171.19135319352225; parcelle_12: 54.380300499633144; parcelle_13: 42.114858296991386; parcelle_35: 12.939236624230098; parcelle_36: 1.471475429847512; parcelle_110: 20.55437800390625; parcelle_111: 16.930344886653554; parcelle_112: 16.87070065578942;;;;;NULL;420;0;0;3781.1676570925206;267.6519268475026;3513.515730245018;3762.7910499920727;336.45264759057363;3426.338402401499;18.37660710044801;0.0;0;2
372;372;162.22;60;59;NULL;NULL;481.0021;460.4955;241;144;NULL;12.64;0.844327925502015;220;167;right;310;0;0;91;NULL;0.0;0.0;310;0;0;411.48269367656746;45.94833599356742;365.53435768300005;411.48269367656746;411.48269367656746;0.0;NULL;0.0;0;0;0.0;0.0;NULL;NULL;;NULL;NULL;NULL;;NULL;;NULL;NULL;NULL;line_372: 0.0; line_241: 0.0; line_324: 0.0; line_369: 4.978054689244905; line_346: 0.0;NULL;NULL;NULL;parcelle_85: 36.35373803038317; parcelle_80: 9.59459796318424; parcelle_84: 0.0; parcelle_60: 365.53435768300005;;;;;NULL;310;0;0;411.48269367656746;45.94833599356742;365.53435768300005;411.48269367656746;411.48269367656746;0.0;0.0;0.0;0;0
373;373;98.35;54;55;NULL;NULL;504.2005;498.1482;286, 129;240;NULL;6.15;0.957168029616708;51;40;left;0;0;0;55;NULL;0.0;0.0;0;0;0;0.0;0.0;0.0;0.0;0.0;0.0;NULL;0.0;999;99;0.0;0.0;NULL;NULL;NULL;NULL;NULL;NULL;NULL;NULL;NULL;NULL;NULL;NULL;NULL;NULL;NULL;NULL;NULL;NULL;NULL;NULL;NULL;NULL;0;0;0;0.0;0.0;0.0;0.0;0.0;0.0;0.0;0.0;999;99
374;374;165.83;NULL;NULL;80;NULL;518.4221;500.454;377;29, 346;NULL;10.84;0.0;80;62;right;0;0;0;85;NULL;0.0;0.0;0;0;0;0.0;0.0;0.0;0.0;0.0;0.0;NULL;0.0;999;99;0.0;0.0;NULL;NULL;NULL;NULL;NULL;NULL;NULL;NULL;NULL;NULL;NULL;NULL;NULL;NULL;NULL;NULL;NULL;NULL;NULL;NULL;NULL;NULL;0;0;0;0.0;0.0;0.0;0.0;0.0;0.0;0.0;0.0;999;99
375;375;47.81;135;11;NULL;NULL;452.2749;447.1551;260;341, 302;NULL;10.71;0.303534206886944;318;238;left;310;0;0;46;NULL;0.0;0.0;310;0;0;2528.537640704953;2339.106923264953;189.43071744;2528.537640704953;2528.537640704953;0.0;NULL;0.0;0;1;0.0;0.0;NULL;NULL;;NULL;NULL;NULL;;NULL;;NULL;NULL;NULL;line_375: 0.0; line_260: 0.0; line_167: 0.0; line_383: 0.0; line_155: 0.0; line_52: 0.0; line_99: 0.0; line_15: 0.0; line_204: 0.0; line_241: 0.0; line_324: 0.0; line_369: 1.757322319925424; line_346: 0.0;NULL;NULL;NULL;parcelle_85: 12.833373524710007; parcelle_80: 3.387026098335654; parcelle_84: 0.0; parcelle_92: 1902.1528930121142; parcelle_35: 170.53920214129926; parcelle_93: 0.0; parcelle_95: 52.321211093; parcelle_59: 25.508330355494124; parcelle_135: 361.79560448;;;;;NULL;310;0;0;2528.537640704953;2339.106923264953;189.43071744;2528.537640704953;2528.537640704953;0.0;0.0;0.0;0;1
376;376;42.74;17;142;NULL;NULL;429.9843;429.1273;342;NULL;NULL;2.01;0.476851966152888;463;346;right;310;0;0;142;NULL;0.0;0.0;310;0;0;88.91250697447576;0.0;88.91250697447576;88.91250697447576;88.91250697447576;0.0;142.0;0.0;0;0;0.0;0.0;NULL;NULL;;NULL;NULL;NULL;;NULL;;NULL;NULL;NULL;line_376: 0.0; line_338: 0.0; line_107: 0.0; line_424: 0.0;NULL;NULL;NULL;parcelle_17: 61.16733286; parcelle_141: 7.986119069963886; parcelle_39: 3.3751644766255664; parcelle_138: 5.819652623879625; parcelle_140: 9.752843331014578; parcelle_139: 0.5712623816124278; parcelle_64: 0.24013223137967496;;;;;NULL;310;0;0;88.91250697447576;0.0;88.91250697447576;88.91250697447576;88.91250697447576;0.0;0.0;0.0;0;0
377;377;75.41;NULL;NULL;81;NULL;526.4973;518.4221;368;247, 374;NULL;10.71;0.0;55;43;right;0;0;0;80;NULL;0.0;0.0;0;0;0;0.0;0.0;0.0;0.0;0.0;0.0;NULL;0.0;999;99;0.0;0.0;NULL;NULL;NULL;NULL;NULL;NULL;NULL;NULL;NULL;NULL;NULL;NULL;NULL;NULL;NULL;NULL;NULL;NULL;NULL;NULL;NULL;NULL;0;0;0;0.0;0.0;0.0;0.0;0.0;0.0;0.0;0.0;999;99
378;378;54.84;95;94;NULL;NULL;452.5389;451.8243;155;261;NULL;1.3;0.99482765950164;299;224;left;420;0;0;94;NULL;0.0;0.0;420;0;0;1782.2104977614772;1237.4037076220186;544.8067901394587;1714.1967433613386;1172.2078794462998;541.9888639150389;NULL;68.0137544001387;4;1;0.0;0.0;NULL;NULL;parcelle_95: 364.354115817583; parcelle_93: 0.0; parcelle_59: 177.63474809745597;NULL;NULL;NULL;;NULL;line_378: 0.0; line_155: 0.0;NULL;NULL;NULL;line_378: 68.0137544001387; line_155: 93.10930029396022;NULL;NULL;NULL;parcelle_59: 1170.4174044158274; parcelle_93: 0.0; parcelle_95: 1.7904750304723842;;;;;NULL;420;0;0;1782.2104977614772;1237.4037076220186;544.8067901394587;1714.1967433613386;1172.2078794462998;541.9888639150389;68.0137544001387;0.0;4;1
379;379;180.8;132;133;NULL;NULL;438.9483;429.4059;408, 120, 122;2;NULL;NULL;0.0;573;423;right;700;0;0;131;408:same_direction, 120:up, 122:dwn;0.91347;0.83282;700;0;0;0.0;7083.342746901303;0.0;7083.342746901303;0.0;0.0;NULL;0.0;0;0;0.0;0.0;NULL;NULL;parcelle_132: 0.0; parcelle_139: 0.0; parcelle_138: 21.92018465572969; parcelle_64: 29.070963633097918; parcelle_39: 0.0; parcelle_62: 935.1081713245031; parcelle_63: 609.007170367291; parcelle_21: 37.25980221985023; parcelle_44: 3.5161028620697388; parcelle_32: 137.8979810008287; parcelle_33: 85.96931549170881; parcelle_57: 219.38295557279866; parcelle_58: 35.07213544204217; parcelle_41: 688.5819994161234; parcelle_133: 0.0; parcelle_134: 0.0; parcelle_97: 0.0; parcelle_94: 0.0; parcelle_59: 0.0; parcelle_93: 0.0; parcelle_95: 0.0; parcelle_37: 562.2649279199999; parcelle_96: 0.0; parcelle_85: 0.0; parcelle_80: 0.0; parcelle_84: 0.0; parcelle_60: 0.0; parcelle_38: 127.97489341742369; parcelle_26: 114.29792065435865; parcelle_25: 863.6891414844777; parcelle_91: 0.0; parcelle_53: 1632.558583964; parcelle_7: 979.770497475;NULL;NULL;NULL;parcelle_133: 1433.5265555932203; line_378: 0.0; line_155: 0.0; line_261: 0.0; line_144: 0.0; line_372: 0.0; line_241: 0.0; line_324: 0.0; line_369: 0.4382676986822069; line_346: 0.0; line_310: 0.0; line_251: 0.0; line_365: 0.0; line_189: 0.0; line_385: 0.0; line_10: 0.0; line_120: 0.0; line_107: 3.34641717056452; line_424: 4.218712347648511; line_429: 0.0; line_363: 0.0; line_113: 0.0; line_317: 0.0; line_206: 663.6271627915967; line_163: 99.1357251121971; line_292: 30.76959438864332; line_419: 32.81417163231742; line_326: 80.03549176349951; line_26: 0.6199122348144835; line_165: 10.212982128405288; line_47: 0.0; line_421: 0.0; line_122: 0.0; line_431: 0.0; line_54: 0.0; line_222: 0.0; line_88: 0.0; line_139: 0.0; line_234: 0.0; parcelle_132: 5463.20928776926; line_386: 0.0;NULL;;NULL;NULL;NULL;;NULL;NULL;NULL;;;;;;NULL;700;0;0;0.0;7083.342746901303;0.0;7083.342746901303;0.0;0.0;0.0;0.0;0;0
380;380;88.63;112;111;NULL;NULL;476.8714;453.1778;172;67, 212;NULL;26.73;0.26791105186648;250;188;left;0;0;0;108;NULL;0.0;0.0;0;0;0;0.0;0.0;0.0;0.0;0.0;0.0;NULL;0.0;999;99;0.0;0.0;NULL;NULL;NULL;NULL;NULL;NULL;NULL;NULL;NULL;NULL;NULL;NULL;NULL;NULL;NULL;NULL;NULL;NULL;NULL;NULL;NULL;NULL;0;0;0;0.0;0.0;0.0;0.0;0.0;0.0;0.0;0.0;999;99
381;381;162.97;115;116;NULL;NULL;460.1164;439.5404;321, 147;25, 272;NULL;12.63;0.708216629106476;338;253;right;310;0;0;121;NULL;0.0;0.0;310;0;0;1087.9907094;0.0;1087.9907094;1087.9907094;1087.9907094;0.0;NULL;0.0;0;1;0.0;0.0;NULL;NULL;;NULL;NULL;NULL;;NULL;;NULL;NULL;NULL;line_381: 0.0; parcelle_23: 16.153080195731228; parcelle_6: 2.5090106999999997;NULL;NULL;NULL;parcelle_115: 1087.9907094; parcelle_23: 0.0; parcelle_112: 0.0; parcelle_36: 0.0; parcelle_35: 0.0; parcelle_13: 0.0; parcelle_12: 0.0; parcelle_6: 0.0;;;;;NULL;310;0;0;1087.9907094;0.0;1087.9907094;1087.9907094;1087.9907094;0.0;0.0;0.0;0;1
382;382;117.05;24;15;NULL;NULL;445.2972;445.0387;236, 254;307;NULL;0.22;0.80983690853404;373;280;left;0;0;0;15;NULL;0.0;0.0;0;0;0;0.0;0.0;0.0;0.0;0.0;0.0;NULL;0.0;999;99;0.0;0.0;NULL;NULL;NULL;NULL;NULL;NULL;NULL;NULL;NULL;NULL;NULL;NULL;NULL;NULL;NULL;NULL;NULL;NULL;NULL;NULL;NULL;NULL;0;0;0;0.0;0.0;0.0;0.0;0.0;0.0;0.0;0.0;999;99
383;383;64.77;95;135;NULL;NULL;466.8682;461.259;52;55, 167;NULL;8.66;0.793990398647835;296;221;right;310;0;0;96;NULL;0.0;0.0;310;0;0;2166.742036224953;2088.912494776459;77.82954144849411;2166.742036224953;2166.742036224953;0.0;NULL;0.0;0;1;0.0;0.0;NULL;NULL;;NULL;NULL;NULL;;NULL;;NULL;NULL;NULL;line_383: 0.0; line_155: 0.0; line_52: 0.0; line_99: 0.0; line_15: 0.0; line_204: 0.0; line_241: 0.0; line_324: 0.0; line_369: 1.757322319925424; line_346: 0.0;NULL;NULL;NULL;parcelle_85: 12.833373524710007; parcelle_80: 3.387026098335654; parcelle_84: 0.0; parcelle_92: 1902.1528930121142; parcelle_35: 170.53920214129926; parcelle_93: 0.0; parcelle_95: 52.321211093; parcelle_59: 25.508330355494124;;;;;NULL;310;0;0;2166.742036224953;2088.912494776459;77.82954144849411;2166.742036224953;2166.742036224953;0.0;0.0;0.0;0;1
384;384;129.8;113;114;NULL;NULL;465.0032;446.6922;404;130, 348;NULL;14.11;0.54931453635119;313;234;right;0;0;0;126;NULL;0.0;0.0;0;0;0;0.0;0.0;0.0;0.0;0.0;0.0;NULL;0.0;999;99;0.0;0.0;NULL;NULL;NULL;NULL;NULL;NULL;NULL;NULL;NULL;NULL;NULL;NULL;NULL;NULL;NULL;NULL;NULL;NULL;NULL;NULL;NULL;NULL;0;0;0;0.0;0.0;0.0;0.0;0.0;0.0;0.0;0.0;999;99
385;385;56.32;38;53;NULL;NULL;465.265;462.4319;10;189, 139;NULL;5.03;0.553972903060357;261;196;left;310;0;0;37;NULL;0.0;0.0;310;0;0;392.2069374793599;141.31056481152;250.89637266783993;392.2069374793599;392.2069374793599;0.0;NULL;0.0;0;0;0.0;0.0;NULL;NULL;;NULL;NULL;NULL;;NULL;;NULL;NULL;NULL;line_385: 0.0; line_10: 0.0;NULL;NULL;NULL;parcelle_25: 134.81250432000002; parcelle_26: 97.36623775935998; parcelle_38: 160.0281954;;;;;NULL;310;0;0;392.2069374793599;141.31056481152;250.89637266783993;392.2069374793599;392.2069374793599;0.0;0.0;0.0;0;0
386;386;159.19;139;132;NULL;NULL;442.8262;435.7884;107, 363;214, 294;NULL;4.42;0.995329042842386;417;313;right;420;0;0;131;NULL;0.0;0.0;420;0;0;7009.601841905482;1617.2738350363331;5392.328006869148;6748.138448549877;1380.997774780616;5367.1406737692605;NULL;261.46339335560504;4;4;0.0;0.0;NULL;NULL;parcelle_139: 2328.4897538088762; parcelle_138: 1775.7813353171189; parcelle_64: 978.7891839623824; parcelle_39: 284.080400680882;NULL;NULL;NULL;;NULL;line_386: 0.0; line_107: 0.0; line_424: 0.0;NULL;NULL;NULL;line_386: 261.46339335560504; line_107: 0.9654806719252728; line_424: 1.2171480794129514; line_429: 0.0; line_363: 0.0; line_113: 0.0; line_317: 0.0; line_206: 191.46423365136144; line_163: 28.601821474928926; line_292: 8.877389503773072; line_419: 9.467274061021083; line_326: 23.09117973855534; line_26: 0.17885196330809514; line_165: 2.946565339918497; line_47: 0.0; line_421: 0.0;NULL;NULL;NULL;parcelle_138: 17.641863408651062; parcelle_64: 17.966400143150956; parcelle_62: 453.6837457922443; parcelle_63: 295.47025974034295; parcelle_21: 18.077231230517942; parcelle_44: 1.7058975271226253; parcelle_32: 66.9035673905295; parcelle_33: 41.70948588785116; parcelle_57: 106.4373984736591; parcelle_58: 17.015847223044876; parcelle_41: 334.07735100606953; parcelle_139: 9.187797332042155; parcelle_39: 1.12092962538993;;;;;NULL;420;0;0;7009.601841905482;1617.2738350363331;5392.328006869148;6748.138448549877;1380.997774780616;5367.1406737692605;261.46339335560504;0.0;4;4
387;387;31.38;145;19;NULL;NULL;417.9;416.7;135, 293;180;NULL;3.82;0.997971553349601;522;385;right;0;0;0;19;NULL;0.0;0.0;0;0;0;0.0;0.0;0.0;0.0;0.0;0.0;NULL;0.0;999;99;0.0;0.0;NULL;NULL;NULL;NULL;NULL;NULL;NULL;NULL;NULL;NULL;NULL;NULL;NULL;NULL;NULL;NULL;NULL;NULL;NULL;NULL;NULL;NULL;0;0;0;0.0;0.0;0.0;0.0;0.0;0.0;0.0;0.0;999;99
388;388;27.81;68;43;NULL;NULL;466.6813;465.9833;9, 69;343;NULL;2.51;0.159881187691835;254;191;right;310;0;0;43;NULL;0.0;0.0;310;0;0;16309.265982765186;16309.265982765186;0.0;16309.265982765186;16309.265982765186;0.0;NULL;0.0;0;10;0.0;0.0;NULL;NULL;;NULL;NULL;NULL;;NULL;;NULL;NULL;NULL;line_388: 0.0; line_69: 0.0; line_11: 0.0; parcelle_105: 298.5306207690696; parcelle_88: 8.092573068639117; parcelle_78: 6.07149418645219; parcelle_74: 26.306829859025516; line_65: 0.0; line_395: 0.008672321899455685; line_253: 0.0; line_280: 0.0; line_413: 0.0; line_330: 0.0; line_220: 0.0; line_356: 0.0; line_125: 16.382003451263937; line_333: 1.1058817524963738; line_133: 0.019940209050705687; line_179: 0.0; line_301: 0.0; line_322: 0.0; line_360: 0.0; line_43: 0.3391804492946029; parcelle_42: 490.46421263854836; line_32: 0.0; line_121: 0.0; parcelle_150: 50.41227297093458; line_247: 0.0; line_340: 0.0; line_268: 0.0; parcelle_1: 321.40503274255343; line_243: 0.0; parcelle_51: 38.18834788680403; line_190: 0.0; line_423: 0.0; line_246: 0.0; line_62: 0.0; line_406: 0.0; line_58: 0.0; line_37: 0.0; line_205: 0.0; line_398: 0.0; line_166: 0.0; line_352: 0.0; line_72: 0.0; line_300: 0.0; line_209: 0.0; line_176: 0.0; line_197: 0.0; line_194: 0.0; line_158: 0.0; line_34: 0.0; line_267: 0.0; line_170: 0.0; line_29: 0.7775421745980169; line_432: 0.0; line_118: 0.0; line_42: 0.0; line_369: 7.226868249688455; line_324: 0.0; line_346: 0.0;NULL;NULL;NULL;parcelle_105: 0.0; parcelle_89: 337.3496072410296; parcelle_88: 0.0; parcelle_78: 0.0; parcelle_74: 0.0; parcelle_104: 767.8983999999999; parcelle_90: 646.8096; parcelle_83: 427.01321999999993; parcelle_82: 342.305069; parcelle_2: 317.98315099999996; parcelle_81: 808.384; parcelle_150: 0.0; parcelle_56: 715.8864; parcelle_51: 0.0; parcelle_1: 0.0; parcelle_72: 114.48785088000002; parcelle_52: 1890.8089200000002; parcelle_75: 270.564342; parcelle_76: 544.4856000000001; parcelle_77: 537.1768000000002; parcelle_79: 1044.5112; parcelle_80: 2120.4241932363702; parcelle_84: 0.0; parcelle_87: 1595.0904610000002; parcelle_5: 212.2892663; parcelle_4: 187.06265560441705; parcelle_42: 0.0; parcelle_3: 266.4728; parcelle_85: 1591.7976674633717; parcelle_86: 819.1243439999998; parcelle_103: 751.34043504;;;;;NULL;310;0;0;16309.265982765186;16309.265982765186;0.0;16309.265982765186;16309.265982765186;0.0;0.0;0.0;0;10
389;389;110.5;66;100;NULL;NULL;498.1267;473.3879;285, 291;181;NULL;22.39;0.422776435852255;148;112;left;420;0;0;66;NULL;0.0;0.0;420;0;0;283.2782487884884;283.2782487884884;0.0;251.97600229736042;251.97600229736042;0.0;NULL;31.302246491127967;11;0;0.0;0.0;NULL;NULL;;NULL;NULL;NULL;;NULL;line_389: 0.0;NULL;NULL;NULL;line_389: 31.302246491127967; line_285: 24.726631814834786; line_421: 0.44962211381624495;NULL;NULL;NULL;parcelle_44: 30.448982264038406; parcelle_21: 221.527020033322;;;;;NULL;420;0;0;283.2782487884884;283.2782487884884;0.0;251.97600229736042;251.97600229736042;0.0;31.302246491127967;0.0;11;0
390;390;94.25;54;73;NULL;NULL;522.6912;498.1482;325, 134;240;NULL;26.04;0.017975923049993;49;38;right;0;0;0;55;NULL;0.0;0.0;0;0;0;0.0;0.0;0.0;0.0;0.0;0.0;NULL;0.0;999;99;0.0;0.0;NULL;NULL;NULL;NULL;NULL;NULL;NULL;NULL;NULL;NULL;NULL;NULL;NULL;NULL;NULL;NULL;NULL;NULL;NULL;NULL;NULL;NULL;0;0;0;0.0;0.0;0.0;0.0;0.0;0.0;0.0;0.0;999;99
391;391;5.42;101;99;NULL;NULL;469.039;468.5849;131, 104;151, 349;NULL;8.38;0.882373366330656;212;161;right;0;0;0;67;NULL;0.0;0.0;0;0;0;0.0;0.0;0.0;0.0;0.0;0.0;NULL;0.0;999;99;0.0;0.0;NULL;NULL;NULL;NULL;NULL;NULL;NULL;NULL;NULL;NULL;NULL;NULL;NULL;NULL;NULL;NULL;NULL;NULL;NULL;NULL;NULL;NULL;0;0;0;0.0;0.0;0.0;0.0;0.0;0.0;0.0;0.0;999;99
392;392;81.89;84;85;NULL;NULL;498.5594;488.6707;29;369;NULL;12.08;0.633650955225177;124;94;right;0;0;0;86;NULL;0.0;0.0;0;0;0;0.0;0.0;0.0;0.0;0.0;0.0;NULL;0.0;999;99;0.0;0.0;NULL;NULL;NULL;NULL;NULL;NULL;NULL;NULL;NULL;NULL;NULL;NULL;NULL;NULL;NULL;NULL;NULL;NULL;NULL;NULL;NULL;NULL;0;0;0;0.0;0.0;0.0;0.0;0.0;0.0;0.0;0.0;999;99
393;393;10.09;92;135;NULL;NULL;470.0413;469.4443;99;36;NULL;5.92;0.958521789017376;184;140;left;310;0;0;135;NULL;0.0;0.0;310;0;0;1288.0690167746957;1136.6141515695438;151.45486520515198;1288.0690167746957;1288.0690167746957;0.0;NULL;0.0;0;1;0.0;0.0;NULL;NULL;;NULL;NULL;NULL;;NULL;;NULL;NULL;NULL;line_393: 0.0; line_99: 0.0; line_15: 0.0; line_204: 0.0; line_241: 0.0; line_324: 0.0; line_369: 0.9561900858417747; line_346: 0.0;NULL;NULL;NULL;parcelle_85: 6.982865006092209; parcelle_80: 1.8429406711532232; parcelle_84: 0.0; parcelle_92: 1173.9882544758855; parcelle_35: 105.25495662156482;;;;;NULL;310;0;0;1288.0690167746957;1136.6141515695438;151.45486520515198;1288.0690167746957;1288.0690167746957;0.0;0.0;0.0;0;1
394;394;188.05;142;143;NULL;NULL;421.2376;420.4846;114;171;NULL;0.4;0.815228886950457;518;382;left;0;0;0;143;NULL;0.0;0.0;0;0;0;0.0;0.0;0.0;0.0;0.0;0.0;NULL;0.0;999;99;0.0;0.0;NULL;NULL;NULL;NULL;NULL;NULL;NULL;NULL;NULL;NULL;NULL;NULL;NULL;NULL;NULL;NULL;NULL;NULL;NULL;NULL;NULL;NULL;0;0;0;0.0;0.0;0.0;0.0;0.0;0.0;0.0;0.0;999;99
395;395;9.36;89;104;NULL;NULL;492.6961;492.3543;417;356;NULL;3.65;0.978831682558744;101;78;left;420;0;0;104;NULL;0.0;0.0;420;0;0;43.769662848;0.0;43.769662848;43.76099052610055;0.9178577955637586;42.84313273053679;NULL;0.008672321899455685;0;0;0.0;0.0;NULL;NULL;parcelle_89: 42.84313273053679; parcelle_88: 0.0; parcelle_78: 0.0; parcelle_74: 0.0;NULL;NULL;NULL;;NULL;line_395: 0.0; parcelle_88: 1.3410353631983611; parcelle_78: 0.15012449880665324; parcelle_74: 0.0008215724334890471;NULL;NULL;NULL;line_395: 0.008672321899455685;NULL;NULL;NULL;parcelle_89: 0.9178577955637586; parcelle_88: 0.0; parcelle_78: 0.0; parcelle_74: 0.0;;;;;NULL;420;0;0;43.769662848;0.0;43.769662848;43.76099052610055;0.9178577955637586;42.84313273053679;0.008672321899455685;0.0;0;0
396;396;46.4;1;77;NULL;NULL;551.7134;546.9973;66;93;NULL;10.16;0.806754102715537;5;4;right;0;0;0;77;NULL;0.0;0.0;0;0;0;0.0;0.0;0.0;0.0;0.0;0.0;NULL;0.0;999;99;0.0;0.0;NULL;NULL;NULL;NULL;NULL;NULL;NULL;NULL;NULL;NULL;NULL;NULL;NULL;NULL;NULL;NULL;NULL;NULL;NULL;NULL;NULL;NULL;0;0;0;0.0;0.0;0.0;0.0;0.0;0.0;0.0;0.0;999;99
397;397;134.75;5;87;NULL;NULL;503.578;492.8355;133;269;NULL;7.97;0.958322574465133;108;83;left;0;0;0;87;NULL;0.0;0.0;0;0;0;0.0;0.0;0.0;0.0;0.0;0.0;NULL;0.0;999;99;0.0;0.0;NULL;NULL;NULL;NULL;NULL;NULL;NULL;NULL;NULL;NULL;NULL;NULL;NULL;NULL;NULL;NULL;NULL;NULL;NULL;NULL;NULL;NULL;0;0;0;0.0;0.0;0.0;0.0;0.0;0.0;0.0;0.0;999;99
398;398;84.49;77;76;NULL;NULL;526.5953;509.539;166, 93;243;NULL;20.19;0.550480740084996;32;26;left;310;0;0;4;NULL;0.0;0.0;310;0;0;1761.174349522917;1202.542943797317;558.6314057256001;1761.174349522917;1761.174349522917;0.0;NULL;0.0;0;1;0.0;0.0;NULL;NULL;;NULL;NULL;NULL;;NULL;;NULL;NULL;NULL;line_398: 0.0; parcelle_1: 866.6153125443327; parcelle_51: 64.60835839973029; line_166: 0.0; line_205: 0.0;NULL;NULL;NULL;parcelle_52: 1469.487347122917; parcelle_1: 0.0; parcelle_51: 0.0; parcelle_77: 291.6870024;;;;;NULL;310;0;0;1761.174349522917;1202.542943797317;558.6314057256001;1761.174349522917;1761.174349522917;0.0;0.0;0.0;0;1
399;399;133.81;129;61;NULL;NULL;424.7067;418.0278;237;316;NULL;4.99;0.936977446144687;513;379;right;310;0;0;18;NULL;0.0;0.0;310;0;0;5655.906711232747;5655.906711232747;0.0;5655.906711232747;5655.906711232747;0.0;NULL;0.0;0;3;0.0;0.0;NULL;NULL;;NULL;NULL;NULL;;NULL;;NULL;NULL;NULL;line_399: 0.0; line_237: 0.0; line_164: 0.0; line_354: 0.0; line_212: 0.0; line_278: 0.5350016187621879; line_67: 0.20150017374080842; line_371: 1.6097248731316283; line_100: 0.0; parcelle_23: 0.24819749322594856; line_53: 0.33565850511937545; line_8: 0.0; line_103: 0.0; line_302: 0.0; line_375: 0.0; line_260: 0.0; line_167: 0.0; line_383: 0.0; line_155: 0.0; line_52: 0.0; line_99: 0.0; line_15: 0.0; line_204: 0.0; line_241: 0.0; line_324: 0.0; line_369: 0.6218499213178409; line_346: 0.0; line_361: 0.0; line_409: 0.0; line_108: 0.0; line_319: 0.0; line_20: 0.0; line_36: 0.0; line_393: 0.0; line_82: 0.0; line_22: 0.0; line_27: 0.0;NULL;NULL;NULL;parcelle_85: 4.541245636100524; parcelle_80: 1.198540466293561; parcelle_84: 0.0; parcelle_92: 837.3933808575423; parcelle_35: 255.009148095928; parcelle_93: 0.0; parcelle_95: 11.990341718094053; parcelle_59: 5.845690327709671; parcelle_135: 195.54701996033714; parcelle_106: 164.88923253722018; parcelle_13: 319.4016445492621; parcelle_36: 12.984798193878058; parcelle_107: 571.7107258026651; parcelle_12: 184.21383427861488; parcelle_109: 420.50543574319465; parcelle_136: 73.57906381748246; parcelle_137: 281.05246645409306; parcelle_128: 1134.4259003446894; parcelle_108: 614.9678043065096; parcelle_112: 273.3045224579441; parcelle_111: 166.3731572267298; parcelle_110: 95.5379816417108; parcelle_113: 31.43477681674653; parcelle_23: 0.0;;;;;NULL;310;0;0;5655.906711232747;5655.906711232747;0.0;5655.906711232747;5655.906711232747;0.0;0.0;0.0;0;3
400;400;11.95;59;94;NULL;NULL;452.5389;452.1281;155;NULL;NULL;3.44;0.484504290844398;246;185;right;0;0;0;94;NULL;0.0;0.0;0;0;0;0.0;0.0;0.0;0.0;0.0;0.0;NULL;0.0;999;99;0.0;0.0;NULL;NULL;NULL;NULL;NULL;NULL;NULL;NULL;NULL;NULL;NULL;NULL;NULL;NULL;NULL;NULL;NULL;NULL;NULL;NULL;NULL;NULL;0;0;0;0.0;0.0;0.0;0.0;0.0;0.0;0.0;0.0;999;99
401;401;99.27;146;145;NULL;NULL;436.6184;416.7;208;180;NULL;20.06;0.383328328644433;505;374;right;310;0;0;19;NULL;0.0;0.0;310;0;0;0.0;0.0;0.0;0.0;0.0;0.0;19.0;0.0;0;0;0.0;0.0;NULL;NULL;;NULL;NULL;NULL;;NULL;;NULL;NULL;NULL;line_401: 0.0; parcelle_146: 926.6695070280332; line_96: 0.0;NULL;NULL;NULL;parcelle_146: 0.0; parcelle_31: 0.0; parcelle_49: 0.0; parcelle_30: 0.0;;;;;NULL;310;0;0;0.0;0.0;0.0;0.0;0.0;0.0;0.0;0.0;0;0
402;402;87.5;15;16;NULL;NULL;439.2948;429.7834;NULL;148;NULL;10.87;0.503321604797103;438;328;right;310;0;0;142;NULL;0.0;0.0;310;0;0;1682.535831805704;0.0;1682.535831805704;1682.535831805704;1682.535831805704;0.0;NULL;0.0;0;1;0.0;0.0;NULL;NULL;;NULL;NULL;NULL;;NULL;;NULL;NULL;NULL;line_402: 0.0; line_410: 0.0;NULL;NULL;NULL;parcelle_15: 531.175223654; parcelle_24: 1015.84526517984; parcelle_40: 4.627817091863999; parcelle_47: 130.88752588;;;;;NULL;310;0;0;1682.535831805704;0.0;1682.535831805704;1682.535831805704;1682.535831805704;0.0;0.0;0.0;0;1
403;403;109.05;13;12;NULL;NULL;477.5904;477.5233;231;172;NULL;0.06;0.795156077043205;176;133;left;0;0;0;112;NULL;0.0;0.0;0;0;0;0.0;0.0;0.0;0.0;0.0;0.0;NULL;0.0;999;99;0.0;0.0;NULL;NULL;NULL;NULL;NULL;NULL;NULL;NULL;NULL;NULL;NULL;NULL;NULL;NULL;NULL;NULL;NULL;NULL;NULL;NULL;NULL;NULL;0;0;0;0.0;0.0;0.0;0.0;0.0;0.0;0.0;0.0;999;99
404;404;27.86;23;113;NULL;NULL;467.0609;465.0032;357;384, 49;NULL;7.39;0.275637355816999;257;193;left;0;0;0;113;NULL;0.0;0.0;0;0;0;0.0;0.0;0.0;0.0;0.0;0.0;NULL;0.0;999;99;0.0;0.0;NULL;NULL;NULL;NULL;NULL;NULL;NULL;NULL;NULL;NULL;NULL;NULL;NULL;NULL;NULL;NULL;NULL;NULL;NULL;NULL;NULL;NULL;0;0;0;0.0;0.0;0.0;0.0;0.0;0.0;0.0;0.0;999;99
405;405;78.18;149;71;NULL;NULL;415.1;414.3;17;329;NULL;1.02;0.973975967279051;553;405;left;0;0;0;70;NULL;0.0;0.0;0;0;0;0.0;0.0;0.0;0.0;0.0;0.0;NULL;0.0;999;99;0.0;0.0;NULL;NULL;NULL;NULL;NULL;NULL;NULL;NULL;NULL;NULL;NULL;NULL;NULL;NULL;NULL;NULL;NULL;NULL;NULL;NULL;NULL;NULL;0;0;0;0.0;0.0;0.0;0.0;0.0;0.0;0.0;0.0;999;99
406;406;94.21;56;73;NULL;NULL;524.5454;517.9541;327;117, 62;NULL;7.0;0.994558322094716;25;20;left;310;0;0;73;NULL;0.0;0.0;310;0;0;498.22455052799995;0.0;498.22455052799995;498.22455052799995;498.22455052799995;0.0;NULL;0.0;0;0;0.0;0.0;NULL;NULL;;NULL;NULL;NULL;;NULL;;NULL;NULL;NULL;line_406: 0.0; parcelle_51: 64.476876578328; parcelle_1: 115.95835329626793;NULL;NULL;NULL;parcelle_56: 429.53184; parcelle_51: 0.0; parcelle_1: 0.0; parcelle_72: 68.69271052799999;;;;;NULL;310;0;0;498.22455052799995;0.0;498.22455052799995;498.22455052799995;498.22455052799995;0.0;0.0;0.0;0;0
407;407;57.13;31;14;NULL;NULL;446.8936;435.8054;109;160, 135;NULL;19.41;0.199367934417197;398;299;right;310;0;0;145;NULL;0.0;0.0;310;0;0;572.5995419516465;97.35713812707051;475.24240382457606;572.5995419516465;572.5995419516465;0.0;NULL;0.0;0;0;0.0;0.0;NULL;NULL;;NULL;NULL;NULL;;NULL;;NULL;NULL;NULL;line_407: 0.0; line_109: 0.0; line_242: 0.0;NULL;NULL;NULL;parcelle_49: 43.13084162457601; parcelle_40: 97.35713812707051; parcelle_31: 432.1115622000001;;;;;NULL;310;0;0;572.5995419516465;97.35713812707051;475.24240382457606;572.5995419516465;572.5995419516465;0.0;0.0;0.0;0;0
408;408;144.28;102;9;NULL;NULL;449.2338;438.9483;248;379;NULL;NULL;0.0;572;422;right;700;0;0;133;248:same_direction;0.19235;0.95351;700;0;0;0.0;0.0;0.0;0.0;0.0;0.0;NULL;0.0;0;0;0.0;0.0;NULL;NULL;parcelle_102: 0.0; parcelle_57: 0.0; parcelle_33: 0.0; parcelle_32: 0.0; parcelle_21: 0.0; parcelle_44: 0.0; parcelle_58: 0.0; parcelle_41: 0.0; parcelle_63: 0.0; parcelle_9: 0.0;NULL;NULL;NULL;parcelle_9: 38.171724; parcelle_102: 2270.31849611075; line_281: 0.0; line_292: 0.0; line_165: 0.0; line_421: 0.0; line_326: 0.0; line_419: 0.0; line_206: 0.0; line_163: 0.0;NULL;;NULL;NULL;NULL;;NULL;NULL;NULL;;;;;;NULL;700;0;0;0.0;0.0;0.0;0.0;0.0;0.0;0.0;0.0;0;0
409;409;101.31;135;137;NULL;NULL;457.1563;447.9009;108;361, 303;NULL;9.14;0.992396519437701;320;240;right;310;0;0;136;NULL;0.0;0.0;310;0;0;7834.2026528550905;7641.35876933509;192.84388352;7834.2026528550905;7834.2026528550905;0.0;NULL;0.0;0;5;0.0;0.0;NULL;NULL;;NULL;NULL;NULL;;NULL;;NULL;NULL;NULL;line_409: 0.0; line_108: 0.0; line_319: 0.0; line_20: 0.0; line_36: 0.0; line_393: 0.0; line_99: 0.0; line_15: 0.0; line_204: 0.0; line_241: 0.0; line_324: 0.0; line_369: 0.9561900858417747; line_346: 0.0; line_82: 0.0; line_22: 0.0;NULL;NULL;NULL;parcelle_85: 6.982865006092209; parcelle_80: 1.8429406711532232; parcelle_84: 0.0; parcelle_92: 1751.9077566198855; parcelle_35: 789.6365804649959; parcelle_106: 719.5128; parcelle_13: 925.9069165390192; parcelle_36: 27.693822009944558; parcelle_107: 2494.72436; parcelle_12: 325.47299022400006; parcelle_109: 597.6777378000002; parcelle_135: 192.84388352;;;;;NULL;310;0;0;7834.2026528550905;7641.35876933509;192.84388352;7834.2026528550905;7834.2026528550905;0.0;0.0;0.0;0;5
410;410;89.46;40;47;NULL;NULL;454.7019;445.7158;30;254, 320;NULL;10.04;0.723087716625711;361;271;right;310;0;0;15;NULL;0.0;0.0;310;0;0;6.158106576;0.0;6.158106576;6.158106576;6.158106576;0.0;15.0;0.0;0;0;0.0;0.0;NULL;NULL;;NULL;NULL;NULL;;NULL;;NULL;NULL;NULL;line_410: 0.0;NULL;NULL;NULL;parcelle_40: 6.158106576;;;;;NULL;310;0;0;6.158106576;0.0;6.158106576;6.158106576;6.158106576;0.0;0.0;0.0;0;0
411;411;46.45;128;127;NULL;NULL;425.3813;424.2286;164;305;NULL;2.48;0.837050902177404;479;357;left;310;0;0;127;NULL;0.0;0.0;310;0;0;3553.185360355838;1870.2198191809616;1682.9655411748763;3553.185360355838;3553.185360355838;0.0;NULL;0.0;0;2;0.0;0.0;NULL;NULL;;NULL;NULL;NULL;;NULL;;NULL;NULL;NULL;line_411: 0.0; line_354: 0.0; line_212: 0.0; line_278: 0.5260599356562518; line_67: 0.19813242561408306; line_371: 1.582820936398524; line_100: 0.0; parcelle_23: 0.24404927524999387; line_53: 0.11099107902614017; line_164: 0.0; line_8: 0.0; line_103: 0.0; line_302: 0.0; line_375: 0.0; line_260: 0.0; line_167: 0.0; line_383: 0.0; line_155: 0.0; line_52: 0.0; line_99: 0.0; line_15: 0.0; line_204: 0.0; line_241: 0.0; line_324: 0.0; line_369: 0.20562504064909942; line_346: 0.0; line_361: 0.0; line_409: 0.0; line_108: 0.0; line_319: 0.0; line_20: 0.0; line_36: 0.0; line_393: 0.0; line_82: 0.0; line_22: 0.0; line_27: 0.0;NULL;NULL;NULL;parcelle_85: 1.5016385570039068; parcelle_80: 0.3963173808544042; parcelle_84: 0.0; parcelle_92: 276.89807793689397; parcelle_35: 99.39278878447873; parcelle_93: 0.0; parcelle_95: 3.9648063281164334; parcelle_59: 1.9329749350293313; parcelle_135: 64.66088126688481; parcelle_106: 54.52337289230748; parcelle_13: 150.06465263207178; parcelle_36: 7.862586440532914; parcelle_107: 189.04567999874794; parcelle_12: 98.22568497121895; parcelle_109: 207.5917302241765; parcelle_136: 24.330143768980868; parcelle_137: 95.45879756326862; parcelle_128: 1115.4658139593105; parcelle_108: 604.6896162905842; parcelle_112: 268.7366812673094; parcelle_111: 163.59250012760282; parcelle_110: 93.94121945172449; parcelle_113: 30.90939557873925; parcelle_23: 0.0;;;;;NULL;310;0;0;3553.185360355838;1870.2198191809616;1682.9655411748763;3553.185360355838;3553.185360355838;0.0;0.0;0.0;0;2
412;412;36.62;35;36;NULL;NULL;494.957;491.1144;318;228, 218;NULL;10.49;0.079850977983059;136;103;right;0;0;0;36;NULL;0.0;0.0;0;0;0;0.0;0.0;0.0;0.0;0.0;0.0;NULL;0.0;999;99;0.0;0.0;NULL;NULL;NULL;NULL;NULL;NULL;NULL;NULL;NULL;NULL;NULL;NULL;NULL;NULL;NULL;NULL;NULL;NULL;NULL;NULL;NULL;NULL;0;0;0;0.0;0.0;0.0;0.0;0.0;0.0;0.0;0.0;999;99
413;413;42.76;104;25;NULL;NULL;473.934;472.2194;330;280, 252;NULL;4.01;0.93569057484167;191;145;right;310;0;0;7;NULL;0.0;0.0;310;0;0;15133.907726107116;14939.329758251788;194.57796785532884;15133.907726107116;15133.907726107116;0.0;NULL;0.0;0;9;0.0;0.0;NULL;NULL;;NULL;NULL;NULL;;NULL;;NULL;NULL;NULL;line_413: 0.0; line_395: 0.008672321899455685; parcelle_88: 1.4293587180056475; parcelle_78: 5.325569252418823; parcelle_74: 26.302747704759387; line_253: 0.0; parcelle_105: 4.119763347627727; line_330: 0.0; line_220: 0.0; line_356: 0.0; line_125: 16.382003451263937; line_333: 1.1058817524963738; line_133: 0.019940209050705687; line_179: 0.0; line_301: 0.0; line_322: 0.0; line_360: 0.0; line_43: 0.3391804492946029; parcelle_42: 490.46421263854836; line_32: 0.0; line_121: 0.0; parcelle_150: 50.41227297093458; line_247: 0.0; line_340: 0.0; line_268: 0.0; parcelle_1: 321.40503274255343; line_243: 0.0; parcelle_51: 38.18834788680403; line_190: 0.0; line_423: 0.0; line_246: 0.0; line_62: 0.0; line_406: 0.0; line_58: 0.0; line_37: 0.0; line_205: 0.0; line_398: 0.0; line_166: 0.0; line_352: 0.0; line_72: 0.0; line_300: 0.0; line_209: 0.0; line_176: 0.0; line_197: 0.0; line_194: 0.0; line_158: 0.0; line_34: 0.0; line_267: 0.0; line_170: 0.0; line_29: 0.7775421745980169; line_432: 0.0; line_118: 0.0; line_42: 0.0; line_369: 7.226868249688455; line_324: 0.0; line_346: 0.0;NULL;NULL;NULL;parcelle_89: 314.94264882295886; parcelle_88: 0.0; parcelle_78: 0.0; parcelle_74: 0.0; parcelle_90: 646.8096; parcelle_83: 427.01321999999993; parcelle_82: 342.305069; parcelle_2: 317.98315099999996; parcelle_81: 808.384; parcelle_150: 0.0; parcelle_56: 715.8864; parcelle_51: 0.0; parcelle_1: 0.0; parcelle_72: 114.48785088000002; parcelle_52: 1890.8089200000002; parcelle_75: 270.564342; parcelle_76: 544.4856000000001; parcelle_77: 537.1768000000002; parcelle_79: 1044.5112; parcelle_80: 2120.4241932363702; parcelle_84: 0.0; parcelle_87: 1595.0904610000002; parcelle_5: 212.2892663; parcelle_4: 187.06265560441705; parcelle_42: 0.0; parcelle_3: 266.4728; parcelle_85: 1591.7976674633717; parcelle_86: 819.1243439999998; parcelle_104: 366.2875368; parcelle_105: 0.0;;;;;NULL;310;0;0;15133.907726107116;14939.329758251788;194.57796785532884;15133.907726107116;15133.907726107116;0.0;0.0;0.0;0;9
414;414;152.97;44;66;NULL;NULL;506.9949;506.9869;337;285;NULL;0.01;0.749995637511877;54;42;right;0;0;0;66;NULL;0.0;0.0;0;0;0;0.0;0.0;0.0;0.0;0.0;0.0;NULL;0.0;999;99;0.0;0.0;NULL;NULL;NULL;NULL;NULL;NULL;NULL;NULL;NULL;NULL;NULL;NULL;NULL;NULL;NULL;NULL;NULL;NULL;NULL;NULL;NULL;NULL;0;0;0;0.0;0.0;0.0;0.0;0.0;0.0;0.0;0.0;999;99
415;415;84.16;NULL;NULL;36;NULL;494.957;482.2619;318;201, 362;NULL;15.08;0.0;153;116;right;0;0;0;112;NULL;0.0;0.0;0;0;0;0.0;0.0;0.0;0.0;0.0;0.0;NULL;0.0;999;99;0.0;0.0;NULL;NULL;NULL;NULL;NULL;NULL;NULL;NULL;NULL;NULL;NULL;NULL;NULL;NULL;NULL;NULL;NULL;NULL;NULL;NULL;NULL;NULL;0;0;0;0.0;0.0;0.0;0.0;0.0;0.0;0.0;0.0;999;99
416;416;25.73;100;69;NULL;NULL;472.4718;471.07;181, 124;245;NULL;NULL;0.0;566;416;right;700;0;0;99;181:different_direction, 124:dwn;0.90916;0.99335;700;0;0;0.0;0.0;0.0;0.0;0.0;0.0;NULL;0.0;0;0;0.0;0.0;NULL;NULL;parcelle_100: 0.0; parcelle_21: 0.0; parcelle_44: 0.0; parcelle_32: 0.0; parcelle_58: 0.0; parcelle_33: 0.0; parcelle_69: 0.0; parcelle_103: 0.0; parcelle_105: 0.0; parcelle_89: 0.0; parcelle_88: 0.0; parcelle_78: 0.0; parcelle_74: 0.0;NULL;NULL;NULL;parcelle_69: 74.21635351088; line_11: 0.0; parcelle_105: 25.94142358773481; parcelle_88: 0.5871157994632684; parcelle_78: 0.06572568297205543; parcelle_74: 0.00035969085479929745; parcelle_100: 731.8331303027439; line_421: 0.0; line_26: 0.0; line_165: 0.0; line_326: 0.0; line_419: 0.0;NULL;;NULL;NULL;NULL;;NULL;NULL;NULL;;;;;;NULL;700;0;0;0.0;0.0;0.0;0.0;0.0;0.0;0.0;0.0;0;0
417;417;85.27;89;105;NULL;NULL;495.1375;492.6961;98;253, 395;NULL;2.86;0.986827496188658;100;77;left;0;0;0;104;NULL;0.0;0.0;0;0;0;0.0;0.0;0.0;0.0;0.0;0.0;NULL;0.0;999;99;0.0;0.0;NULL;NULL;NULL;NULL;NULL;NULL;NULL;NULL;NULL;NULL;NULL;NULL;NULL;NULL;NULL;NULL;NULL;NULL;NULL;NULL;NULL;NULL;0;0;0;0.0;0.0;0.0;0.0;0.0;0.0;0.0;0.0;999;99
418;418;87.15;120;119;NULL;NULL;436.7927;428.6259;188;178;NULL;9.37;0.022338356193574;485;361;right;0;0;0;119;NULL;0.0;0.0;0;0;0;0.0;0.0;0.0;0.0;0.0;0.0;NULL;0.0;999;99;0.0;0.0;NULL;NULL;NULL;NULL;NULL;NULL;NULL;NULL;NULL;NULL;NULL;NULL;NULL;NULL;NULL;NULL;NULL;NULL;NULL;NULL;NULL;NULL;0;0;0;0.0;0.0;0.0;0.0;0.0;0.0;0.0;0.0;999;99
419;419;55.03;33;58;NULL;NULL;489.9079;487.3439;326, 273;256, 292;NULL;4.66;0.112509542227849;150;113;right;420;0;0;57;NULL;0.0;0.0;420;0;0;733.4856187183295;684.3930504821287;49.09256823620077;693.4258568525787;687.9024744735343;5.523382379044389;NULL;40.059761865750865;5;0;0.0;0.0;NULL;NULL;parcelle_33: 5.001715302125817; parcelle_32: 0.499689594259936; parcelle_21: 0.02008236617938497; parcelle_44: 0.0018951164792509172;NULL;NULL;NULL;;NULL;line_419: 0.0; line_165: 0.0; line_421: 0.0;NULL;NULL;NULL;line_419: 40.059761865750865; line_326: 97.70786770970591; line_26: 0.7567930338938085; line_165: 12.468077408364294;NULL;NULL;NULL;parcelle_21: 140.86294358266204; parcelle_44: 13.292840261688244; parcelle_32: 496.46365002961863; parcelle_33: 37.28304059956521;;;;;NULL;420;0;0;733.4856187183295;684.3930504821287;49.09256823620077;693.4258568525787;687.9024744735343;5.523382379044389;40.059761865750865;0.0;5;0
420;420;89.92;NULL;NULL;22;NULL;450.4421;437.9846;177;57, 358;NULL;13.85;0.0;425;318;right;0;0;0;117;NULL;0.0;0.0;0;0;0;0.0;0.0;0.0;0.0;0.0;0.0;NULL;0.0;999;99;0.0;0.0;NULL;NULL;NULL;NULL;NULL;NULL;NULL;NULL;NULL;NULL;NULL;NULL;NULL;NULL;NULL;NULL;NULL;NULL;NULL;NULL;NULL;NULL;0;0;0;0.0;0.0;0.0;0.0;0.0;0.0;0.0;0.0;999;99
421;421;37.11;44;21;NULL;NULL;508.9941;506.9869;68;285;NULL;5.41;0.900242795533029;56;44;left;420;0;0;66;NULL;0.0;0.0;420;0;0;121.45417223999999;0.0;121.45417223999999;121.00455012618374;11.666306579696148;109.3382435464876;NULL;0.44962211381624495;0;0;0.0;0.0;NULL;NULL;parcelle_44: 109.3382435464876;NULL;NULL;NULL;;NULL;line_421: 0.0;NULL;NULL;NULL;line_421: 0.44962211381624495;NULL;NULL;NULL;parcelle_44: 11.666306579696148;;;;;NULL;420;0;0;121.45417223999999;0.0;121.45417223999999;121.00455012618374;11.666306579696148;109.3382435464876;0.44962211381624495;0.0;0;0
422;422;58.7;NULL;NULL;65;NULL;532.5331;524.9116;150;337, 68;NULL;12.98;0.0;47;37;left;0;0;0;65;NULL;0.0;0.0;0;0;0;0.0;0.0;0.0;0.0;0.0;0.0;NULL;0.0;999;99;0.0;0.0;NULL;NULL;NULL;NULL;NULL;NULL;NULL;NULL;NULL;NULL;NULL;NULL;NULL;NULL;NULL;NULL;NULL;NULL;NULL;NULL;NULL;NULL;0;0;0;0.0;0.0;0.0;0.0;0.0;0.0;0.0;0.0;999;99
423;423;14.3;76;74;NULL;NULL;514.7998;513.7496;195, 246;190, 24;NULL;7.34;0.440409315667643;40;31;left;310;0;0;4;NULL;0.0;0.0;310;0;0;1384.167460282683;1345.508982682683;38.6584776;1384.167460282683;1384.167460282683;0.0;NULL;0.0;0;1;0.0;0.0;NULL;NULL;;NULL;NULL;NULL;;NULL;;NULL;NULL;NULL;line_423: 0.0; line_246: 0.0; line_62: 0.0; parcelle_51: 116.10774103824733; parcelle_1: 281.9026697712618; line_406: 0.0; line_58: 0.0; line_37: 0.0; line_205: 0.0;NULL;NULL;NULL;parcelle_56: 715.8863999999999; parcelle_51: 0.0; parcelle_1: 0.0; parcelle_72: 114.48785088; parcelle_52: 196.65565700268294; parcelle_75: 270.564342; parcelle_76: 86.5732104;;;;;NULL;310;0;0;1384.167460282683;1345.508982682683;38.6584776;1384.167460282683;1384.167460282683;0.0;0.0;0.0;0;1
424;424;83.84;138;64;NULL;NULL;464.4419;454.5796;429;191, 107;NULL;11.76;0.256289373132997;306;229;right;420;0;0;139;NULL;0.0;0.0;420;0;0;53.34980375999999;0.0;53.34980375999999;50.02329950676278;36.35031174434398;13.672987762418805;NULL;3.326504253237207;6;0;0.0;0.0;NULL;NULL;parcelle_138: 13.6729877624188;NULL;NULL;NULL;;NULL;line_424: 0.0;NULL;NULL;NULL;line_424: 3.326504253237207; line_429: 0.0;NULL;NULL;NULL;parcelle_138: 36.35031174434398;;;;;NULL;420;0;0;53.34980375999999;0.0;53.34980375999999;50.02329950676278;36.35031174434398;13.672987762418805;3.326504253237207;0.0;6;0
425;425;200.33;NULL;NULL;NULL;1;535.0539;507.0722;NULL;428;NULL;NULL;0.0;1;1;right;700;0;0;55;NULL;0.7361;0.7361;700;0;0;0.0;0.0;0.0;0.0;0.0;0.0;NULL;0.0;0;0;0.0;0.0;NULL;NULL;;NULL;NULL;NULL;;NULL;;NULL;NULL;NULL;;NULL;NULL;NULL;;;;;;NULL;700;0;0;0.0;0.0;0.0;0.0;0.0;0.0;0.0;0.0;0;0
426;426;229.26;NULL;NULL;NULL;1;526.1896;507.7705;NULL;427;NULL;NULL;0.0;0;0;left;700;0;0;55;NULL;0.0553;0.0553;700;0;0;0.0;0.0;0.0;0.0;0.0;0.0;NULL;0.0;0;0;0.0;0.0;NULL;NULL;;NULL;NULL;NULL;;NULL;;NULL;NULL;NULL;;NULL;NULL;NULL;;;;;;NULL;700;0;0;0.0;0.0;0.0;0.0;0.0;0.0;0.0;0.0;0;0
427;427;29.45;1;55;NULL;NULL;507.7705;507.0722;426;428;NULL;NULL;0.0;559;409;right;700;0;0;55;426:different_direction;0.57843;0.62905;700;0;0;0.0;0.0;0.0;0.0;0.0;0.0;NULL;0.0;0;0;0.0;0.0;NULL;NULL;parcelle_55: 0.0; parcelle_1: 0.0; parcelle_54: 0.0; parcelle_72: 0.0; parcelle_51: 0.0;NULL;NULL;NULL;parcelle_55: 138.69977612711628; parcelle_1: 972.8012380058309; parcelle_51: 9.542841322241522;NULL;;NULL;NULL;NULL;;NULL;NULL;NULL;;;;;;NULL;700;0;0;0.0;0.0;0.0;0.0;0.0;0.0;0.0;0.0;0;0
428;428;130.37;1;55;NULL;NULL;507.0722;498.0039;425, 427;126;NULL;NULL;0.0;560;410;left;700;0;0;55;425:different_direction, 427:different_direction;0.54742;0.95366;700;0;0;0.0;0.0;0.0;0.0;0.0;0.0;NULL;0.0;0;0;0.0;0.0;NULL;NULL;parcelle_55: 0.0; parcelle_1: 0.0; parcelle_54: 0.0; parcelle_72: 0.0; parcelle_51: 0.0;NULL;NULL;NULL;parcelle_55: 612.2294805610992; parcelle_1: 4294.005464635113; parcelle_51: 42.122698023956715;NULL;;NULL;NULL;NULL;;NULL;NULL;NULL;;;;;;NULL;700;0;0;0.0;0.0;0.0;0.0;0.0;0.0;0.0;0.0;0;0
429;429;34.62;NULL;NULL;64;NULL;467.3043;464.4419;154;424, 223;NULL;8.27;0.0;298;223;left;420;0;0;138;NULL;0.0;0.0;420;0;0;0.0;0.0;0.0;0.0;0.0;0.0;NULL;0.0;0;0;0.0;0.0;NULL;NULL;;NULL;NULL;NULL;;NULL;line_429: 0.0;NULL;NULL;NULL;line_429: 0.0;NULL;NULL;NULL;;;;;;NULL;420;0;0;0.0;0.0;0.0;0.0;0.0;0.0;0.0;0.0;0;0
430;430;103.95;150;79;NULL;NULL;539.1;518.9185;306;72;NULL;19.41;0.299207334056469;39;30;left;0;0;0;81;NULL;0.0;0.0;0;0;0;0.0;0.0;0.0;0.0;0.0;0.0;NULL;0.0;999;99;0.0;0.0;NULL;NULL;NULL;NULL;NULL;NULL;NULL;NULL;NULL;NULL;NULL;NULL;NULL;NULL;NULL;NULL;NULL;NULL;NULL;NULL;NULL;NULL;0;0;0;0.0;0.0;0.0;0.0;0.0;0.0;0.0;0.0;999;99
431;431;139.25;53;9;NULL;NULL;450.497;442.276;370;122;NULL;5.9;0.982774447059331;334;251;left;310;0;0;133;NULL;0.0;0.0;310;0;0;1745.7920691479858;0.0;1745.7920691479858;1745.7920691479858;1745.7920691479858;0.0;NULL;0.0;0;1;0.0;0.0;NULL;NULL;;NULL;NULL;NULL;;NULL;;NULL;NULL;NULL;line_431: 0.0;NULL;NULL;NULL;parcelle_53: 837.124013432; parcelle_25: 387.5908109478001; parcelle_26: 18.682158218185798; parcelle_7: 502.39508655000003;;;;;NULL;310;0;0;1745.7920691479858;0.0;1745.7920691479858;1745.7920691479858;1745.7920691479858;0.0;0.0;0.0;0;1
432;432;84.27;80;83;NULL;NULL;498.4019;492.1466;118;170;NULL;7.42;0.459579860621488;86;67;left;310;0;0;87;NULL;0.0;0.0;310;0;0;1530.6245143846065;635.1452215226067;895.4792928619999;1530.6245143846065;1530.6245143846065;0.0;NULL;0.0;0;1;0.0;0.0;NULL;NULL;;NULL;NULL;NULL;;NULL;;NULL;NULL;NULL;line_432: 0.0; line_118: 0.0; line_247: 0.0; parcelle_150: 19.126049685759977;NULL;NULL;NULL;parcelle_81: 183.12098517360667; parcelle_150: 0.0; parcelle_80: 1347.503529211;;;;;NULL;310;0;0;1530.6245143846065;635.1452215226067;895.4792928619999;1530.6245143846065;1530.6245143846065;0.0;0.0;0.0;0;1
433;433;56.48;130;142;NULL;NULL;429.9843;420.4846;342;171;NULL;16.82;0.267574730273953;510;377;left;310;0;0;143;NULL;0.0;0.0;310;0;0;0.0;0.0;0.0;0.0;0.0;0.0;NULL;0.0;0;0;0.0;0.0;NULL;NULL;;NULL;NULL;NULL;;NULL;;NULL;NULL;NULL;line_433: 0.0;NULL;NULL;NULL;;;;;;NULL;310;0;0;0.0;0.0;0.0;0.0;0.0;0.0;0.0;0.0;0;0
